Model,Fold,Feature,Importance
LogReg_Gene,1,11715380_s_at,0.1391623759579194
LogReg_Gene,1,11715670_a_at,0.19402901147486304
LogReg_Gene,1,11715671_x_at,0.18957844685503245
LogReg_Gene,1,11715946_a_at,0.146437975338542
LogReg_Gene,1,11716395_a_at,0.1255111788357067
LogReg_Gene,1,11717186_a_at,-0.13628237915073224
LogReg_Gene,1,11718864_s_at,-0.09050604822494879
LogReg_Gene,1,11719368_s_at,-0.13358281138426303
LogReg_Gene,1,11719995_a_at,-0.12360471014883825
LogReg_Gene,1,11720172_s_at,-0.09975718782949025
LogReg_Gene,1,11721693_a_at,0.15436802828815302
LogReg_Gene,1,11722150_a_at,-0.14489844052057416
LogReg_Gene,1,11722151_a_at,-0.13094022912395323
LogReg_Gene,1,11722152_s_at,-0.12085675958130043
LogReg_Gene,1,11723945_s_at,0.20391639175595258
LogReg_Gene,1,11725324_x_at,0.10325496978634695
LogReg_Gene,1,11726871_s_at,0.15593272649871467
LogReg_Gene,1,11727495_at,-0.17678893096728343
LogReg_Gene,1,11728388_at,0.2349077795296584
LogReg_Gene,1,11728389_at,0.2381569125653091
LogReg_Gene,1,11729059_x_at,0.14820983176310398
LogReg_Gene,1,11730049_at,0.14088481776271722
LogReg_Gene,1,11730732_at,0.14377280264246192
LogReg_Gene,1,11730733_x_at,0.13635768274525786
LogReg_Gene,1,11731181_a_at,0.13157456019779976
LogReg_Gene,1,11733087_a_at,0.19473197996513797
LogReg_Gene,1,11733088_at,0.13786248568761614
LogReg_Gene,1,11733879_a_at,-0.1256782030779652
LogReg_Gene,1,11733889_a_at,-0.28245017413620416
LogReg_Gene,1,11736610_a_at,-0.11811639138970534
LogReg_Gene,1,11736611_s_at,-0.14521697098210395
LogReg_Gene,1,11736612_x_at,-0.11930370998580545
LogReg_Gene,1,11737034_a_at,-0.1662923306310046
LogReg_Gene,1,11737486_s_at,-0.24266117698071119
LogReg_Gene,1,11739025_a_at,-0.17944453888957082
LogReg_Gene,1,11739168_a_at,0.12924878156971517
LogReg_Gene,1,11739487_s_at,-0.14322012357146852
LogReg_Gene,1,11739936_a_at,-0.10134830949870131
LogReg_Gene,1,11744574_x_at,-0.1423948250370612
LogReg_Gene,1,11745779_a_at,-0.13051050110079865
LogReg_Gene,1,11746095_a_at,-0.11660018919350115
LogReg_Gene,1,11746341_a_at,-0.10411498406706728
LogReg_Gene,1,11750824_a_at,-0.20233450480949944
LogReg_Gene,1,11754183_s_at,-0.18365460215349064
LogReg_Gene,1,11755612_s_at,-0.16456392653354612
LogReg_Gene,1,11755842_a_at,-0.1634969351877478
LogReg_Gene,1,11758264_s_at,-0.1522081155567133
LogReg_Gene,1,11758454_s_at,-0.14811968986628818
LogReg_Gene,1,11758475_s_at,-0.10937109444123413
LogReg_Gene,1,11758776_s_at,-0.12226916967597294
LogReg_Gene,2,11715380_s_at,0.11519362814442403
LogReg_Gene,2,11716395_a_at,0.1156973197843442
LogReg_Gene,2,11717186_a_at,-0.09921024286475084
LogReg_Gene,2,11718777_at,-0.09550500972372536
LogReg_Gene,2,11718863_at,-0.07813790061985104
LogReg_Gene,2,11718864_s_at,-0.09044869773096537
LogReg_Gene,2,11719368_s_at,-0.10661260291412811
LogReg_Gene,2,11719995_a_at,-0.13970226968193106
LogReg_Gene,2,11722150_a_at,-0.196751067513146
LogReg_Gene,2,11722151_a_at,-0.17704313735130442
LogReg_Gene,2,11722152_s_at,-0.14380593416119075
LogReg_Gene,2,11722262_at,-0.23719531821237735
LogReg_Gene,2,11723834_at,-0.1523761161532128
LogReg_Gene,2,11723876_at,0.17786773944762646
LogReg_Gene,2,11723945_s_at,0.24567122513128206
LogReg_Gene,2,11724283_a_at,0.13135744157849136
LogReg_Gene,2,11726693_s_at,0.11828576469577792
LogReg_Gene,2,11726769_a_at,0.14282122877027492
LogReg_Gene,2,11726770_x_at,0.14395767263587586
LogReg_Gene,2,11726871_s_at,0.19716529008522124
LogReg_Gene,2,11729035_at,0.11918422481937267
LogReg_Gene,2,11729059_x_at,0.14689982412540042
LogReg_Gene,2,11730049_at,0.1257765067988622
LogReg_Gene,2,11730294_a_at,-0.11008023445813009
LogReg_Gene,2,11730732_at,0.16849147153877858
LogReg_Gene,2,11730733_x_at,0.1528352881894734
LogReg_Gene,2,11733087_a_at,0.22380727224146021
LogReg_Gene,2,11733088_at,0.15706093274666555
LogReg_Gene,2,11733889_a_at,-0.33885119331372093
LogReg_Gene,2,11736610_a_at,-0.09883647198056811
LogReg_Gene,2,11736611_s_at,-0.13452483627113665
LogReg_Gene,2,11736612_x_at,-0.11977586368802394
LogReg_Gene,2,11737486_s_at,-0.2791091159850172
LogReg_Gene,2,11739025_a_at,-0.1701487472144707
LogReg_Gene,2,11739168_a_at,0.09357921173856029
LogReg_Gene,2,11739486_at,-0.18119613842177143
LogReg_Gene,2,11739487_s_at,-0.1733029812789055
LogReg_Gene,2,11739936_a_at,-0.08710451249694612
LogReg_Gene,2,11742988_s_at,-0.12627581939364804
LogReg_Gene,2,11744574_x_at,-0.1387240217031286
LogReg_Gene,2,11745779_a_at,-0.13062501840345048
LogReg_Gene,2,11747201_a_at,-0.1465943347558409
LogReg_Gene,2,11749746_s_at,-0.1228439105550405
LogReg_Gene,2,11754183_s_at,-0.17609151094601388
LogReg_Gene,2,11755612_s_at,-0.16276740046264843
LogReg_Gene,2,11755810_s_at,-0.11874620441699005
LogReg_Gene,2,11758454_s_at,-0.16446237457258575
LogReg_Gene,2,11758776_s_at,-0.11347516173057878
LogReg_Gene,2,11759232_at,0.16899983672399355
LogReg_Gene,2,11763329_a_at,0.16625269647543703
LogReg_Gene,3,11715380_s_at,0.1069244607894579
LogReg_Gene,3,11716395_a_at,0.10828139629550435
LogReg_Gene,3,11717186_a_at,-0.09912159633100981
LogReg_Gene,3,11717697_at,-0.2025674214044921
LogReg_Gene,3,11718218_at,-0.1314238510993759
LogReg_Gene,3,11718864_s_at,-0.13963297301961847
LogReg_Gene,3,11719368_s_at,-0.10096625202551199
LogReg_Gene,3,11719995_a_at,-0.12619605729609665
LogReg_Gene,3,11720524_a_at,-0.18175565089759116
LogReg_Gene,3,11721062_s_at,-0.1657262970488287
LogReg_Gene,3,11721693_a_at,0.15386908672174196
LogReg_Gene,3,11722150_a_at,-0.18120877194956392
LogReg_Gene,3,11722151_a_at,-0.15584061572695132
LogReg_Gene,3,11722152_s_at,-0.1376692513035165
LogReg_Gene,3,11723834_at,-0.13827055635803345
LogReg_Gene,3,11723945_s_at,0.20608840076318857
LogReg_Gene,3,11724173_at,0.10723468233690119
LogReg_Gene,3,11724283_a_at,0.1087431954819453
LogReg_Gene,3,11726871_s_at,0.15088043200550413
LogReg_Gene,3,11728388_at,0.23266073120328165
LogReg_Gene,3,11729059_x_at,0.12915203047008358
LogReg_Gene,3,11730049_at,0.1366583430003011
LogReg_Gene,3,11730294_a_at,-0.10250042292291074
LogReg_Gene,3,11730732_at,0.17490776819180093
LogReg_Gene,3,11730733_x_at,0.15140431998884207
LogReg_Gene,3,11733087_a_at,0.20562202353531497
LogReg_Gene,3,11733088_at,0.1642800138593048
LogReg_Gene,3,11733879_a_at,-0.1037131316992633
LogReg_Gene,3,11733889_a_at,-0.30289814915178714
LogReg_Gene,3,11735989_s_at,-0.22313314229014483
LogReg_Gene,3,11735990_x_at,-0.2354332068481361
LogReg_Gene,3,11736610_a_at,-0.08996464074114781
LogReg_Gene,3,11736611_s_at,-0.11974046729056533
LogReg_Gene,3,11736612_x_at,-0.10852184714662906
LogReg_Gene,3,11737486_s_at,-0.26593758074493723
LogReg_Gene,3,11739025_a_at,-0.16673473691556087
LogReg_Gene,3,11739168_a_at,0.11500267079199564
LogReg_Gene,3,11739487_s_at,-0.17398458765895916
LogReg_Gene,3,11739936_a_at,-0.13982024410548524
LogReg_Gene,3,11740879_s_at,0.19021354918886382
LogReg_Gene,3,11744890_a_at,-0.16964236803062283
LogReg_Gene,3,11745779_a_at,-0.11089627574753963
LogReg_Gene,3,11747201_a_at,-0.15781801495958908
LogReg_Gene,3,11751778_s_at,-0.16887501602426422
LogReg_Gene,3,11754183_s_at,-0.20081983987930346
LogReg_Gene,3,11755612_s_at,-0.1786655950876025
LogReg_Gene,3,11755810_s_at,-0.10273258967808255
LogReg_Gene,3,11758454_s_at,-0.1556065181177725
LogReg_Gene,3,11758776_s_at,-0.07715483173730436
LogReg_Gene,3,11759187_at,0.12947883600759552
LogReg_Gene,4,11715380_s_at,0.10607875827432861
LogReg_Gene,4,11716395_a_at,0.14270109409902174
LogReg_Gene,4,11716506_s_at,-0.11854663760872568
LogReg_Gene,4,11717186_a_at,-0.1071194173726781
LogReg_Gene,4,11717641_a_at,-0.22016924073312763
LogReg_Gene,4,11718777_at,-0.10668086445441297
LogReg_Gene,4,11718863_at,-0.10945596314074052
LogReg_Gene,4,11718864_s_at,-0.11423513056784233
LogReg_Gene,4,11719368_s_at,-0.11113491320901035
LogReg_Gene,4,11719995_a_at,-0.14190739616488085
LogReg_Gene,4,11721062_s_at,-0.15502257526778224
LogReg_Gene,4,11721438_s_at,0.25032713910588106
LogReg_Gene,4,11722150_a_at,-0.18456035320282813
LogReg_Gene,4,11722151_a_at,-0.1575443515237434
LogReg_Gene,4,11722152_s_at,-0.12575395230298603
LogReg_Gene,4,11723202_at,-0.10043274578564046
LogReg_Gene,4,11723203_s_at,-0.07083750934278728
LogReg_Gene,4,11723945_s_at,0.1732468857044081
LogReg_Gene,4,11724283_a_at,0.1800640520074827
LogReg_Gene,4,11724672_s_at,-0.17120735438331727
LogReg_Gene,4,11726769_a_at,0.16105136898171207
LogReg_Gene,4,11726871_s_at,0.20383934719424618
LogReg_Gene,4,11727479_a_at,-0.17195915083722094
LogReg_Gene,4,11728297_a_at,-0.1382656487771328
LogReg_Gene,4,11729059_x_at,0.11933561415046413
LogReg_Gene,4,11730049_at,0.14382506389551541
LogReg_Gene,4,11730294_a_at,-0.12253225743185173
LogReg_Gene,4,11730732_at,0.1588286254946834
LogReg_Gene,4,11730733_x_at,0.1425781223821659
LogReg_Gene,4,11733087_a_at,0.23873875842641712
LogReg_Gene,4,11733088_at,0.21411846178524732
LogReg_Gene,4,11733879_a_at,-0.1317699278970058
LogReg_Gene,4,11733889_a_at,-0.28214110704165907
LogReg_Gene,4,11736610_a_at,-0.12283012741360726
LogReg_Gene,4,11736611_s_at,-0.1288554265906909
LogReg_Gene,4,11736612_x_at,-0.1237763293906915
LogReg_Gene,4,11737486_s_at,-0.2524302459438551
LogReg_Gene,4,11739025_a_at,-0.16170431432824836
LogReg_Gene,4,11739168_a_at,0.13376184379784706
LogReg_Gene,4,11739487_s_at,-0.12675924319543372
LogReg_Gene,4,11739936_a_at,-0.1417842944704501
LogReg_Gene,4,11745779_a_at,-0.13000786769155967
LogReg_Gene,4,11746095_a_at,-0.16263502233592667
LogReg_Gene,4,11751778_s_at,-0.15579381920523871
LogReg_Gene,4,11754183_s_at,-0.2000337726812427
LogReg_Gene,4,11755612_s_at,-0.1845425469200241
LogReg_Gene,4,11756398_a_at,-0.07566146749844925
LogReg_Gene,4,11757803_x_at,-0.15908277491771733
LogReg_Gene,4,11758454_s_at,-0.15210704488355295
LogReg_Gene,4,11758776_s_at,-0.11050814306194887
LogReg_Gene,5,11715380_s_at,0.1809776299994486
LogReg_Gene,5,11715670_a_at,0.18922990270457088
LogReg_Gene,5,11715671_x_at,0.1861818839236138
LogReg_Gene,5,11716395_a_at,0.12383530877366944
LogReg_Gene,5,11717186_a_at,-0.14004688871009122
LogReg_Gene,5,11718777_at,-0.1591404723392501
LogReg_Gene,5,11718863_at,-0.1525563591598707
LogReg_Gene,5,11718864_s_at,-0.15704569787489123
LogReg_Gene,5,11718979_a_at,0.08291962933784204
LogReg_Gene,5,11719368_s_at,-0.11648396690791338
LogReg_Gene,5,11719995_a_at,-0.13501399060536406
LogReg_Gene,5,11722150_a_at,-0.1972569219424414
LogReg_Gene,5,11722151_a_at,-0.15334227705453626
LogReg_Gene,5,11722152_s_at,-0.1558617202527095
LogReg_Gene,5,11722332_x_at,-0.1729214945663643
LogReg_Gene,5,11723834_at,-0.15624047309846872
LogReg_Gene,5,11723945_s_at,0.2550656778308378
LogReg_Gene,5,11724283_a_at,0.09369658084159821
LogReg_Gene,5,11725340_a_at,-0.1382148882511848
LogReg_Gene,5,11726871_s_at,0.13893206146971435
LogReg_Gene,5,11727479_a_at,-0.12411827837538482
LogReg_Gene,5,11729035_at,0.11319096164340625
LogReg_Gene,5,11729059_x_at,0.18197113729096076
LogReg_Gene,5,11730049_at,0.1625859175285587
LogReg_Gene,5,11730294_a_at,-0.0952108206266369
LogReg_Gene,5,11730732_at,0.20993431948898564
LogReg_Gene,5,11730733_x_at,0.1973574184570098
LogReg_Gene,5,11733087_a_at,0.17877856533831976
LogReg_Gene,5,11733088_at,0.13539260775930784
LogReg_Gene,5,11733889_a_at,-0.33879071439399755
LogReg_Gene,5,11734857_at,-0.11691184580159167
LogReg_Gene,5,11736610_a_at,-0.08761804861460434
LogReg_Gene,5,11736611_s_at,-0.13877829852218596
LogReg_Gene,5,11736612_x_at,-0.12863977403570062
LogReg_Gene,5,11737486_s_at,-0.2981839355183349
LogReg_Gene,5,11739025_a_at,-0.16076916118269494
LogReg_Gene,5,11739168_a_at,0.10731720398961969
LogReg_Gene,5,11739487_s_at,-0.1842839815919694
LogReg_Gene,5,11739936_a_at,-0.1586472033840787
LogReg_Gene,5,11744574_x_at,-0.14016586092873098
LogReg_Gene,5,11744890_a_at,-0.14886495775780623
LogReg_Gene,5,11745645_x_at,-0.14970475942423628
LogReg_Gene,5,11745779_a_at,-0.1363568489132751
LogReg_Gene,5,11751778_s_at,-0.17685529083571253
LogReg_Gene,5,11754183_s_at,-0.1856918248188711
LogReg_Gene,5,11755612_s_at,-0.1806035896846525
LogReg_Gene,5,11755810_s_at,-0.10948922008320433
LogReg_Gene,5,11757803_x_at,-0.09213892977125637
LogReg_Gene,5,11758454_s_at,-0.15589076097737406
LogReg_Gene,5,11758776_s_at,-0.056267152399721646
RF_Gene,1,11715946_a_at,0.01372626282864712
RF_Gene,1,11717186_a_at,0.0021288786482334867
RF_Gene,1,11719368_s_at,0.10840568783068781
RF_Gene,1,11722150_a_at,0.04986231290579116
RF_Gene,1,11723945_s_at,0.06985749385749386
RF_Gene,1,11727495_at,0.01628148746964536
RF_Gene,1,11728388_at,0.01612970730321114
RF_Gene,1,11729059_x_at,0.039713404098481495
RF_Gene,1,11730049_at,0.035582199103938235
RF_Gene,1,11730732_at,0.046000000000000006
RF_Gene,1,11733087_a_at,0.004820855690210529
RF_Gene,1,11733088_at,0.029716727716727717
RF_Gene,1,11733879_a_at,0.10827342995169081
RF_Gene,1,11736610_a_at,0.008145363408521303
RF_Gene,1,11736611_s_at,0.017728571428571427
RF_Gene,1,11736612_x_at,0.059587689935925225
RF_Gene,1,11737034_a_at,0.002
RF_Gene,1,11737486_s_at,0.03199969278033794
RF_Gene,1,11739025_a_at,0.10655716858719418
RF_Gene,1,11739168_a_at,0.030544547036517582
RF_Gene,1,11754183_s_at,0.05188103319408822
RF_Gene,1,11755612_s_at,0.06827529475355562
RF_Gene,1,11758454_s_at,0.021320106349538587
RF_Gene,1,11758475_s_at,0.03973061658952263
RF_Gene,1,11758776_s_at,0.021731468531468533
RF_Gene,2,11719368_s_at,0.033853712099153895
RF_Gene,2,11722150_a_at,0.045729955926426515
RF_Gene,2,11722151_a_at,0.04373146853146854
RF_Gene,2,11722152_s_at,0.060117423175487704
RF_Gene,2,11722262_at,0.04401050916227387
RF_Gene,2,11723945_s_at,0.09241103761103761
RF_Gene,2,11726871_s_at,0.010287913331716388
RF_Gene,2,11729059_x_at,0.020004454685099846
RF_Gene,2,11730732_at,0.050017739771652824
RF_Gene,2,11730733_x_at,0.008133640552995392
RF_Gene,2,11733087_a_at,0.0064133899916508615
RF_Gene,2,11733088_at,0.03374222222222222
RF_Gene,2,11733889_a_at,0.018144484235800135
RF_Gene,2,11736612_x_at,0.09426697388632871
RF_Gene,2,11737486_s_at,0.006413526570048309
RF_Gene,2,11739486_at,0.02930190494299891
RF_Gene,2,11739487_s_at,0.10052567759003242
RF_Gene,2,11742988_s_at,0.027314430419199003
RF_Gene,2,11745779_a_at,0.01012970730321114
RF_Gene,2,11749746_s_at,0.03784400487825118
RF_Gene,2,11754183_s_at,0.04002384823848239
RF_Gene,2,11755612_s_at,0.07454986057988616
RF_Gene,2,11758454_s_at,0.05559086769474816
RF_Gene,2,11758776_s_at,0.027707776688097048
RF_Gene,2,11763329_a_at,0.029733469911730783
RF_Gene,3,11717186_a_at,0.00466989692557715
RF_Gene,3,11719368_s_at,0.0447289905470481
RF_Gene,3,11721062_s_at,0.09478256036188867
RF_Gene,3,11722150_a_at,0.08688455279414206
RF_Gene,3,11722151_a_at,0.03451597859048823
RF_Gene,3,11722152_s_at,0.034089567650921644
RF_Gene,3,11723945_s_at,0.09550738913626959
RF_Gene,3,11726871_s_at,0.00039122778143515455
RF_Gene,3,11728388_at,0.009866552845804708
RF_Gene,3,11729059_x_at,0.035475786492824846
RF_Gene,3,11730732_at,0.12030940727555177
RF_Gene,3,11730733_x_at,0.019314482734751278
RF_Gene,3,11733087_a_at,0.020032976132027366
RF_Gene,3,11733088_at,0.03945788110641052
RF_Gene,3,11735990_x_at,0.007714987714987716
RF_Gene,3,11736610_a_at,0.005652636504327388
RF_Gene,3,11736611_s_at,0.006022783765941661
RF_Gene,3,11736612_x_at,0.05273795518112894
RF_Gene,3,11737486_s_at,0.030685120783012155
RF_Gene,3,11739936_a_at,0.029633065504509167
RF_Gene,3,11744890_a_at,0.015733582391708075
RF_Gene,3,11754183_s_at,0.044322858418735775
RF_Gene,3,11755612_s_at,0.13457191732998183
RF_Gene,3,11758454_s_at,0.027170462477059648
RF_Gene,3,11758776_s_at,0.00572737955346651
RF_Gene,4,11716506_s_at,0.13213348416289591
RF_Gene,4,11717186_a_at,0.011988704679835115
RF_Gene,4,11718864_s_at,0.023726080857239897
RF_Gene,4,11719368_s_at,0.02218425237983672
RF_Gene,4,11721438_s_at,0.01228043227499464
RF_Gene,4,11722150_a_at,0.047564726650861096
RF_Gene,4,11722151_a_at,0.025720191275111184
RF_Gene,4,11723945_s_at,0.06693517271969887
RF_Gene,4,11724283_a_at,0.11253851937255414
RF_Gene,4,11724672_s_at,0.02388767807125467
RF_Gene,4,11726871_s_at,0.007861802980136846
RF_Gene,4,11729059_x_at,0.013842304448682157
RF_Gene,4,11730732_at,0.0518144232655056
RF_Gene,4,11733088_at,0.1085428888465093
RF_Gene,4,11736610_a_at,0.008370523538705842
RF_Gene,4,11736611_s_at,0.02279966989573607
RF_Gene,4,11736612_x_at,0.032125035094000526
RF_Gene,4,11739025_a_at,0.01412939417989418
RF_Gene,4,11739168_a_at,0.025373469134005837
RF_Gene,4,11739936_a_at,0.05330492951655604
RF_Gene,4,11745779_a_at,0.0066956214703492375
RF_Gene,4,11754183_s_at,0.035979901328690805
RF_Gene,4,11755612_s_at,0.10430109779925957
RF_Gene,4,11758454_s_at,0.03550208000044957
RF_Gene,4,11758776_s_at,0.0003976160572361552
RF_Gene,5,11715380_s_at,0.014129610103115536
RF_Gene,5,11716395_a_at,0.07173018327094413
RF_Gene,5,11718864_s_at,0.05153142884285433
RF_Gene,5,11719368_s_at,0.03385124189408285
RF_Gene,5,11722150_a_at,0.03602617510050119
RF_Gene,5,11722152_s_at,0.021855397325011044
RF_Gene,5,11723945_s_at,0.07799335852343729
RF_Gene,5,11727479_a_at,0.023992596552639106
RF_Gene,5,11729059_x_at,0.05173881045031952
RF_Gene,5,11730049_at,0.014187368421969868
RF_Gene,5,11730732_at,0.05374208946448433
RF_Gene,5,11730733_x_at,0.00414925438071218
RF_Gene,5,11733088_at,0.039727797788456816
RF_Gene,5,11736610_a_at,0.01012105027257624
RF_Gene,5,11736611_s_at,0.0058675645342312
RF_Gene,5,11736612_x_at,0.04213146620871284
RF_Gene,5,11739025_a_at,0.063973574711793
RF_Gene,5,11739168_a_at,0.010165085687736941
RF_Gene,5,11739936_a_at,0.06377448208737559
RF_Gene,5,11745645_x_at,0.04184649464786627
RF_Gene,5,11751778_s_at,0.04373660714285714
RF_Gene,5,11754183_s_at,0.09051905145989257
RF_Gene,5,11755612_s_at,0.1067990506747863
RF_Gene,5,11758454_s_at,0.02373216897375684
RF_Gene,5,11758776_s_at,0.002678091479886672
LogReg_miRNA,1,14q0_st,0.027904463213422256
LogReg_miRNA,1,14qI-4_st,0.022557814155701697
LogReg_miRNA,1,14qI-6_st,0.0156754822601702
LogReg_miRNA,1,14qI-6_x_st,0.0023649567489785568
LogReg_miRNA,1,14qI-7_st,0.03333478763769076
LogReg_miRNA,1,14qI-8_x_st,0.024374112773689484
LogReg_miRNA,1,14qI-9_x_st,0.02038451473185495
LogReg_miRNA,1,14qII-10_st,-0.01984139322812505
LogReg_miRNA,1,14qII-12_st,0.0161487776706803
LogReg_miRNA,1,14qII-12_x_st,0.017540947441866465
LogReg_miRNA,1,14qII-14_st,0.02986034394749202
LogReg_miRNA,1,14qII-14_x_st,0.029201608575086455
LogReg_miRNA,1,14qII-17_st,0.029775301850993856
LogReg_miRNA,1,14qII-1_st,0.03594116783227607
LogReg_miRNA,1,14qII-1_x_st,0.03180244922924343
LogReg_miRNA,1,14qII-21_x_st,0.02004746858451825
LogReg_miRNA,1,14qII-22_x_st,0.016026324514217156
LogReg_miRNA,1,14qII-23_x_st,0.02769664753987267
LogReg_miRNA,1,14qII-26_st,0.020975505209489823
LogReg_miRNA,1,14qII-26_x_st,0.027303241491776518
LogReg_miRNA,1,14qII-28_x_st,0.014041296411330275
LogReg_miRNA,1,14qII-3_st,0.025736626409200436
LogReg_miRNA,1,14qII-3_x_st,0.02401225505860184
LogReg_miRNA,1,14qII-5_x_st,0.00384172880385046
LogReg_miRNA,1,14qII-9_x_st,0.028626653001092
LogReg_miRNA,1,aae-miR-2765_st,-0.01463999984727242
LogReg_miRNA,1,aae-miR-34-star_st,-0.027390696519201466
LogReg_miRNA,1,aga-miR-1175_st,-0.0255398149312579
LogReg_miRNA,1,age-miR-127_st,0.03383935570816309
LogReg_miRNA,1,age-miR-19a_st,0.0008289325228621944
LogReg_miRNA,1,age-miR-19b_st,0.006332909061703828
LogReg_miRNA,1,age-miR-20_st,0.016972809392377473
LogReg_miRNA,1,age-miR-21_st,0.01528449984569735
LogReg_miRNA,1,age-miR-222_st,-0.01659369249011861
LogReg_miRNA,1,age-miR-29a_st,0.02441832263390249
LogReg_miRNA,1,age-miR-34a_st,0.004205323636821269
LogReg_miRNA,1,age-miR-93_st,-0.0042927637824485
LogReg_miRNA,1,ahy-miR3514-3p_st,0.048931930638385225
LogReg_miRNA,1,ame-miR-124_st,0.027766995209361916
LogReg_miRNA,1,aqu-miR-2014-star_st,-0.008797239534910115
LogReg_miRNA,1,ath-miR416_st,-0.03520678830012213
LogReg_miRNA,1,bfl-miR-2061_st,-0.03092345447486038
LogReg_miRNA,1,bhv1-miR-B3_st,0.023142502725046362
LogReg_miRNA,1,bma-miR-2b_st,-0.021613540572043764
LogReg_miRNA,1,bma-miR-92_st,0.010929591084078588
LogReg_miRNA,1,bmo-miR-13a-star_st,-0.022442515966489978
LogReg_miRNA,1,bmo-miR-190-star_st,0.005409380875092816
LogReg_miRNA,1,bmo-miR-2784_st,-0.024998308774341164
LogReg_miRNA,1,bmo-miR-3328_st,-0.03937200594411036
LogReg_miRNA,1,bmo-miR-3368_st,-0.023719357771251958
LogReg_miRNA,1,bmo-miR-92a_st,0.000323223882747884
LogReg_miRNA,1,bra-miR167c_st,-0.04358585980492884
LogReg_miRNA,1,bta-let-7d_st,-0.021450012992907795
LogReg_miRNA,1,bta-let-7e_st,0.014153587318476461
LogReg_miRNA,1,bta-miR-106_st,0.012249099231797551
LogReg_miRNA,1,bta-miR-10b_st,0.00028040162809350993
LogReg_miRNA,1,bta-miR-126_st,0.011146158835356397
LogReg_miRNA,1,bta-miR-127_st,0.029556828928580293
LogReg_miRNA,1,bta-miR-130b_st,0.00035685995888250655
LogReg_miRNA,1,bta-miR-1343_st,-0.00991067760775972
LogReg_miRNA,1,bta-miR-134_st,0.007444710827557649
LogReg_miRNA,1,bta-miR-140_st,-0.008176212096286762
LogReg_miRNA,1,bta-miR-146a_st,0.009269160353425312
LogReg_miRNA,1,bta-miR-146b_st,0.03370959443379897
LogReg_miRNA,1,bta-miR-152_st,0.0214724187577235
LogReg_miRNA,1,bta-miR-155_st,0.02418318982831711
LogReg_miRNA,1,bta-miR-1777a_st,-0.008296816846917006
LogReg_miRNA,1,bta-miR-1777b_st,-0.008861042540590438
LogReg_miRNA,1,bta-miR-181a_st,-0.027147627032372244
LogReg_miRNA,1,bta-miR-181b_st,-0.009047690859476428
LogReg_miRNA,1,bta-miR-18b_st,0.010098616588031895
LogReg_miRNA,1,bta-miR-191_st,-0.010075218339058691
LogReg_miRNA,1,bta-miR-195_st,0.031900420734762895
LogReg_miRNA,1,bta-miR-197_st,-0.023870029650243384
LogReg_miRNA,1,bta-miR-199a-3p_st,0.009606392827507405
LogReg_miRNA,1,bta-miR-19a_st,-0.0001903909575086594
LogReg_miRNA,1,bta-miR-19b_st,0.004577318272673731
LogReg_miRNA,1,bta-miR-20a_st,0.018208793379880323
LogReg_miRNA,1,bta-miR-20b_st,0.009915179796861831
LogReg_miRNA,1,bta-miR-21_st,0.016599254088224977
LogReg_miRNA,1,bta-miR-221_st,-0.01372872767178166
LogReg_miRNA,1,bta-miR-222_st,-0.027663855181881886
LogReg_miRNA,1,bta-miR-2288_st,0.002701479108017117
LogReg_miRNA,1,bta-miR-2309_st,-0.009529230567825566
LogReg_miRNA,1,bta-miR-2310_st,-0.011139079917488894
LogReg_miRNA,1,bta-miR-2316_st,-0.020237307567061685
LogReg_miRNA,1,bta-miR-2325b_st,-0.0182664675624233
LogReg_miRNA,1,bta-miR-2348_st,-0.016362764310566623
LogReg_miRNA,1,bta-miR-2391_st,0.0021956280728176645
LogReg_miRNA,1,bta-miR-2428_st,-0.01451745274957437
LogReg_miRNA,1,bta-miR-2436-5p_st,-0.009287078200831324
LogReg_miRNA,1,bta-miR-2451_st,-0.011934093692140301
LogReg_miRNA,1,bta-miR-2468_st,0.02714092094404591
LogReg_miRNA,1,bta-miR-25_st,-0.02624677976500419
LogReg_miRNA,1,bta-miR-27a-3p_st,0.0071018773461263805
LogReg_miRNA,1,bta-miR-27a-5p_st,-0.029084699180266255
LogReg_miRNA,1,bta-miR-2885_st,-0.015793476473599924
LogReg_miRNA,1,bta-miR-2887_st,-0.010901057897355373
LogReg_miRNA,1,bta-miR-296_st,-0.0228953384378016
LogReg_miRNA,1,bta-miR-29a_st,0.023801531525004367
LogReg_miRNA,1,bta-miR-29c_st,0.012792509410036366
LogReg_miRNA,1,bta-miR-34a_st,0.005217344454346542
LogReg_miRNA,1,bta-miR-361_st,-0.04009240366450348
LogReg_miRNA,1,bta-miR-370_st,0.01887761439079322
LogReg_miRNA,1,bta-miR-378_st,-0.007836513004802554
LogReg_miRNA,1,bta-miR-379_st,0.025132332402241168
LogReg_miRNA,1,bta-miR-382_st,0.009477945497327705
LogReg_miRNA,1,bta-miR-423-3p_st,-0.005477641077358842
LogReg_miRNA,1,bta-miR-424-star_st,0.011048518936751735
LogReg_miRNA,1,bta-miR-432_st,0.00911745319799277
LogReg_miRNA,1,bta-miR-433_st,-0.0008108405227745497
LogReg_miRNA,1,bta-miR-485_st,0.01378984962849186
LogReg_miRNA,1,bta-miR-487b_st,0.018005431355869884
LogReg_miRNA,1,bta-miR-493_st,0.020810965199383347
LogReg_miRNA,1,bta-miR-494_st,0.022890079284117886
LogReg_miRNA,1,bta-miR-495_st,-0.0031295864095326293
LogReg_miRNA,1,bta-miR-543_st,0.01718472966470982
LogReg_miRNA,1,bta-miR-654_st,0.003650357580152105
LogReg_miRNA,1,bta-miR-744_st,-0.015001561897605204
LogReg_miRNA,1,bta-miR-93_st,-0.007132193980832497
LogReg_miRNA,1,bta-miR-99b_st,0.026939842339876164
LogReg_miRNA,1,cbr-miR-233_st,-0.035910611964798785
LogReg_miRNA,1,cbr-miR-235b_st,-0.017369794244226713
LogReg_miRNA,1,cbr-miR-54c_st,-0.020564341693885716
LogReg_miRNA,1,cel-miR-124_st,0.02987272414442267
LogReg_miRNA,1,cel-miR-229_st,-0.010802873281267476
LogReg_miRNA,1,cel-miR-243_st,-0.013994318072104633
LogReg_miRNA,1,cel-miR-63-star_st,-0.004744562740798062
LogReg_miRNA,1,cel-miR-85_st,-0.010626016766121854
LogReg_miRNA,1,cfa-let-7e_st,0.0157716964154617
LogReg_miRNA,1,cfa-miR-127_st,0.03422079286694311
LogReg_miRNA,1,cfa-miR-128_st,-0.05445498288286478
LogReg_miRNA,1,cfa-miR-130b_st,-0.006556045717433043
LogReg_miRNA,1,cfa-miR-134_st,0.020989954562651507
LogReg_miRNA,1,cfa-miR-140_st,-0.006861937304296908
LogReg_miRNA,1,cfa-miR-146b_st,0.019848327586770725
LogReg_miRNA,1,cfa-miR-148a_st,0.01849585414867164
LogReg_miRNA,1,cfa-miR-148b_st,0.008919587938904523
LogReg_miRNA,1,cfa-miR-152_st,0.01840713614158876
LogReg_miRNA,1,cfa-miR-155_st,0.025280441256475238
LogReg_miRNA,1,cfa-miR-181a_st,-0.029847426795526266
LogReg_miRNA,1,cfa-miR-181c_st,-0.00676597189529754
LogReg_miRNA,1,cfa-miR-18a_st,0.036035495793247045
LogReg_miRNA,1,cfa-miR-18b_st,0.007394748332317878
LogReg_miRNA,1,cfa-miR-191_st,-0.011728902425824873
LogReg_miRNA,1,cfa-miR-195_st,0.018020251995902622
LogReg_miRNA,1,cfa-miR-19b_st,0.01252808735849624
LogReg_miRNA,1,cfa-miR-20a_st,0.01733026479842303
LogReg_miRNA,1,cfa-miR-21_st,0.017321152953573723
LogReg_miRNA,1,cfa-miR-221_st,-0.014308396062295392
LogReg_miRNA,1,cfa-miR-222_st,-0.02741842787279677
LogReg_miRNA,1,cfa-miR-23a_st,0.00730670036185156
LogReg_miRNA,1,cfa-miR-25_st,-0.024595486000321815
LogReg_miRNA,1,cfa-miR-27a_st,0.009675926024048528
LogReg_miRNA,1,cfa-miR-29a_st,0.02019871123714264
LogReg_miRNA,1,cfa-miR-29c_st,0.015942871681082667
LogReg_miRNA,1,cfa-miR-34a_st,0.014152764418296541
LogReg_miRNA,1,cfa-miR-361_st,-0.0321325582925715
LogReg_miRNA,1,cfa-miR-370_st,-0.0009427619874895099
LogReg_miRNA,1,cfa-miR-374b_st,0.002279747469395197
LogReg_miRNA,1,cfa-miR-378_st,-0.007173632578765372
LogReg_miRNA,1,cfa-miR-379_st,0.01540659263366773
LogReg_miRNA,1,cfa-miR-423a_st,0.002413853461680475
LogReg_miRNA,1,cfa-miR-424_st,0.007933805961817178
LogReg_miRNA,1,cfa-miR-425_st,0.0007026290780734909
LogReg_miRNA,1,cfa-miR-432_st,0.01175300875670396
LogReg_miRNA,1,cfa-miR-451_st,0.018756403925976238
LogReg_miRNA,1,cfa-miR-485_st,0.02253123843509197
LogReg_miRNA,1,cfa-miR-487a_st,0.011711542573130666
LogReg_miRNA,1,cfa-miR-487b_st,0.02846743886560793
LogReg_miRNA,1,cfa-miR-489_st,-0.02241970932098997
LogReg_miRNA,1,cfa-miR-493_st,0.010946235224165017
LogReg_miRNA,1,cfa-miR-494_st,0.006499465689794186
LogReg_miRNA,1,cfa-miR-495_st,0.012727278666924177
LogReg_miRNA,1,cfa-miR-543_st,0.007143720874702687
LogReg_miRNA,1,cfa-miR-93_st,-0.004832992163204336
LogReg_miRNA,1,cfa-miR-99b_st,0.024330472224407835
LogReg_miRNA,1,cgr-miR-21_st,0.017667019484887612
LogReg_miRNA,1,cin-let-7a_st,0.010472928378878745
LogReg_miRNA,1,cin-miR-124_st,0.005801284998864227
LogReg_miRNA,1,cin-miR-126_st,0.004191517807634611
LogReg_miRNA,1,cin-miR-4009b-3p_st,-0.028229683753202797
LogReg_miRNA,1,cin-miR-4020b-5p_st,-0.02113909517254631
LogReg_miRNA,1,cin-miR-4074-5p_st,-0.012573352508275463
LogReg_miRNA,1,cin-miR-4075-5p_st,-0.028320699404101052
LogReg_miRNA,1,cin-miR-4099-5p_st,-0.010976435614719034
LogReg_miRNA,1,cin-miR-4105-5p_st,0.00861844982533119
LogReg_miRNA,1,cin-miR-4106-3p_st,-0.027074544164505363
LogReg_miRNA,1,cqu-miR-2951-star_st,-0.018183699398249778
LogReg_miRNA,1,cqu-miR-92_st,-0.0016134651829080614
LogReg_miRNA,1,cre-miR1144b_st,-0.013308835405106956
LogReg_miRNA,1,cre-miR1171_st,-0.030694374594372274
LogReg_miRNA,1,crm-miR-235_st,-0.008947679031642687
LogReg_miRNA,1,crm-miR-64b_st,-0.03736531164491863
LogReg_miRNA,1,csa-miR-92a_st,0.023311638682490844
LogReg_miRNA,1,cte-miR-277a_st,-0.04125700403691985
LogReg_miRNA,1,cte-miR-92b_st,0.003299725891321072
LogReg_miRNA,1,dan-miR-276b_st,-0.02475600926509453
LogReg_miRNA,1,dan-miR-308_st,-0.029402025725126457
LogReg_miRNA,1,der-miR-308_st,-0.007621366400806364
LogReg_miRNA,1,dgr-miR-124_st,0.016273723404860465
LogReg_miRNA,1,dps-miR-2572-star_st,-0.00916937828000643
LogReg_miRNA,1,dps-miR-932-star_st,-0.017579620948952466
LogReg_miRNA,1,dre-let-7g_st,-0.0007927869067034939
LogReg_miRNA,1,dre-miR-101a_st,0.015949881531674738
LogReg_miRNA,1,dre-miR-10b_st,0.009269576773038411
LogReg_miRNA,1,dre-miR-125a_st,-0.001948385081412133
LogReg_miRNA,1,dre-miR-126_st,0.0003634773580789971
LogReg_miRNA,1,dre-miR-126b-star_st,0.004938430225299703
LogReg_miRNA,1,dre-miR-126b_st,0.00381354654529972
LogReg_miRNA,1,dre-miR-128_st,-0.04203501784738616
LogReg_miRNA,1,dre-miR-140-star_st,-0.008316110592938809
LogReg_miRNA,1,dre-miR-155_st,0.020485108999027505
LogReg_miRNA,1,dre-miR-181a-star_st,-0.01323244493088309
LogReg_miRNA,1,dre-miR-181a_st,-0.027988798851323295
LogReg_miRNA,1,dre-miR-181b_st,-0.006220747882718034
LogReg_miRNA,1,dre-miR-181c_st,-0.007683867744073478
LogReg_miRNA,1,dre-miR-199-star_st,0.01298493389600555
LogReg_miRNA,1,dre-miR-19a_st,-0.002710977138433818
LogReg_miRNA,1,dre-miR-19b_st,0.008609950962234093
LogReg_miRNA,1,dre-miR-19c_st,0.018275816151142207
LogReg_miRNA,1,dre-miR-19d_st,-0.006291803707389179
LogReg_miRNA,1,dre-miR-20a_st,0.020290458645545198
LogReg_miRNA,1,dre-miR-221_st,-0.012866870347344307
LogReg_miRNA,1,dre-miR-222_st,-0.015264557573907102
LogReg_miRNA,1,dre-miR-25_st,-0.02568564709426379
LogReg_miRNA,1,dre-miR-27d_st,0.007640146221039093
LogReg_miRNA,1,dre-miR-27e_st,0.002531959665714689
LogReg_miRNA,1,dre-miR-29a_st,-0.0007955547670596642
LogReg_miRNA,1,dre-miR-34_st,0.0037922625829633697
LogReg_miRNA,1,dre-miR-92b_st,0.004655780407267333
LogReg_miRNA,1,dse-miR-100_st,0.002489553322133194
LogReg_miRNA,1,dsi-miR-999-star_st,-0.0018033914982697936
LogReg_miRNA,1,ebv-miR-BHRF1-3_st,-0.018966916972162632
LogReg_miRNA,1,eca-let-7d_st,-0.025368887786686625
LogReg_miRNA,1,eca-let-7e_st,0.016754972945377453
LogReg_miRNA,1,eca-miR-125a-3p_st,0.01924631265599459
LogReg_miRNA,1,eca-miR-126-3p_st,0.013514114751973097
LogReg_miRNA,1,eca-miR-127_st,0.02654868283902322
LogReg_miRNA,1,eca-miR-128_st,-0.03302612890433242
LogReg_miRNA,1,eca-miR-130b_st,-0.0011170707182573587
LogReg_miRNA,1,eca-miR-134_st,0.026997989969576894
LogReg_miRNA,1,eca-miR-140-3p_st,-0.009948949203646563
LogReg_miRNA,1,eca-miR-146b-5p_st,0.02351282276905246
LogReg_miRNA,1,eca-miR-155_st,0.02636057635793342
LogReg_miRNA,1,eca-miR-181a_st,-0.02718595581623347
LogReg_miRNA,1,eca-miR-181b_st,-0.009941249901338904
LogReg_miRNA,1,eca-miR-191_st,-0.01020031745036304
LogReg_miRNA,1,eca-miR-195_st,0.03730517831127412
LogReg_miRNA,1,eca-miR-197_st,-0.028135824465670655
LogReg_miRNA,1,eca-miR-199b-3p_st,0.0005343923768972518
LogReg_miRNA,1,eca-miR-19a_st,0.018365391827331923
LogReg_miRNA,1,eca-miR-19b_st,0.006263285049691069
LogReg_miRNA,1,eca-miR-20a_st,0.020508365885343702
LogReg_miRNA,1,eca-miR-21_st,0.014396257562642505
LogReg_miRNA,1,eca-miR-221_st,-0.011035224496369027
LogReg_miRNA,1,eca-miR-222_st,-0.027538624024762082
LogReg_miRNA,1,eca-miR-24_st,0.015758006473000373
LogReg_miRNA,1,eca-miR-25_st,-0.028980261831461053
LogReg_miRNA,1,eca-miR-29a_st,0.026652592243964695
LogReg_miRNA,1,eca-miR-29c_st,0.013509670575414112
LogReg_miRNA,1,eca-miR-324-3p_st,-0.03852507768899126
LogReg_miRNA,1,eca-miR-34_st,0.005366444017470381
LogReg_miRNA,1,eca-miR-361-5p_st,-0.03590649605880827
LogReg_miRNA,1,eca-miR-370_st,0.004115555879653062
LogReg_miRNA,1,eca-miR-376a_st,0.0070178806210974675
LogReg_miRNA,1,eca-miR-376c_st,0.005197655385409496
LogReg_miRNA,1,eca-miR-378_st,-0.004131011692793063
LogReg_miRNA,1,eca-miR-379_st,0.022459654876185915
LogReg_miRNA,1,eca-miR-382_st,0.007721853101225568
LogReg_miRNA,1,eca-miR-409-3p_st,0.01842779174474114
LogReg_miRNA,1,eca-miR-411_st,0.011256082673611171
LogReg_miRNA,1,eca-miR-423-3p_st,-0.014940714322189443
LogReg_miRNA,1,eca-miR-423-5p_st,-0.003406977991223909
LogReg_miRNA,1,eca-miR-432_st,0.011222398074735473
LogReg_miRNA,1,eca-miR-433_st,0.00438062267702845
LogReg_miRNA,1,eca-miR-485-5p_st,0.005058923650105319
LogReg_miRNA,1,eca-miR-487b_st,0.020604380373048268
LogReg_miRNA,1,eca-miR-489_st,-0.014880068919689928
LogReg_miRNA,1,eca-miR-494_st,0.020244452138606726
LogReg_miRNA,1,eca-miR-495_st,0.012421148905932329
LogReg_miRNA,1,eca-miR-503_st,0.006935152270896288
LogReg_miRNA,1,eca-miR-543_st,0.006950116951870597
LogReg_miRNA,1,eca-miR-93_st,-0.0010555465829186392
LogReg_miRNA,1,eca-miR-99b_st,0.028409546209348255
LogReg_miRNA,1,ENSG00000200492_x_st,-0.012549192690596577
LogReg_miRNA,1,ENSG00000201042_s_st,0.033524249460884656
LogReg_miRNA,1,ENSG00000201660_st,-0.014915064272215691
LogReg_miRNA,1,ENSG00000206909_x_st,-0.02333896907336053
LogReg_miRNA,1,ENSG00000212148_x_st,-0.016852329350219162
LogReg_miRNA,1,ENSG00000212378_s_st,0.02608845121237663
LogReg_miRNA,1,ENSG00000222604_st,-0.014332981150753411
LogReg_miRNA,1,ENSG00000238309_st,-0.008287554557398168
LogReg_miRNA,1,ENSG00000238368_st,-0.0077995631427992835
LogReg_miRNA,1,ENSG00000238732_x_st,-0.036747449437967115
LogReg_miRNA,1,ENSG00000238865_x_st,-0.011655794170481088
LogReg_miRNA,1,ENSG00000239005_st,-0.01630287347095546
LogReg_miRNA,1,ENSG00000239049_st,-0.00421700114738735
LogReg_miRNA,1,ENSG00000251938_st,-0.021187146921084
LogReg_miRNA,1,ENSG00000252077_st,-0.011176755402282997
LogReg_miRNA,1,ENSG00000252566_st,-0.018278971188648865
LogReg_miRNA,1,ENSG00000252677_st,-0.020673587283970438
LogReg_miRNA,1,ENSG00000252691_st,-0.02547041769614777
LogReg_miRNA,1,ENSG00000253091_st,-0.024610269374419853
LogReg_miRNA,1,fru-let-7e_st,0.007097313725172808
LogReg_miRNA,1,fru-miR-101a_st,0.0235480295011655
LogReg_miRNA,1,fru-miR-126_st,0.0046933908998600645
LogReg_miRNA,1,fru-miR-128_st,-0.04398164350624804
LogReg_miRNA,1,fru-miR-181a-star_st,-0.019020117683893552
LogReg_miRNA,1,fru-miR-181a_st,-0.0273116358720126
LogReg_miRNA,1,fru-miR-181b_st,-0.009617362633000018
LogReg_miRNA,1,fru-miR-19a_st,0.010749702012651281
LogReg_miRNA,1,fru-miR-19b_st,0.01199260610127024
LogReg_miRNA,1,fru-miR-20_st,0.019613228172855678
LogReg_miRNA,1,fru-miR-221_st,-0.011749518374022244
LogReg_miRNA,1,fru-miR-222_st,-0.012759678583357546
LogReg_miRNA,1,fru-miR-25_st,-0.021646742887657527
LogReg_miRNA,1,fru-miR-29a_st,0.013830576510840475
LogReg_miRNA,1,gga-let-7k_st,0.00728782339783049
LogReg_miRNA,1,gga-miR-106_st,0.012209079112005519
LogReg_miRNA,1,gga-miR-124a_st,0.011171561777828645
LogReg_miRNA,1,gga-miR-126_st,0.006177236238830167
LogReg_miRNA,1,gga-miR-140-star_st,-0.012193616122074508
LogReg_miRNA,1,gga-miR-1456_st,-0.013512564674692617
LogReg_miRNA,1,gga-miR-146b_st,0.03311802220771266
LogReg_miRNA,1,gga-miR-146c_st,0.003992992755373756
LogReg_miRNA,1,gga-miR-155_st,0.019512690911603216
LogReg_miRNA,1,gga-miR-1576_st,-0.009011858495456526
LogReg_miRNA,1,gga-miR-1584_st,-0.02220399889022822
LogReg_miRNA,1,gga-miR-1607_st,-0.0054764645944739765
LogReg_miRNA,1,gga-miR-1636_st,-0.0027536131476577057
LogReg_miRNA,1,gga-miR-1641_st,0.03636901159448133
LogReg_miRNA,1,gga-miR-1763_st,-0.008838934402788084
LogReg_miRNA,1,gga-miR-1777_st,-0.016476530944839567
LogReg_miRNA,1,gga-miR-181a-star_st,-0.01484021721432878
LogReg_miRNA,1,gga-miR-181a_st,-0.028762844868897283
LogReg_miRNA,1,gga-miR-181b_st,-0.006727989619191011
LogReg_miRNA,1,gga-miR-18a_st,0.03154692519235825
LogReg_miRNA,1,gga-miR-19a_st,-0.0060131248951407435
LogReg_miRNA,1,gga-miR-19b_st,0.015489572075357831
LogReg_miRNA,1,gga-miR-20a_st,0.018590856863258544
LogReg_miRNA,1,gga-miR-2127_st,-0.0015479903191641632
LogReg_miRNA,1,gga-miR-21_st,0.023394086419835956
LogReg_miRNA,1,gga-miR-221_st,-0.01234329245013697
LogReg_miRNA,1,gga-miR-222_st,-0.016116870337370283
LogReg_miRNA,1,gga-miR-29a_st,0.005888472046120428
LogReg_miRNA,1,gga-miR-34a_st,0.0076684916048450685
LogReg_miRNA,1,ggo-miR-105_st,-0.014956076036459962
LogReg_miRNA,1,ggo-miR-124a_st,0.003918226376908836
LogReg_miRNA,1,ggo-miR-134_st,0.02572616933840504
LogReg_miRNA,1,ggo-miR-154_st,0.01184021429839637
LogReg_miRNA,1,ggo-miR-181a-star_st,-0.0031994464200459866
LogReg_miRNA,1,ggo-miR-181a_st,-0.02764143441457605
LogReg_miRNA,1,ggo-miR-181b_st,-0.006494290746668643
LogReg_miRNA,1,ggo-miR-18_st,0.022888117065131396
LogReg_miRNA,1,ggo-miR-195_st,0.02581098205743928
LogReg_miRNA,1,ggo-miR-19a_st,-0.0008160699044871132
LogReg_miRNA,1,ggo-miR-19b_st,0.007529358762181693
LogReg_miRNA,1,ggo-miR-20_st,0.01811689477391621
LogReg_miRNA,1,ggo-miR-21_st,0.011143607760988142
LogReg_miRNA,1,ggo-miR-221_st,-0.008687082442110285
LogReg_miRNA,1,ggo-miR-25_st,-0.02956198970163139
LogReg_miRNA,1,ggo-miR-29a_st,0.023251700467011697
LogReg_miRNA,1,ggo-miR-34a_st,0.009352942429868281
LogReg_miRNA,1,ggo-miR-93_st,-0.0019301849104766313
LogReg_miRNA,1,gma-miR1515_st,-0.014136672353438628
LogReg_miRNA,1,gso-miR2109_st,-0.03090359930324152
LogReg_miRNA,1,HBII-180A_x_st,-0.00907444631775373
LogReg_miRNA,1,hcmv-miR-UL70-3p_st,-0.017222181599050465
LogReg_miRNA,1,hcmv-miR-US25-1-star_st,-0.02445426427172859
LogReg_miRNA,1,hp_hsa-let-7b_x_st,-0.012009362986506593
LogReg_miRNA,1,hp_hsa-mir-1185-1_s_st,-0.02634460035063616
LogReg_miRNA,1,hp_hsa-mir-1224_st,-0.021922334306328357
LogReg_miRNA,1,hp_hsa-mir-1289-1_st,-0.026003135136613537
LogReg_miRNA,1,hp_hsa-mir-130b_st,-0.018231733224032425
LogReg_miRNA,1,hp_hsa-mir-155_st,0.03509302395615005
LogReg_miRNA,1,hp_hsa-mir-19b-2_st,-0.005744419083335197
LogReg_miRNA,1,hp_hsa-mir-222_st,-0.017715220383150716
LogReg_miRNA,1,hp_hsa-mir-3159_st,-0.01961761424604412
LogReg_miRNA,1,hp_hsa-mir-423_s_st,-0.006323158712329379
LogReg_miRNA,1,hp_hsa-mir-425_st,-0.026534402748523856
LogReg_miRNA,1,hp_hsa-mir-4263_st,-0.009048913345623686
LogReg_miRNA,1,hp_hsa-mir-4319_st,-0.015549396287803318
LogReg_miRNA,1,hp_hsa-mir-487b_x_st,0.020731909999312955
LogReg_miRNA,1,hp_hsa-mir-548i-1_s_st,-0.018998770931841654
LogReg_miRNA,1,hp_hsa-mir-599_st,-0.02483321412411125
LogReg_miRNA,1,hp_mmu-mir-1188_st,-0.011751168031356422
LogReg_miRNA,1,hp_mmu-mir-130b_st,-0.018861435150052282
LogReg_miRNA,1,hp_mmu-mir-140_st,-0.00683112167407178
LogReg_miRNA,1,hp_mmu-mir-181a-2_x_st,-0.0352295422157346
LogReg_miRNA,1,hp_mmu-mir-344-1_x_st,-0.0202034345669881
LogReg_miRNA,1,hp_mmu-mir-3470b_x_st,-0.020110846238418398
LogReg_miRNA,1,hp_mmu-mir-465c-1_s_st,0.008457968153996635
LogReg_miRNA,1,hp_mmu-mir-487b_st,0.022082471146339547
LogReg_miRNA,1,hp_mmu-mir-669d_st,-0.017977838096312072
LogReg_miRNA,1,hp_mmu-mir-93_st,4.8272872490911145e-05
LogReg_miRNA,1,hp_rno-mir-106b_st,-0.015400200620395483
LogReg_miRNA,1,hp_rno-mir-184_st,-0.015620498615638526
LogReg_miRNA,1,hp_rno-mir-196b_st,-0.0021367425987724323
LogReg_miRNA,1,hp_rno-mir-361_st,-0.02433234154200978
LogReg_miRNA,1,hp_rno-mir-423_st,-0.010462597478936839
LogReg_miRNA,1,hp_rno-mir-425_st,-0.02383437992241299
LogReg_miRNA,1,hp_rno-mir-615_st,-0.0374252859483488
LogReg_miRNA,1,hp_rno-mir-743a_st,-0.010764014385976687
LogReg_miRNA,1,hsa-let-7d_st,-0.024082845854031976
LogReg_miRNA,1,hsa-let-7e_st,0.012873655008160935
LogReg_miRNA,1,hsa-miR-106b-star_st,-0.002691492316377243
LogReg_miRNA,1,hsa-miR-125a-3p_st,0.0015674982970500391
LogReg_miRNA,1,hsa-miR-126_st,0.012924777696979223
LogReg_miRNA,1,hsa-miR-127-3p_st,0.03555510272875743
LogReg_miRNA,1,hsa-miR-1287_st,-0.03424926416553867
LogReg_miRNA,1,hsa-miR-130b_st,-0.005781980510933884
LogReg_miRNA,1,hsa-miR-1322_st,-0.03392599350406325
LogReg_miRNA,1,hsa-miR-134_st,0.009910537412143641
LogReg_miRNA,1,hsa-miR-140-3p_st,-0.011601950246505469
LogReg_miRNA,1,hsa-miR-1469_st,-0.016559427836948592
LogReg_miRNA,1,hsa-miR-146b-5p_st,0.018703395401007607
LogReg_miRNA,1,hsa-miR-152_st,0.01297420649558281
LogReg_miRNA,1,hsa-miR-155_st,0.02617318836169571
LogReg_miRNA,1,hsa-miR-181a-2-star_st,-0.0320379205236302
LogReg_miRNA,1,hsa-miR-181a_st,-0.02817652267696631
LogReg_miRNA,1,hsa-miR-181b_st,-0.00841367349605788
LogReg_miRNA,1,hsa-miR-1915_st,-0.012814304347093812
LogReg_miRNA,1,hsa-miR-191_st,-0.009007698187413931
LogReg_miRNA,1,hsa-miR-195_st,0.027696862744017746
LogReg_miRNA,1,hsa-miR-197_st,-0.034449156287009106
LogReg_miRNA,1,hsa-miR-199a-3p_st,0.007235076150227425
LogReg_miRNA,1,hsa-miR-199b-3p_st,0.010355323486114112
LogReg_miRNA,1,hsa-miR-19a_st,-0.008402646756370279
LogReg_miRNA,1,hsa-miR-19b_st,0.012926974717838413
LogReg_miRNA,1,hsa-miR-20a_st,0.017693231443908178
LogReg_miRNA,1,hsa-miR-21_st,0.011742051859530759
LogReg_miRNA,1,hsa-miR-221_st,-0.012678460703768022
LogReg_miRNA,1,hsa-miR-222_st,-0.02804293023400116
LogReg_miRNA,1,hsa-miR-22_st,0.011342001484526822
LogReg_miRNA,1,hsa-miR-23a-star_st,-0.029548638206819525
LogReg_miRNA,1,hsa-miR-24-2-star_st,0.01739525100084673
LogReg_miRNA,1,hsa-miR-25-star_st,-0.009702289033522835
LogReg_miRNA,1,hsa-miR-25_st,-0.023837061251927336
LogReg_miRNA,1,hsa-miR-27a-star_st,-0.043752227859475426
LogReg_miRNA,1,hsa-miR-2861_st,-0.008479975202136503
LogReg_miRNA,1,hsa-miR-29a_st,0.022306875199265986
LogReg_miRNA,1,hsa-miR-3178_st,-0.0054842498643362025
LogReg_miRNA,1,hsa-miR-3185_st,-0.0151947143210549
LogReg_miRNA,1,hsa-miR-3196_st,-0.016393105117357205
LogReg_miRNA,1,hsa-miR-3200_st,-0.022849871580298216
LogReg_miRNA,1,hsa-miR-345_st,-0.012044181051852797
LogReg_miRNA,1,hsa-miR-34a_st,0.011971885969083664
LogReg_miRNA,1,hsa-miR-361-5p_st,-0.039051393636705005
LogReg_miRNA,1,hsa-miR-370_st,0.0039464316860278745
LogReg_miRNA,1,hsa-miR-376c_st,0.009839191748739989
LogReg_miRNA,1,hsa-miR-378_st,-0.007350288713002821
LogReg_miRNA,1,hsa-miR-378c_st,-0.015355508827237185
LogReg_miRNA,1,hsa-miR-379_st,0.021435930069198448
LogReg_miRNA,1,hsa-miR-382_st,0.011503842653139761
LogReg_miRNA,1,hsa-miR-409-3p_st,0.02432609891414484
LogReg_miRNA,1,hsa-miR-411_st,0.022170275488935708
LogReg_miRNA,1,hsa-miR-423-3p_st,0.0003872548589887152
LogReg_miRNA,1,hsa-miR-423-5p_st,-0.008316444885230558
LogReg_miRNA,1,hsa-miR-425_st,0.0032243377999601024
LogReg_miRNA,1,hsa-miR-4281_st,-0.02026775797025087
LogReg_miRNA,1,hsa-miR-4312_st,-0.008454879680574753
LogReg_miRNA,1,hsa-miR-432_st,0.007217407572357394
LogReg_miRNA,1,hsa-miR-433_st,0.005193259541799537
LogReg_miRNA,1,hsa-miR-485-5p_st,0.019701947923767633
LogReg_miRNA,1,hsa-miR-487b_st,0.013696215773699241
LogReg_miRNA,1,hsa-miR-493_st,0.0044482089981776616
LogReg_miRNA,1,hsa-miR-494_st,0.021242878280466494
LogReg_miRNA,1,hsa-miR-496_st,-0.020909577385364874
LogReg_miRNA,1,hsa-miR-503_st,0.03257646730562742
LogReg_miRNA,1,hsa-miR-543_st,0.011884776761856583
LogReg_miRNA,1,hsa-miR-548l_st,-0.009415817332037344
LogReg_miRNA,1,hsa-miR-584_st,0.007740117941630004
LogReg_miRNA,1,hsa-miR-619_st,-0.03527257920408025
LogReg_miRNA,1,hsa-miR-638_st,-0.006703525147098259
LogReg_miRNA,1,hsa-miR-660_st,0.015643594050238695
LogReg_miRNA,1,hsa-miR-663_st,-0.026615694850283308
LogReg_miRNA,1,hsa-miR-664_st,-0.019305616326382155
LogReg_miRNA,1,hsa-miR-744_st,-0.018238722576670693
LogReg_miRNA,1,hsa-miR-762_st,-0.010895384617324092
LogReg_miRNA,1,hsa-miR-92a-2-star_st,-0.012016845991784913
LogReg_miRNA,1,hsa-miR-93_st,-0.004741374122087155
LogReg_miRNA,1,hsa-miR-99b_st,0.02332773291286039
LogReg_miRNA,1,hsv1-miR-H17_st,-0.0020244934416953587
LogReg_miRNA,1,hsv2-miR-H10_st,-0.004469990013810666
LogReg_miRNA,1,hsv2-miR-H25_st,-0.011832277751955167
LogReg_miRNA,1,hsv2-miR-H5_st,-0.02119074613486629
LogReg_miRNA,1,hvt-miR-H3-5p_st,-0.006341063014008676
LogReg_miRNA,1,lca-miR-19a_st,0.003936367289999498
LogReg_miRNA,1,lca-miR-19b_st,0.011650683388810448
LogReg_miRNA,1,lca-miR-20_st,0.013343427748763936
LogReg_miRNA,1,lca-miR-22_st,0.016265922499361176
LogReg_miRNA,1,lla-miR-127_st,0.03267656623633604
LogReg_miRNA,1,lla-miR-181a_st,-0.027003207561240816
LogReg_miRNA,1,lla-miR-181b_st,-0.00925056547525657
LogReg_miRNA,1,lla-miR-19a_st,0.006376402365917642
LogReg_miRNA,1,lla-miR-19b_st,0.008463573537960359
LogReg_miRNA,1,lla-miR-20_st,0.017288470937194704
LogReg_miRNA,1,lla-miR-25_st,-0.02383357317397091
LogReg_miRNA,1,lla-miR-29a_st,0.026151255096262066
LogReg_miRNA,1,lla-miR-30b_st,-0.003271127541986377
LogReg_miRNA,1,lla-miR-34a_st,0.015051352021485078
LogReg_miRNA,1,lla-miR-93_st,-0.0007385207272484263
LogReg_miRNA,1,mcmv-miR-m01-2-star_st,-0.05586672292299551
LogReg_miRNA,1,mcmv-miR-M23-2-star_st,-0.0191303200768526
LogReg_miRNA,1,mcmv-miR-M87-1_st,-0.011043670127644262
LogReg_miRNA,1,mdo-let-7d_st,-0.0389582535009105
LogReg_miRNA,1,mdo-miR-106_st,0.01891462411468106
LogReg_miRNA,1,mdo-miR-146b_st,0.02084949096133222
LogReg_miRNA,1,mdo-miR-152_st,0.03317583000531572
LogReg_miRNA,1,mdo-miR-181a_st,-0.027641693938938977
LogReg_miRNA,1,mdo-miR-181b_st,-0.00508615165656333
LogReg_miRNA,1,mdo-miR-181c_st,-0.028130783170272823
LogReg_miRNA,1,mdo-miR-18_st,0.03521833258308182
LogReg_miRNA,1,mdo-miR-191_st,-0.011792951346773014
LogReg_miRNA,1,mdo-miR-19a_st,-0.006124846486418686
LogReg_miRNA,1,mdo-miR-19b_st,0.005967473807490468
LogReg_miRNA,1,mdo-miR-20_st,0.019270318169876496
LogReg_miRNA,1,mdo-miR-21_st,0.012786824225153686
LogReg_miRNA,1,mdo-miR-221_st,-0.010373196301864337
LogReg_miRNA,1,mdo-miR-222a_st,-0.015878083978479608
LogReg_miRNA,1,mdo-miR-24_st,0.013177530964760164
LogReg_miRNA,1,mdo-miR-25_st,-0.02077102827297779
LogReg_miRNA,1,mdo-miR-34a_st,0.015054071683017405
LogReg_miRNA,1,mdo-miR-739_st,-0.019363191859131452
LogReg_miRNA,1,mdo-miR-93_st,-6.182549820221586e-05
LogReg_miRNA,1,mml-let-7d_st,-0.018903297555878877
LogReg_miRNA,1,mml-let-7e_st,0.015507683420728006
LogReg_miRNA,1,mml-miR-1227_st,-0.01544000660797658
LogReg_miRNA,1,mml-miR-125a-3p_st,0.004731753428804491
LogReg_miRNA,1,mml-miR-126_st,0.013701033322865158
LogReg_miRNA,1,mml-miR-127_st,0.02865346309781552
LogReg_miRNA,1,mml-miR-128a_st,-0.038717801476995564
LogReg_miRNA,1,mml-miR-130b_st,-0.001173638316624123
LogReg_miRNA,1,mml-miR-134_st,0.014625952673245745
LogReg_miRNA,1,mml-miR-140-3p_st,-0.009565155078063485
LogReg_miRNA,1,mml-miR-146b-5p_st,0.021130469430158068
LogReg_miRNA,1,mml-miR-152_st,0.023658637555978124
LogReg_miRNA,1,mml-miR-155_st,0.022449645962967883
LogReg_miRNA,1,mml-miR-181a-star_st,-0.01132545971900182
LogReg_miRNA,1,mml-miR-181a_st,-0.02826326709649096
LogReg_miRNA,1,mml-miR-181b_st,-0.007493978692243361
LogReg_miRNA,1,mml-miR-18_st,0.047576084737376706
LogReg_miRNA,1,mml-miR-18b_st,0.021544897317897296
LogReg_miRNA,1,mml-miR-191_st,-0.00933819956123869
LogReg_miRNA,1,mml-miR-195_st,0.03390951596293328
LogReg_miRNA,1,mml-miR-197_st,-0.023606330811997218
LogReg_miRNA,1,mml-miR-199a-3p_st,0.00514901813534811
LogReg_miRNA,1,mml-miR-19a_st,0.0003888465269751456
LogReg_miRNA,1,mml-miR-19b_st,0.008906623454820652
LogReg_miRNA,1,mml-miR-20a_st,0.01556406386992752
LogReg_miRNA,1,mml-miR-21_st,0.02020819663955007
LogReg_miRNA,1,mml-miR-221_st,-0.013889648847794886
LogReg_miRNA,1,mml-miR-222_st,-0.030161442386665724
LogReg_miRNA,1,mml-miR-25_st,-0.027325332554969488
LogReg_miRNA,1,mml-miR-29a_st,0.025895914976621998
LogReg_miRNA,1,mml-miR-29c_st,0.011532210642737354
LogReg_miRNA,1,mml-miR-34a_st,0.004621513194042432
LogReg_miRNA,1,mml-miR-361-5p_st,-0.03626533534691662
LogReg_miRNA,1,mml-miR-374b_st,-0.0007557794267583623
LogReg_miRNA,1,mml-miR-376c_st,0.003518672073951877
LogReg_miRNA,1,mml-miR-378_st,-0.011391914435575919
LogReg_miRNA,1,mml-miR-379_st,0.021649008092345927
LogReg_miRNA,1,mml-miR-382_st,0.01322951805370159
LogReg_miRNA,1,mml-miR-409-3p_st,0.016496136585047075
LogReg_miRNA,1,mml-miR-423-3p_st,-0.021291754742049748
LogReg_miRNA,1,mml-miR-423-5p_st,0.001549442831395827
LogReg_miRNA,1,mml-miR-432_st,0.014023885567172458
LogReg_miRNA,1,mml-miR-433_st,0.010510246696196589
LogReg_miRNA,1,mml-miR-450b-3p_st,-0.012108098610423983
LogReg_miRNA,1,mml-miR-451_st,0.016646591744659683
LogReg_miRNA,1,mml-miR-485-5p_st,0.004796529213486581
LogReg_miRNA,1,mml-miR-487b_st,0.02430800010949935
LogReg_miRNA,1,mml-miR-494_st,0.008948931092156154
LogReg_miRNA,1,mml-miR-495_st,-0.006938544469240047
LogReg_miRNA,1,mml-miR-499-3p_st,0.04281766463761881
LogReg_miRNA,1,mml-miR-503_st,0.016849182736712136
LogReg_miRNA,1,mml-miR-543_st,0.006872324677196534
LogReg_miRNA,1,mml-miR-595_st,-0.019233903054645
LogReg_miRNA,1,mml-miR-638_st,-0.017216120194599432
LogReg_miRNA,1,mml-miR-654-5p_st,0.018961220790760482
LogReg_miRNA,1,mml-miR-663_st,-0.02757907329236691
LogReg_miRNA,1,mml-miR-93_st,0.0002588994564474577
LogReg_miRNA,1,mml-miR-99b_st,0.024456236782242284
LogReg_miRNA,1,mmu-let-7d_st,-0.021931954029985632
LogReg_miRNA,1,mmu-let-7e_st,0.014932973899650467
LogReg_miRNA,1,mmu-miR-106b-star_st,0.006195091668142901
LogReg_miRNA,1,mmu-miR-125a-3p_st,0.015454433220407616
LogReg_miRNA,1,mmu-miR-126-3p_st,0.012376366935240054
LogReg_miRNA,1,mmu-miR-127_st,0.03217403579835687
LogReg_miRNA,1,mmu-miR-130b_st,0.0014922748781747803
LogReg_miRNA,1,mmu-miR-134_st,0.01911362731760788
LogReg_miRNA,1,mmu-miR-140-star_st,-0.008368337254547165
LogReg_miRNA,1,mmu-miR-146b_st,0.02343961417406127
LogReg_miRNA,1,mmu-miR-152_st,0.019361480701902828
LogReg_miRNA,1,mmu-miR-155_st,0.015835187751322023
LogReg_miRNA,1,mmu-miR-181a-1-star_st,-0.024736190246356482
LogReg_miRNA,1,mmu-miR-181a_st,-0.02757903730348074
LogReg_miRNA,1,mmu-miR-181b_st,-0.00704929147822116
LogReg_miRNA,1,mmu-miR-18a-star_st,0.01386281432144149
LogReg_miRNA,1,mmu-miR-191_st,-0.0102150439539651
LogReg_miRNA,1,mmu-miR-195_st,0.028048581568114652
LogReg_miRNA,1,mmu-miR-199a-3p_st,0.011896909180176808
LogReg_miRNA,1,mmu-miR-199b_st,0.008591841394406679
LogReg_miRNA,1,mmu-miR-19b_st,0.009095547080353528
LogReg_miRNA,1,mmu-miR-20a_st,0.019246181513003068
LogReg_miRNA,1,mmu-miR-2132_st,-0.021054829622414263
LogReg_miRNA,1,mmu-miR-2133_st,-0.019805039980560653
LogReg_miRNA,1,mmu-miR-2137_st,-0.007047221793782763
LogReg_miRNA,1,mmu-miR-21_st,0.01785881285618236
LogReg_miRNA,1,mmu-miR-221_st,-0.011206847781427613
LogReg_miRNA,1,mmu-miR-222_st,-0.028487552124025647
LogReg_miRNA,1,mmu-miR-22_st,0.010337281354980835
LogReg_miRNA,1,mmu-miR-25_st,-0.032459298488742086
LogReg_miRNA,1,mmu-miR-27a-star_st,-0.036140886239468574
LogReg_miRNA,1,mmu-miR-2861_st,-0.01285134520624353
LogReg_miRNA,1,mmu-miR-29a_st,0.013379606748338197
LogReg_miRNA,1,mmu-miR-29c_st,0.013465634047712335
LogReg_miRNA,1,mmu-miR-34a_st,0.011333918063168177
LogReg_miRNA,1,mmu-miR-361_st,-0.03202245937893277
LogReg_miRNA,1,mmu-miR-370_st,0.003815303511539627
LogReg_miRNA,1,mmu-miR-378_st,-0.012857584514652992
LogReg_miRNA,1,mmu-miR-379_st,0.015713047914695293
LogReg_miRNA,1,mmu-miR-382_st,0.014191663343276926
LogReg_miRNA,1,mmu-miR-409-3p_st,0.014505916664399801
LogReg_miRNA,1,mmu-miR-423-3p_st,-0.01088118286404935
LogReg_miRNA,1,mmu-miR-423-5p_st,-0.00042750242946638467
LogReg_miRNA,1,mmu-miR-425_st,0.0003445717200661067
LogReg_miRNA,1,mmu-miR-433_st,0.022996739151315653
LogReg_miRNA,1,mmu-miR-485_st,0.009125677825028995
LogReg_miRNA,1,mmu-miR-487b_st,0.01679697006503743
LogReg_miRNA,1,mmu-miR-494_st,0.007159126342588472
LogReg_miRNA,1,mmu-miR-495_st,0.005080995001582933
LogReg_miRNA,1,mmu-miR-543_st,0.010580211273776502
LogReg_miRNA,1,mmu-miR-744_st,-0.015377198634645537
LogReg_miRNA,1,mmu-miR-762_st,-0.020059818049346957
LogReg_miRNA,1,mmu-miR-93-star_st,-0.006082068895506261
LogReg_miRNA,1,mmu-miR-93_st,-0.006154782869743584
LogReg_miRNA,1,mmu-miR-99b_st,0.023508190412032372
LogReg_miRNA,1,mne-miR-127_st,0.02180834761429898
LogReg_miRNA,1,mne-miR-134_st,0.027838370750350797
LogReg_miRNA,1,mne-miR-154_st,0.002198786897193459
LogReg_miRNA,1,mne-miR-181a-star_st,-0.013893365189527909
LogReg_miRNA,1,mne-miR-181a_st,-0.029134008076508965
LogReg_miRNA,1,mne-miR-181b_st,-0.008640510131483958
LogReg_miRNA,1,mne-miR-19a_st,-0.002999498221469973
LogReg_miRNA,1,mne-miR-19b_st,0.01202589906114076
LogReg_miRNA,1,mne-miR-20_st,0.01642916098717363
LogReg_miRNA,1,mne-miR-21_st,0.008007956508573886
LogReg_miRNA,1,mne-miR-25_st,-0.03641689487319132
LogReg_miRNA,1,mne-miR-29a_st,0.02324742511332615
LogReg_miRNA,1,mne-miR-30b_st,0.0036460766478939263
LogReg_miRNA,1,mne-miR-34a_st,0.0025066584128140756
LogReg_miRNA,1,mne-miR-93_st,0.0008869557905395505
LogReg_miRNA,1,mtr-miR166g_st,0.024971729116195513
LogReg_miRNA,1,mtr-miR2618a_st,-0.017180311930785414
LogReg_miRNA,1,oan-let-7d_st,-0.02525083700593847
LogReg_miRNA,1,oan-let-7e_st,0.006961548708884099
LogReg_miRNA,1,oan-miR-106_st,0.012337976709440297
LogReg_miRNA,1,oan-miR-126_st,0.012808113318540724
LogReg_miRNA,1,oan-miR-1346_st,-0.0038900118025508787
LogReg_miRNA,1,oan-miR-140_st,-0.006572207262972287
LogReg_miRNA,1,oan-miR-1420f_st,-0.026774472850957222
LogReg_miRNA,1,oan-miR-1421y_st,0.006226016891150157
LogReg_miRNA,1,oan-miR-146a-star_st,-0.017315073372926384
LogReg_miRNA,1,oan-miR-146b_st,0.025201308377740223
LogReg_miRNA,1,oan-miR-155_st,0.023005200855827804
LogReg_miRNA,1,oan-miR-181a-star_st,-0.017590231385456435
LogReg_miRNA,1,oan-miR-181a_st,-0.02848230847045057
LogReg_miRNA,1,oan-miR-181b_st,-0.009668126365188242
LogReg_miRNA,1,oan-miR-181c_st,-0.014531783261818454
LogReg_miRNA,1,oan-miR-18_st,0.018716333089778877
LogReg_miRNA,1,oan-miR-191_st,-0.013731392633235367
LogReg_miRNA,1,oan-miR-199_st,0.015404288287501932
LogReg_miRNA,1,oan-miR-19a_st,0.0051275701136814355
LogReg_miRNA,1,oan-miR-19b_st,0.007319234370949086
LogReg_miRNA,1,oan-miR-20a_st,-0.00332904266149088
LogReg_miRNA,1,oan-miR-21_st,0.012013362581251187
LogReg_miRNA,1,oan-miR-221_st,-0.015869761315536593
LogReg_miRNA,1,oan-miR-222a_st,-0.029152187574472348
LogReg_miRNA,1,oan-miR-22_st,0.009535897144664641
LogReg_miRNA,1,oan-miR-29a_st,-0.0006179412141307842
LogReg_miRNA,1,oan-miR-33b-3p_st,-0.02310831623343374
LogReg_miRNA,1,oan-miR-425_st,0.002791572362199433
LogReg_miRNA,1,oan-miR-92b_st,0.001600668189672783
LogReg_miRNA,1,oar-miR-127_st,0.02912560887500578
LogReg_miRNA,1,oar-miR-432_st,0.008150313666554903
LogReg_miRNA,1,odi-miR-124a_st,0.002151610693133697
LogReg_miRNA,1,odi-miR-1485_st,0.02153674005650878
LogReg_miRNA,1,odi-miR-92a_st,0.009030711326124343
LogReg_miRNA,1,osa-miR171c_st,-0.02499609040335245
LogReg_miRNA,1,osa-miR1878_st,-0.0059599561954063966
LogReg_miRNA,1,osa-miR2096-3p_st,-0.02393636504799779
LogReg_miRNA,1,osa-miR2124h_st,-0.019225700158758297
LogReg_miRNA,1,peu-miR2911_st,-0.01921421379241788
LogReg_miRNA,1,ppa-miR-134_st,0.03059497130128782
LogReg_miRNA,1,ppa-miR-181a-star_st,-0.021873801056057945
LogReg_miRNA,1,ppa-miR-181a_st,-0.026986729600518334
LogReg_miRNA,1,ppa-miR-181b_st,-0.010462004761543674
LogReg_miRNA,1,ppa-miR-18_st,0.0364754948836604
LogReg_miRNA,1,ppa-miR-195_st,0.02538884270815553
LogReg_miRNA,1,ppa-miR-197_st,-0.03516826068217722
LogReg_miRNA,1,ppa-miR-19a_st,0.0010421432092032135
LogReg_miRNA,1,ppa-miR-19b_st,0.0073411247298720535
LogReg_miRNA,1,ppa-miR-20_st,0.012516772078032716
LogReg_miRNA,1,ppa-miR-21_st,0.018813802416820426
LogReg_miRNA,1,ppa-miR-221_st,-0.010125875590348223
LogReg_miRNA,1,ppa-miR-25_st,-0.02232178964601891
LogReg_miRNA,1,ppa-miR-29a_st,0.029312915490295452
LogReg_miRNA,1,ppa-miR-30b_st,0.0028644298838879528
LogReg_miRNA,1,ppa-miR-34a_st,0.009637645719117786
LogReg_miRNA,1,ppa-miR-93_st,-0.0013502395047532314
LogReg_miRNA,1,ppc-miR-2248_st,-0.012868051965558942
LogReg_miRNA,1,ppt-miR1038-5p_st,-0.031676486213268726
LogReg_miRNA,1,ppt-miR1077-5p_st,-0.024062847746900918
LogReg_miRNA,1,ppt-miR160b_st,-0.030726709345703124
LogReg_miRNA,1,ppt-miR900-3p_st,-0.017220258418109095
LogReg_miRNA,1,ppy-let-7d_st,-0.025599967970225512
LogReg_miRNA,1,ppy-let-7e_st,0.01208033573727105
LogReg_miRNA,1,ppy-miR-125a-3p_st,0.005829371068548141
LogReg_miRNA,1,ppy-miR-126_st,0.009494377830865257
LogReg_miRNA,1,ppy-miR-1275_st,-0.01732386577578664
LogReg_miRNA,1,ppy-miR-127_st,0.027153558812988456
LogReg_miRNA,1,ppy-miR-130b_st,0.002730587177546904
LogReg_miRNA,1,ppy-miR-134_st,0.018583234487834305
LogReg_miRNA,1,ppy-miR-140-3p_st,-0.008263922827870663
LogReg_miRNA,1,ppy-miR-1469_st,-0.018392049979244995
LogReg_miRNA,1,ppy-miR-146b-5p_st,0.025825989314597182
LogReg_miRNA,1,ppy-miR-155_st,0.026027700269808055
LogReg_miRNA,1,ppy-miR-181a_st,-0.0272395854408846
LogReg_miRNA,1,ppy-miR-181b_st,-0.005605615091897234
LogReg_miRNA,1,ppy-miR-18_st,0.043557440810699406
LogReg_miRNA,1,ppy-miR-18b_st,0.031830813855876765
LogReg_miRNA,1,ppy-miR-1915_st,-0.015675096874777767
LogReg_miRNA,1,ppy-miR-191_st,-0.009176502647508702
LogReg_miRNA,1,ppy-miR-195_st,0.030923905173748753
LogReg_miRNA,1,ppy-miR-197_st,-0.033757186895492355
LogReg_miRNA,1,ppy-miR-199a-3p_st,0.008334594462930037
LogReg_miRNA,1,ppy-miR-19a_st,0.011508785516979774
LogReg_miRNA,1,ppy-miR-19b_st,0.006317727339552103
LogReg_miRNA,1,ppy-miR-205_st,-0.016014840896071154
LogReg_miRNA,1,ppy-miR-208a_st,0.03712640948716957
LogReg_miRNA,1,ppy-miR-20_st,0.017535695855588722
LogReg_miRNA,1,ppy-miR-21_st,0.017583558712705314
LogReg_miRNA,1,ppy-miR-221_st,-0.008125705176668935
LogReg_miRNA,1,ppy-miR-222_st,-0.026873373065120578
LogReg_miRNA,1,ppy-miR-25_st,-0.0361310177991204
LogReg_miRNA,1,ppy-miR-29a_st,0.02295150326320477
LogReg_miRNA,1,ppy-miR-29c_st,-0.0002777480652162527
LogReg_miRNA,1,ppy-miR-345_st,-0.006573182025068707
LogReg_miRNA,1,ppy-miR-34a_st,0.006908499270672263
LogReg_miRNA,1,ppy-miR-361-5p_st,-0.03428298902669253
LogReg_miRNA,1,ppy-miR-370_st,0.015336908640832593
LogReg_miRNA,1,ppy-miR-376c_st,0.005989004954635762
LogReg_miRNA,1,ppy-miR-379_st,0.03116290706334526
LogReg_miRNA,1,ppy-miR-382_st,0.009663598756184725
LogReg_miRNA,1,ppy-miR-409-3p_st,0.013291481758393802
LogReg_miRNA,1,ppy-miR-423-3p_st,-0.00906693245738109
LogReg_miRNA,1,ppy-miR-432_st,0.01108214287729192
LogReg_miRNA,1,ppy-miR-485-5p_st,0.008628099167809298
LogReg_miRNA,1,ppy-miR-487b_st,0.005338123635670253
LogReg_miRNA,1,ppy-miR-493_st,0.004447911482003898
LogReg_miRNA,1,ppy-miR-494_st,0.024057212362971224
LogReg_miRNA,1,ppy-miR-495_st,0.022273861054780204
LogReg_miRNA,1,ppy-miR-503_st,0.025082376421625335
LogReg_miRNA,1,ppy-miR-543_st,0.009453671249514125
LogReg_miRNA,1,ppy-miR-584_st,0.008224661653342787
LogReg_miRNA,1,ppy-miR-638_st,-0.010433633161017938
LogReg_miRNA,1,ppy-miR-654-3p_st,-0.001492824037914226
LogReg_miRNA,1,ppy-miR-744_st,-0.01798190999573348
LogReg_miRNA,1,ppy-miR-93_st,-0.0037390976234016665
LogReg_miRNA,1,pta-miR951_st,-0.010928916703599023
LogReg_miRNA,1,ptr-let-7d_st,-0.02757776353518464
LogReg_miRNA,1,ptr-let-7e_st,0.01628013203758826
LogReg_miRNA,1,ptr-miR-101_st,0.012473854738310915
LogReg_miRNA,1,ptr-miR-125a_st,0.01206962342260579
LogReg_miRNA,1,ptr-miR-126_st,0.012828338844748228
LogReg_miRNA,1,ptr-miR-1275_st,-0.014594056183363917
LogReg_miRNA,1,ptr-miR-127_st,0.027321006949061397
LogReg_miRNA,1,ptr-miR-130b_st,0.003053432057169591
LogReg_miRNA,1,ptr-miR-134_st,0.011267634165120647
LogReg_miRNA,1,ptr-miR-146b_st,0.024213779465892062
LogReg_miRNA,1,ptr-miR-152_st,0.013682592580959283
LogReg_miRNA,1,ptr-miR-155_st,0.02749905320613156
LogReg_miRNA,1,ptr-miR-181a-star_st,-0.0208062508899299
LogReg_miRNA,1,ptr-miR-181a_st,-0.02656491634156873
LogReg_miRNA,1,ptr-miR-181b_st,-0.00546881723504022
LogReg_miRNA,1,ptr-miR-191_st,-0.009462918782177126
LogReg_miRNA,1,ptr-miR-195_st,0.027388849479121916
LogReg_miRNA,1,ptr-miR-197_st,-0.030163058249129616
LogReg_miRNA,1,ptr-miR-199b_st,0.0032819611928194964
LogReg_miRNA,1,ptr-miR-19a_st,0.0030886052578208336
LogReg_miRNA,1,ptr-miR-19b_st,0.010498956637937738
LogReg_miRNA,1,ptr-miR-20a_st,0.018040736331629764
LogReg_miRNA,1,ptr-miR-21_st,0.020884522045213873
LogReg_miRNA,1,ptr-miR-221_st,-0.00483629580304299
LogReg_miRNA,1,ptr-miR-29a_st,0.02819134648717564
LogReg_miRNA,1,ptr-miR-29c_st,0.017356877903198748
LogReg_miRNA,1,ptr-miR-323_st,-0.04221741673096619
LogReg_miRNA,1,ptr-miR-324_st,-0.037026327200571287
LogReg_miRNA,1,ptr-miR-345_st,-0.012718430679664676
LogReg_miRNA,1,ptr-miR-34a_st,0.0075053844442117814
LogReg_miRNA,1,ptr-miR-376c_st,0.0013299241469814811
LogReg_miRNA,1,ptr-miR-378_st,-0.0101676714750339
LogReg_miRNA,1,ptr-miR-379_st,0.011780559482744188
LogReg_miRNA,1,ptr-miR-382_st,0.023048701011255023
LogReg_miRNA,1,ptr-miR-409_st,0.011047325041042689
LogReg_miRNA,1,ptr-miR-423_st,-0.014179174681745156
LogReg_miRNA,1,ptr-miR-425_st,-0.0007307498930608353
LogReg_miRNA,1,ptr-miR-432_st,0.016058053754369014
LogReg_miRNA,1,ptr-miR-487b_st,0.01758310378020012
LogReg_miRNA,1,ptr-miR-494_st,0.029836925928478166
LogReg_miRNA,1,ptr-miR-495_st,0.007316721335530342
LogReg_miRNA,1,ptr-miR-503_st,0.025400203136285347
LogReg_miRNA,1,ptr-miR-543_st,0.013462204723971706
LogReg_miRNA,1,ptr-miR-548a_st,0.013426511153011654
LogReg_miRNA,1,ptr-miR-663a_st,-0.02858681772433335
LogReg_miRNA,1,ptr-miR-744_st,-0.017300947355214095
LogReg_miRNA,1,ptr-miR-762_st,-0.011153573707212072
LogReg_miRNA,1,ptr-miR-93_st,-0.0030926974142179435
LogReg_miRNA,1,ptr-miR-99b_st,0.031314306417862606
LogReg_miRNA,1,rno-let-7d_st,-0.021820835132093385
LogReg_miRNA,1,rno-let-7e_st,0.015776361705101438
LogReg_miRNA,1,rno-miR-106b-star_st,-0.014566733808584647
LogReg_miRNA,1,rno-miR-124_st,0.01827606414598705
LogReg_miRNA,1,rno-miR-125b-star_st,0.025674620761796114
LogReg_miRNA,1,rno-miR-126_st,0.009663101559342635
LogReg_miRNA,1,rno-miR-127_st,0.028880844707226752
LogReg_miRNA,1,rno-miR-130b_st,0.0002721914590080117
LogReg_miRNA,1,rno-miR-134_st,0.023358685042262958
LogReg_miRNA,1,rno-miR-140-star_st,-0.01144247750352827
LogReg_miRNA,1,rno-miR-146b_st,0.03435866030482849
LogReg_miRNA,1,rno-miR-152_st,0.009312936876951745
LogReg_miRNA,1,rno-miR-154_st,0.006345399702673545
LogReg_miRNA,1,rno-miR-181a-star_st,-0.01768501850162918
LogReg_miRNA,1,rno-miR-181a_st,-0.029009522671978573
LogReg_miRNA,1,rno-miR-181b_st,-0.008031802716212377
LogReg_miRNA,1,rno-miR-191_st,-0.009015691169419894
LogReg_miRNA,1,rno-miR-195_st,0.040716528284945576
LogReg_miRNA,1,rno-miR-199a-3p_st,0.009564206843366492
LogReg_miRNA,1,rno-miR-19a_st,0.0039037735880776275
LogReg_miRNA,1,rno-miR-19b_st,0.008217732536771327
LogReg_miRNA,1,rno-miR-20a_st,0.01864104588216866
LogReg_miRNA,1,rno-miR-21_st,0.020788141041030238
LogReg_miRNA,1,rno-miR-221_st,-0.009039605362927545
LogReg_miRNA,1,rno-miR-222_st,-0.03083095618064675
LogReg_miRNA,1,rno-miR-22_st,0.018538986577775265
LogReg_miRNA,1,rno-miR-23a-star_st,-0.031684884187737065
LogReg_miRNA,1,rno-miR-25_st,-0.027761570637747965
LogReg_miRNA,1,rno-miR-27a-star_st,-0.03139101314603136
LogReg_miRNA,1,rno-miR-29a_st,0.030045161781705455
LogReg_miRNA,1,rno-miR-29b_st,0.023160028891511125
LogReg_miRNA,1,rno-miR-29c_st,0.013427292374532572
LogReg_miRNA,1,rno-miR-324-3p_st,-0.036875179575665294
LogReg_miRNA,1,rno-miR-34a_st,0.007208331495131362
LogReg_miRNA,1,rno-miR-361_st,-0.03170826511450931
LogReg_miRNA,1,rno-miR-370_st,0.010282744025869818
LogReg_miRNA,1,rno-miR-378_st,-0.008804692566701518
LogReg_miRNA,1,rno-miR-379_st,0.02337466470638846
LogReg_miRNA,1,rno-miR-382_st,0.017107896961531945
LogReg_miRNA,1,rno-miR-409-3p_st,0.01074365262918416
LogReg_miRNA,1,rno-miR-423_st,-0.009627381040004584
LogReg_miRNA,1,rno-miR-433_st,0.022177565210447045
LogReg_miRNA,1,rno-miR-451_st,0.024540029339698607
LogReg_miRNA,1,rno-miR-485_st,0.024520719218313114
LogReg_miRNA,1,rno-miR-487b_st,0.010337520393777569
LogReg_miRNA,1,rno-miR-494_st,0.01258835154664765
LogReg_miRNA,1,rno-miR-495_st,0.013973969262681364
LogReg_miRNA,1,rno-miR-503_st,0.005747117476855669
LogReg_miRNA,1,rno-miR-547_st,-0.016898754884807674
LogReg_miRNA,1,rno-miR-878_st,-0.022942134358636748
LogReg_miRNA,1,rno-miR-93_st,-0.0032894143881132083
LogReg_miRNA,1,rno-miR-99b_st,0.03466621605373678
LogReg_miRNA,1,rrv-miR-rR1-4_st,-0.013364344217822429
LogReg_miRNA,1,sko-miR-124_st,0.0023003713847051903
LogReg_miRNA,1,sko-miR-92c_st,0.0029839562514570005
LogReg_miRNA,1,sla-miR-101_st,0.014766643085297964
LogReg_miRNA,1,sla-miR-127_st,0.03704684314884234
LogReg_miRNA,1,sla-miR-128_st,-0.036884367555855106
LogReg_miRNA,1,sla-miR-181a_st,-0.029170512785054704
LogReg_miRNA,1,sla-miR-18_st,0.034818512826082074
LogReg_miRNA,1,sla-miR-19a_st,0.011758408241927613
LogReg_miRNA,1,sla-miR-19b_st,0.010797679312224672
LogReg_miRNA,1,sla-miR-20_st,0.016986247127905786
LogReg_miRNA,1,sla-miR-29a_st,0.02374914688684945
LogReg_miRNA,1,sla-miR-34a_st,0.008358212452334058
LogReg_miRNA,1,sla-miR-93_st,0.00012915136375514562
LogReg_miRNA,1,sme-miR-124b_st,0.015211233660693843
LogReg_miRNA,1,sme-miR-752-3p_st,-0.006201608176784748
LogReg_miRNA,1,snR39B_st,0.0031075118589956817
LogReg_miRNA,1,spike_in-control-31_st,-0.017152801074517155
LogReg_miRNA,1,spike_in-control-45_st,-0.0011120319808414856
LogReg_miRNA,1,spu-miR-2006_st,-0.039474103500642954
LogReg_miRNA,1,spu-miR-92c_st,0.004535486555232613
LogReg_miRNA,1,ssc-let-7e_st,0.01713511552533997
LogReg_miRNA,1,ssc-miR-127_st,0.03495354129105348
LogReg_miRNA,1,ssc-miR-130b_st,-0.0029394664156662895
LogReg_miRNA,1,ssc-miR-140-star_st,-0.004796842939819676
LogReg_miRNA,1,ssc-miR-146b_st,0.023392878569856557
LogReg_miRNA,1,ssc-miR-152_st,0.0032095353144044603
LogReg_miRNA,1,ssc-miR-181a_st,-0.02565721737648988
LogReg_miRNA,1,ssc-miR-181b_st,-0.007597681692886782
LogReg_miRNA,1,ssc-miR-18_st,0.03474587571545312
LogReg_miRNA,1,ssc-miR-191_st,-0.009570150098726624
LogReg_miRNA,1,ssc-miR-195_st,0.023121615709959912
LogReg_miRNA,1,ssc-miR-199a-3p_st,0.007370206313570006
LogReg_miRNA,1,ssc-miR-19a_st,0.0057804808699410334
LogReg_miRNA,1,ssc-miR-19b_st,0.010697483137410119
LogReg_miRNA,1,ssc-miR-20_st,0.017893563013022785
LogReg_miRNA,1,ssc-miR-21_st,0.01170037878433357
LogReg_miRNA,1,ssc-miR-221_st,-0.014431421408539848
LogReg_miRNA,1,ssc-miR-222_st,-0.012793685495715015
LogReg_miRNA,1,ssc-miR-29a_st,0.026712426334004842
LogReg_miRNA,1,ssc-miR-29c_st,0.006978416522570122
LogReg_miRNA,1,ssc-miR-34a_st,0.011091837171165422
LogReg_miRNA,1,ssc-miR-361-5p_st,-0.03851323895744311
LogReg_miRNA,1,ssc-miR-378_st,-0.002328363873610869
LogReg_miRNA,1,ssc-miR-423-3p_st,-0.0012427658691820738
LogReg_miRNA,1,ssc-miR-423-5p_st,-0.007617451001809372
LogReg_miRNA,1,ssc-miR-432_st,0.005253024876173031
LogReg_miRNA,1,ssc-miR-486_st,0.04033787966646518
LogReg_miRNA,1,ssc-miR-503_st,0.016358317304406438
LogReg_miRNA,1,ssc-miR-664-5p_st,-0.010935481385727017
LogReg_miRNA,1,ssc-miR-744_st,-0.019243640785093396
LogReg_miRNA,1,ssc-miR-99b_st,0.026468716122335433
LogReg_miRNA,1,tae-miR1125_st,-0.03278984600105379
LogReg_miRNA,1,tgu-let-7d_st,-0.02658567234935788
LogReg_miRNA,1,tgu-let-7e_st,0.0021358492613160708
LogReg_miRNA,1,tgu-miR-126_st,0.013101346166344618
LogReg_miRNA,1,tgu-miR-128_st,-0.0453715824085444
LogReg_miRNA,1,tgu-miR-140-star_st,-0.014203009943599765
LogReg_miRNA,1,tgu-miR-146b_st,0.016900763071591326
LogReg_miRNA,1,tgu-miR-155_st,0.006244005644835511
LogReg_miRNA,1,tgu-miR-181a_st,-0.029471639609166052
LogReg_miRNA,1,tgu-miR-181b_st,-0.00888177469810304
LogReg_miRNA,1,tgu-miR-18a_st,0.036842314485719736
LogReg_miRNA,1,tgu-miR-18b_st,0.02396788147650231
LogReg_miRNA,1,tgu-miR-199-3p_st,0.013910839635954209
LogReg_miRNA,1,tgu-miR-19b_st,0.011553438266821802
LogReg_miRNA,1,tgu-miR-20a_st,0.019848060076152772
LogReg_miRNA,1,tgu-miR-21_st,0.005796164239896704
LogReg_miRNA,1,tgu-miR-221_st,-0.009022480761795501
LogReg_miRNA,1,tgu-miR-222_st,-0.016062937433644852
LogReg_miRNA,1,tgu-miR-24_st,0.013394681306763336
LogReg_miRNA,1,tgu-miR-2961_st,-0.012660015748182825
LogReg_miRNA,1,tgu-miR-2966_st,-0.015223438172721107
LogReg_miRNA,1,tgu-miR-2974_st,-0.019768804932381725
LogReg_miRNA,1,tgu-miR-2976_st,-0.004520298056917153
LogReg_miRNA,1,tgu-miR-2981_st,-0.01432030409846181
LogReg_miRNA,1,tgu-miR-29a_st,0.0033317245733516265
LogReg_miRNA,1,tgu-miR-34a_st,0.0158860488288692
LogReg_miRNA,1,tgu-miR-451_st,0.012030154740967712
LogReg_miRNA,1,tgu-miR-454_st,0.006891252289023161
LogReg_miRNA,1,tgu-miR-99-star_st,-0.018116356012380933
LogReg_miRNA,1,tni-miR-125a_st,-0.011254005091701576
LogReg_miRNA,1,tni-miR-126_st,0.0037943002136252416
LogReg_miRNA,1,tni-miR-128_st,-0.030633681416343185
LogReg_miRNA,1,tni-miR-181a-star_st,-0.020955358088587367
LogReg_miRNA,1,tni-miR-181a_st,-0.026573430218980416
LogReg_miRNA,1,tni-miR-181b_st,-0.006334026661949814
LogReg_miRNA,1,tni-miR-18_st,0.03781157673856501
LogReg_miRNA,1,tni-miR-19a_st,-0.005145223856813659
LogReg_miRNA,1,tni-miR-19b_st,0.011604250685469318
LogReg_miRNA,1,tni-miR-20_st,0.01971236434717228
LogReg_miRNA,1,tni-miR-221_st,-0.014553022726330668
LogReg_miRNA,1,tni-miR-222_st,-0.01824820612120535
LogReg_miRNA,1,tni-miR-25_st,-0.02967201220778578
LogReg_miRNA,1,tni-miR-27e_st,0.010671244015651941
LogReg_miRNA,1,tni-miR-29a_st,-0.0006503620664862391
LogReg_miRNA,1,U104_st,-0.003022032823298813
LogReg_miRNA,1,U48_st,-0.012291553799931104
LogReg_miRNA,1,U49B_x_st,0.002780294748952727
LogReg_miRNA,1,U78_x_st,0.030078477877862688
LogReg_miRNA,1,vvi-miR395l_st,-0.023413034094338512
LogReg_miRNA,1,vvi-miR477_st,-0.020540659759373383
LogReg_miRNA,1,xla-miR-19b_st,0.009827235611010966
LogReg_miRNA,1,xla-miR-24b_st,0.010281103850215126
LogReg_miRNA,1,xtr-miR-126_st,0.009544400231025891
LogReg_miRNA,1,xtr-miR-130b_st,-0.003928271771031426
LogReg_miRNA,1,xtr-miR-155_st,0.019659857090895457
LogReg_miRNA,1,xtr-miR-181a_st,-0.027441154015883044
LogReg_miRNA,1,xtr-miR-181b_st,-0.007117336185808517
LogReg_miRNA,1,xtr-miR-18b_st,0.035791467170542365
LogReg_miRNA,1,xtr-miR-191_st,-0.011506797648843787
LogReg_miRNA,1,xtr-miR-19b_st,0.0037135810613185137
LogReg_miRNA,1,xtr-miR-20a_st,0.017962797837603562
LogReg_miRNA,1,xtr-miR-221_st,-0.009535012553551858
LogReg_miRNA,1,xtr-miR-222_st,-0.016495428660116492
LogReg_miRNA,1,xtr-miR-24a_st,0.013902901578231359
LogReg_miRNA,1,xtr-miR-24b_st,0.00902471463805278
LogReg_miRNA,1,xtr-miR-25_st,-0.03656701750316523
LogReg_miRNA,1,xtr-miR-29a_st,0.0015826133563401068
LogReg_miRNA,1,xtr-miR-34a_st,0.015529559836119979
LogReg_miRNA,1,xtr-miR-425-5p_st,-0.0022211100912344632
LogReg_miRNA,1,xtr-miR-499_st,-0.0003328749432909722
LogReg_miRNA,1,xtr-miR-92b_st,0.012924603857520619
LogReg_miRNA,1,xtr-miR-93a_st,0.0009294819896865907
LogReg_miRNA,1,xtr-miR-93b_st,0.0005158136686513719
LogReg_miRNA,1,zma-miR2118e_st,-0.012672350342107164
LogReg_miRNA,1,zma-miR395k_st,-0.008166535722730437
LogReg_miRNA,2,14q0_st,0.02752207146015851
LogReg_miRNA,2,14qI-4_st,0.019632325992849347
LogReg_miRNA,2,14qI-6_st,0.01595456583834657
LogReg_miRNA,2,14qI-6_x_st,0.0031103127618393608
LogReg_miRNA,2,14qI-7_st,0.02593281970957599
LogReg_miRNA,2,14qI-8_x_st,0.0159527253764977
LogReg_miRNA,2,14qI-9_x_st,0.010085484935781687
LogReg_miRNA,2,14qII-12_st,0.010119646832457935
LogReg_miRNA,2,14qII-12_x_st,0.010641634653072782
LogReg_miRNA,2,14qII-14_st,0.034107283515477205
LogReg_miRNA,2,14qII-14_x_st,0.02898915885917487
LogReg_miRNA,2,14qII-17_st,0.015265707138211019
LogReg_miRNA,2,14qII-1_st,0.03263916896135867
LogReg_miRNA,2,14qII-1_x_st,0.027966387618413475
LogReg_miRNA,2,14qII-21_x_st,0.018771899505228867
LogReg_miRNA,2,14qII-22_x_st,0.017482932843999596
LogReg_miRNA,2,14qII-23_x_st,0.03465753095267134
LogReg_miRNA,2,14qII-26_st,0.02423021399309029
LogReg_miRNA,2,14qII-26_x_st,0.0274316148562323
LogReg_miRNA,2,14qII-28_x_st,0.008498819265789301
LogReg_miRNA,2,14qII-3_st,0.024183815569707563
LogReg_miRNA,2,14qII-3_x_st,0.024951040835866203
LogReg_miRNA,2,14qII-5_x_st,0.0021312928277573227
LogReg_miRNA,2,14qII-9_x_st,0.027737496655351628
LogReg_miRNA,2,aae-miR-34-star_st,-0.04206811586130303
LogReg_miRNA,2,aae-miR-92a_st,-0.004491792653252518
LogReg_miRNA,2,ACA24_x_st,0.014605189853209782
LogReg_miRNA,2,aga-miR-92a_st,0.00585171970017699
LogReg_miRNA,2,age-miR-127_st,0.031674353234265686
LogReg_miRNA,2,age-miR-17-5p_st,0.013609205366608833
LogReg_miRNA,2,age-miR-19a_st,0.0038200516719103105
LogReg_miRNA,2,age-miR-19b_st,0.003677943261579571
LogReg_miRNA,2,age-miR-20_st,0.017377322721992924
LogReg_miRNA,2,age-miR-21_st,0.018787202916755463
LogReg_miRNA,2,age-miR-222_st,-0.02019141734916404
LogReg_miRNA,2,age-miR-34a_st,0.0013496172612700037
LogReg_miRNA,2,age-miR-93_st,-0.010452245401665158
LogReg_miRNA,2,ame-miR-124_st,0.015374430434025603
LogReg_miRNA,2,ame-miR-92a_st,-0.002913321714336549
LogReg_miRNA,2,ame-miR-92b_st,-0.009251249492636188
LogReg_miRNA,2,api-miR-10_st,0.006240641588603699
LogReg_miRNA,2,aqu-miR-2014-star_st,-0.015223828026471101
LogReg_miRNA,2,ath-miR1888_st,-0.03348935979351441
LogReg_miRNA,2,ath-miR416_st,-0.03464777247110935
LogReg_miRNA,2,bfl-miR-2061_st,-0.030540900317180455
LogReg_miRNA,2,bfl-miR-92a_st,-0.0008987366290617407
LogReg_miRNA,2,bfl-miR-92b_st,0.00932801299269748
LogReg_miRNA,2,bfl-miR-92c_st,0.008840851510632821
LogReg_miRNA,2,bhv1-miR-B3_st,0.024851681487301172
LogReg_miRNA,2,bma-miR-137_st,-0.01994742487344248
LogReg_miRNA,2,bma-miR-92_st,0.011000333947266365
LogReg_miRNA,2,bmo-miR-13a-star_st,-0.016342499055750307
LogReg_miRNA,2,bmo-miR-190-star_st,0.0014579094269303464
LogReg_miRNA,2,bmo-miR-2784_st,-0.029734686887303317
LogReg_miRNA,2,bmo-miR-3328_st,-0.029472876133009144
LogReg_miRNA,2,bmo-miR-3368_st,-0.01349662679489894
LogReg_miRNA,2,bmo-miR-92a_st,0.014552918898883913
LogReg_miRNA,2,bol-miR398a-star_st,-0.025402130592267133
LogReg_miRNA,2,bta-let-7d_st,-0.0200491418162793
LogReg_miRNA,2,bta-miR-106_st,0.011724108056477544
LogReg_miRNA,2,bta-miR-126_st,0.00953783230311838
LogReg_miRNA,2,bta-miR-127_st,0.030243383983510397
LogReg_miRNA,2,bta-miR-130b_st,0.0009616081158289375
LogReg_miRNA,2,bta-miR-1343_st,-0.018135915739393837
LogReg_miRNA,2,bta-miR-134_st,0.009320190529966209
LogReg_miRNA,2,bta-miR-140_st,-0.01564959022624011
LogReg_miRNA,2,bta-miR-146b_st,0.025465581518071045
LogReg_miRNA,2,bta-miR-152_st,0.021473280549706937
LogReg_miRNA,2,bta-miR-1584_st,-0.010558566691693982
LogReg_miRNA,2,bta-miR-1777a_st,-0.018391688333149383
LogReg_miRNA,2,bta-miR-1777b_st,-0.016686348272139037
LogReg_miRNA,2,bta-miR-181a_st,-0.024961389935072856
LogReg_miRNA,2,bta-miR-181b_st,-0.005348274739159695
LogReg_miRNA,2,bta-miR-181c_st,-0.007026846148740171
LogReg_miRNA,2,bta-miR-18b_st,0.0060717975452378925
LogReg_miRNA,2,bta-miR-191_st,-0.010128673717381976
LogReg_miRNA,2,bta-miR-195_st,0.02786843796325658
LogReg_miRNA,2,bta-miR-197_st,-0.018645895353265607
LogReg_miRNA,2,bta-miR-199a-3p_st,0.009770963132279563
LogReg_miRNA,2,bta-miR-19a_st,-0.007558156074278986
LogReg_miRNA,2,bta-miR-19b_st,0.0007375926720469705
LogReg_miRNA,2,bta-miR-20a_st,0.009141174365144545
LogReg_miRNA,2,bta-miR-20b_st,0.014179107343128028
LogReg_miRNA,2,bta-miR-21_st,0.024728797272855093
LogReg_miRNA,2,bta-miR-221_st,-0.01657504722193361
LogReg_miRNA,2,bta-miR-222_st,-0.030677856947974563
LogReg_miRNA,2,bta-miR-2288_st,0.019398837515538572
LogReg_miRNA,2,bta-miR-2305_st,-0.007689128942627438
LogReg_miRNA,2,bta-miR-2309_st,-0.02029855971430436
LogReg_miRNA,2,bta-miR-2316_st,-0.02520812435076951
LogReg_miRNA,2,bta-miR-2325b_st,-0.02704291626393269
LogReg_miRNA,2,bta-miR-2374_st,-0.0068260748077374365
LogReg_miRNA,2,bta-miR-2391_st,0.000639713509925709
LogReg_miRNA,2,bta-miR-2428_st,-0.02230560485615344
LogReg_miRNA,2,bta-miR-2436-5p_st,-0.01282120877580056
LogReg_miRNA,2,bta-miR-2451_st,-0.01793138746847229
LogReg_miRNA,2,bta-miR-2487_st,-0.009800277005258031
LogReg_miRNA,2,bta-miR-25_st,-0.036467756610693035
LogReg_miRNA,2,bta-miR-27a-3p_st,0.006592036397415106
LogReg_miRNA,2,bta-miR-27a-5p_st,-0.03407114648666924
LogReg_miRNA,2,bta-miR-2881_st,-0.014605623509995506
LogReg_miRNA,2,bta-miR-2885_st,-0.02873994412472545
LogReg_miRNA,2,bta-miR-2887_st,-0.0143997697828937
LogReg_miRNA,2,bta-miR-2900_st,-0.018069887811112788
LogReg_miRNA,2,bta-miR-29c_st,0.009110088913947075
LogReg_miRNA,2,bta-miR-361_st,-0.027332659730601692
LogReg_miRNA,2,bta-miR-370_st,0.01943442081139758
LogReg_miRNA,2,bta-miR-378_st,-0.008137029510007644
LogReg_miRNA,2,bta-miR-379_st,0.024838047735288644
LogReg_miRNA,2,bta-miR-382_st,0.01452371786071823
LogReg_miRNA,2,bta-miR-423-3p_st,-0.00841219922991363
LogReg_miRNA,2,bta-miR-432_st,0.011783798920853645
LogReg_miRNA,2,bta-miR-454_st,-0.0008583695585428896
LogReg_miRNA,2,bta-miR-485_st,0.02004377928813416
LogReg_miRNA,2,bta-miR-486_st,0.039584019528076386
LogReg_miRNA,2,bta-miR-487b_st,0.02133916619380426
LogReg_miRNA,2,bta-miR-493_st,0.020783799212861026
LogReg_miRNA,2,bta-miR-494_st,0.03785979588223004
LogReg_miRNA,2,bta-miR-495_st,0.0010732033664725413
LogReg_miRNA,2,bta-miR-543_st,0.01949816934833659
LogReg_miRNA,2,bta-miR-744_st,-0.010152756888259678
LogReg_miRNA,2,bta-miR-92b_st,0.008241831774488369
LogReg_miRNA,2,bta-miR-93_st,-0.019893513619341312
LogReg_miRNA,2,cbr-miR-233_st,-0.02457941832344911
LogReg_miRNA,2,cbr-miR-235b_st,-0.015644919033909882
LogReg_miRNA,2,cbr-miR-64b_st,0.014795565608835723
LogReg_miRNA,2,cel-miR-243_st,-0.02306552928874789
LogReg_miRNA,2,cfa-let-7j_st,-0.023780484423031965
LogReg_miRNA,2,cfa-miR-106a_st,0.01856345609965179
LogReg_miRNA,2,cfa-miR-10_st,0.011535947753317125
LogReg_miRNA,2,cfa-miR-127_st,0.038364292171811344
LogReg_miRNA,2,cfa-miR-130b_st,-0.005144292774371486
LogReg_miRNA,2,cfa-miR-134_st,0.017696679453998457
LogReg_miRNA,2,cfa-miR-140_st,-0.010838969850936808
LogReg_miRNA,2,cfa-miR-142_st,0.010254927591125357
LogReg_miRNA,2,cfa-miR-146b_st,0.018939058689366014
LogReg_miRNA,2,cfa-miR-152_st,0.011808699900779701
LogReg_miRNA,2,cfa-miR-181a_st,-0.023673945893864363
LogReg_miRNA,2,cfa-miR-181c_st,-0.00614985950439231
LogReg_miRNA,2,cfa-miR-18a_st,0.019178739483417466
LogReg_miRNA,2,cfa-miR-18b_st,0.0028562830107500973
LogReg_miRNA,2,cfa-miR-191_st,-0.012193529874172524
LogReg_miRNA,2,cfa-miR-195_st,0.02063555971086835
LogReg_miRNA,2,cfa-miR-197_st,-0.029805893445328347
LogReg_miRNA,2,cfa-miR-199_st,0.017052969001849487
LogReg_miRNA,2,cfa-miR-19a_st,-0.004340520706261966
LogReg_miRNA,2,cfa-miR-19b_st,0.007724251460445061
LogReg_miRNA,2,cfa-miR-20a_st,0.010350355371195706
LogReg_miRNA,2,cfa-miR-20b_st,0.013968428404025708
LogReg_miRNA,2,cfa-miR-21_st,0.014559787242426781
LogReg_miRNA,2,cfa-miR-221_st,-0.01646319908302749
LogReg_miRNA,2,cfa-miR-222_st,-0.02734080393241462
LogReg_miRNA,2,cfa-miR-23a_st,0.01624329809666757
LogReg_miRNA,2,cfa-miR-25_st,-0.029454012764485418
LogReg_miRNA,2,cfa-miR-27a_st,0.012502233512272112
LogReg_miRNA,2,cfa-miR-29c_st,0.014285055630798838
LogReg_miRNA,2,cfa-miR-34a_st,0.0125953619105383
LogReg_miRNA,2,cfa-miR-361_st,-0.020751276416405763
LogReg_miRNA,2,cfa-miR-374b_st,0.013045835353352955
LogReg_miRNA,2,cfa-miR-378_st,-0.011101690454767695
LogReg_miRNA,2,cfa-miR-379_st,0.020362076401287132
LogReg_miRNA,2,cfa-miR-432_st,0.016124825492276597
LogReg_miRNA,2,cfa-miR-485_st,0.025549553921513177
LogReg_miRNA,2,cfa-miR-487b_st,0.022417784791020225
LogReg_miRNA,2,cfa-miR-489_st,-0.026205935055273227
LogReg_miRNA,2,cfa-miR-494_st,0.02767615971094272
LogReg_miRNA,2,cfa-miR-495_st,0.012205369638917057
LogReg_miRNA,2,cfa-miR-543_st,0.009146127457254209
LogReg_miRNA,2,cfa-miR-92b_st,0.005258693545321705
LogReg_miRNA,2,cfa-miR-93_st,-0.014125050847247451
LogReg_miRNA,2,cgr-miR-21_st,0.02058222322710781
LogReg_miRNA,2,cin-let-7a_st,0.025411581826440034
LogReg_miRNA,2,cin-miR-126_st,0.015674028663988624
LogReg_miRNA,2,cin-miR-4002-5p_st,-0.014673850520237019
LogReg_miRNA,2,cin-miR-4020b-5p_st,-0.027113735780634078
LogReg_miRNA,2,cin-miR-4037-3p_st,0.025144651384632913
LogReg_miRNA,2,cin-miR-4074-5p_st,-0.026314449048167442
LogReg_miRNA,2,cin-miR-4099-5p_st,-0.011738745347878573
LogReg_miRNA,2,cin-miR-92a_st,0.005877821367347535
LogReg_miRNA,2,cin-miR-92b_st,0.0030161221190815367
LogReg_miRNA,2,cin-miR-92d-3p_st,-0.00021503081990067855
LogReg_miRNA,2,cqu-miR-92_st,0.004064566196668789
LogReg_miRNA,2,cqu-miR-981_st,-0.01777588109988745
LogReg_miRNA,2,cre-miR1144b_st,-0.02102984653313029
LogReg_miRNA,2,cre-miR1171_st,-0.034788119185040906
LogReg_miRNA,2,crm-miR-235_st,0.004007035250280529
LogReg_miRNA,2,crm-miR-788_st,0.0036895560552957633
LogReg_miRNA,2,csa-miR-92a_st,0.010062139529821683
LogReg_miRNA,2,csa-miR-92b_st,0.008919754482447053
LogReg_miRNA,2,csa-miR-92c_st,-0.0017148913064192447
LogReg_miRNA,2,cte-miR-92a_st,0.004014774368055047
LogReg_miRNA,2,cte-miR-92b_st,0.0038570409982386093
LogReg_miRNA,2,dan-miR-92a_st,-0.0009488972022359426
LogReg_miRNA,2,dan-miR-92b_st,-2.4727459871013552e-05
LogReg_miRNA,2,der-miR-289_st,-0.02093631279857877
LogReg_miRNA,2,der-miR-2a_st,-0.0285714269295672
LogReg_miRNA,2,der-miR-308_st,-0.010559915398437966
LogReg_miRNA,2,der-miR-92a_st,-0.0022775255289654048
LogReg_miRNA,2,der-miR-92b_st,0.0037611907545961757
LogReg_miRNA,2,dgr-miR-92a_st,-0.00038037676966061473
LogReg_miRNA,2,dgr-miR-92b_st,0.005589214031037702
LogReg_miRNA,2,dme-miR-2494_st,-0.007266799610060357
LogReg_miRNA,2,dme-miR-92a_st,0.000829713457090143
LogReg_miRNA,2,dme-miR-92b_st,0.0027821537288558102
LogReg_miRNA,2,dmo-miR-92a_st,-0.002406952316286964
LogReg_miRNA,2,dmo-miR-92b_st,0.006730851385851278
LogReg_miRNA,2,dpe-miR-289_st,-0.029111220190132542
LogReg_miRNA,2,dpe-miR-92a_st,0.0022975585633191725
LogReg_miRNA,2,dpe-miR-92b_st,0.0028710753397182907
LogReg_miRNA,2,dps-miR-10_st,0.004770542821092874
LogReg_miRNA,2,dps-miR-2568b-star_st,-0.023312722203706022
LogReg_miRNA,2,dps-miR-92a_st,-0.0003500901034613768
LogReg_miRNA,2,dps-miR-92b_st,0.009610274608541719
LogReg_miRNA,2,dps-miR-932-star_st,-0.01933071252151924
LogReg_miRNA,2,dps-miR-970-star_st,-0.011969843226004959
LogReg_miRNA,2,dpu-miR-92_st,0.005725353913084697
LogReg_miRNA,2,dre-let-7e_st,0.003979107771703834
LogReg_miRNA,2,dre-let-7g_st,0.007167077274419082
LogReg_miRNA,2,dre-miR-10b_st,0.008675269322780146
LogReg_miRNA,2,dre-miR-125a_st,-0.008980806459935658
LogReg_miRNA,2,dre-miR-126_st,0.006274855975937038
LogReg_miRNA,2,dre-miR-126b-star_st,0.004889123123028864
LogReg_miRNA,2,dre-miR-126b_st,0.006763392653557015
LogReg_miRNA,2,dre-miR-128_st,-0.04022233494761113
LogReg_miRNA,2,dre-miR-140-star_st,-0.014598723248353561
LogReg_miRNA,2,dre-miR-146a_st,0.022891448591291632
LogReg_miRNA,2,dre-miR-17a_st,0.001100962505817986
LogReg_miRNA,2,dre-miR-181a-star_st,-0.010922321935035222
LogReg_miRNA,2,dre-miR-181a_st,-0.023746699086307586
LogReg_miRNA,2,dre-miR-181b_st,-0.005244346096731033
LogReg_miRNA,2,dre-miR-181c_st,-0.00694492883753606
LogReg_miRNA,2,dre-miR-19a_st,-0.006455931438125004
LogReg_miRNA,2,dre-miR-19b_st,0.0029453632250402593
LogReg_miRNA,2,dre-miR-19c_st,0.0032208064537688733
LogReg_miRNA,2,dre-miR-19d_st,-0.002122682713401898
LogReg_miRNA,2,dre-miR-20a_st,0.009867748520670853
LogReg_miRNA,2,dre-miR-20b_st,0.010141519951752402
LogReg_miRNA,2,dre-miR-221_st,-0.01757947297405136
LogReg_miRNA,2,dre-miR-222_st,-0.02157131900061009
LogReg_miRNA,2,dre-miR-25_st,-0.03425385695172552
LogReg_miRNA,2,dre-miR-27d_st,0.004116962799322246
LogReg_miRNA,2,dre-miR-34_st,0.005633796455410868
LogReg_miRNA,2,dre-miR-92b_st,0.015776508321814976
LogReg_miRNA,2,dse-miR-92a_st,-0.0007708494211830189
LogReg_miRNA,2,dse-miR-92b_st,0.0038028022979560237
LogReg_miRNA,2,dsi-miR-92a_st,-0.0021285950548223373
LogReg_miRNA,2,dsi-miR-92b_st,0.0005150365209206476
LogReg_miRNA,2,dsi-miR-999-star_st,-0.0054687210098168385
LogReg_miRNA,2,dvi-miR-92a_st,0.0004427020075644637
LogReg_miRNA,2,dvi-miR-92b_st,0.0048676395461571004
LogReg_miRNA,2,dwi-miR-92a_st,-0.004615824856740606
LogReg_miRNA,2,dwi-miR-92b_st,0.0004909388535074905
LogReg_miRNA,2,dya-miR-10_st,0.012232719560618383
LogReg_miRNA,2,dya-miR-311a_st,0.01473731210149886
LogReg_miRNA,2,dya-miR-92a_st,0.00017462773371883906
LogReg_miRNA,2,dya-miR-92b_st,-9.291542235364945e-05
LogReg_miRNA,2,eca-let-7d_st,-0.020848939907896262
LogReg_miRNA,2,eca-miR-10a_st,0.00661779460223932
LogReg_miRNA,2,eca-miR-10b_st,0.0252774460534341
LogReg_miRNA,2,eca-miR-126-3p_st,0.013458338255503438
LogReg_miRNA,2,eca-miR-127_st,0.030716602724123063
LogReg_miRNA,2,eca-miR-130b_st,0.005309495885990038
LogReg_miRNA,2,eca-miR-134_st,0.03402511472562332
LogReg_miRNA,2,eca-miR-140-3p_st,-0.01726025779505007
LogReg_miRNA,2,eca-miR-146b-5p_st,0.017251616242549644
LogReg_miRNA,2,eca-miR-181a_st,-0.02324478977256544
LogReg_miRNA,2,eca-miR-181b_st,-0.007075013570743136
LogReg_miRNA,2,eca-miR-18b_st,0.009450429776975178
LogReg_miRNA,2,eca-miR-191_st,-0.008793459293955213
LogReg_miRNA,2,eca-miR-195_st,0.027929028452028444
LogReg_miRNA,2,eca-miR-197_st,-0.021287829829733308
LogReg_miRNA,2,eca-miR-199a-3p_st,0.010811275981950124
LogReg_miRNA,2,eca-miR-199b-3p_st,0.013265887850841854
LogReg_miRNA,2,eca-miR-19a_st,0.0014679094214114356
LogReg_miRNA,2,eca-miR-19b_st,0.00033244447988075595
LogReg_miRNA,2,eca-miR-20a_st,0.011756273728717695
LogReg_miRNA,2,eca-miR-20b_st,0.01891443592766101
LogReg_miRNA,2,eca-miR-21_st,0.017739997530480462
LogReg_miRNA,2,eca-miR-221_st,-0.014179560428202087
LogReg_miRNA,2,eca-miR-222_st,-0.029390657128237373
LogReg_miRNA,2,eca-miR-25_st,-0.03525547563980911
LogReg_miRNA,2,eca-miR-29c_st,0.014162514574424644
LogReg_miRNA,2,eca-miR-323-3p_st,-0.03732282626790455
LogReg_miRNA,2,eca-miR-324-3p_st,-0.0452403651224221
LogReg_miRNA,2,eca-miR-338-5p_st,0.031653294643942294
LogReg_miRNA,2,eca-miR-34_st,0.007558698182390484
LogReg_miRNA,2,eca-miR-361-5p_st,-0.019863365541129878
LogReg_miRNA,2,eca-miR-370_st,0.009743366326170363
LogReg_miRNA,2,eca-miR-376a_st,0.017786615695111967
LogReg_miRNA,2,eca-miR-376c_st,0.007232854851232745
LogReg_miRNA,2,eca-miR-378_st,-0.011167128155306077
LogReg_miRNA,2,eca-miR-379_st,0.0281697824631032
LogReg_miRNA,2,eca-miR-382_st,0.012592334482975006
LogReg_miRNA,2,eca-miR-409-3p_st,0.02945487563632058
LogReg_miRNA,2,eca-miR-411_st,0.007481249203046773
LogReg_miRNA,2,eca-miR-423-3p_st,-0.016241729016659736
LogReg_miRNA,2,eca-miR-423-5p_st,0.004916341618481688
LogReg_miRNA,2,eca-miR-432_st,0.013742262044897813
LogReg_miRNA,2,eca-miR-485-5p_st,0.013015820032264837
LogReg_miRNA,2,eca-miR-487b_st,0.026155090571617037
LogReg_miRNA,2,eca-miR-489_st,-0.023904323102109295
LogReg_miRNA,2,eca-miR-494_st,0.030678309004526845
LogReg_miRNA,2,eca-miR-495_st,0.009062955031074654
LogReg_miRNA,2,eca-miR-503_st,0.009345581117944314
LogReg_miRNA,2,eca-miR-543_st,0.004464292340983564
LogReg_miRNA,2,eca-miR-92b_st,0.015512377274842922
LogReg_miRNA,2,eca-miR-93_st,-0.011746890214097663
LogReg_miRNA,2,ENSG00000200492_x_st,-0.009131936630210894
LogReg_miRNA,2,ENSG00000212378_s_st,0.021753945146799764
LogReg_miRNA,2,ENSG00000212615_x_st,-0.0056728817003778
LogReg_miRNA,2,ENSG00000238368_st,-0.020408151772051533
LogReg_miRNA,2,ENSG00000238732_x_st,-0.03894441943784141
LogReg_miRNA,2,ENSG00000238801_st,-0.020671568358978158
LogReg_miRNA,2,ENSG00000238824_x_st,-0.0017405429363116785
LogReg_miRNA,2,ENSG00000238858_x_st,-0.032994868589560515
LogReg_miRNA,2,ENSG00000238893_st,-0.022445155587649042
LogReg_miRNA,2,ENSG00000238974_x_st,-0.008514512634857245
LogReg_miRNA,2,ENSG00000239005_st,-0.019072208723071166
LogReg_miRNA,2,ENSG00000239125_x_st,-0.01941983313911239
LogReg_miRNA,2,ENSG00000251938_st,-0.004425062789465565
LogReg_miRNA,2,ENSG00000252502_st,0.00851359403811472
LogReg_miRNA,2,ENSG00000252566_st,-0.01233609038838208
LogReg_miRNA,2,ENSG00000252691_st,-0.02675430529040698
LogReg_miRNA,2,fru-let-7e_st,0.011348412127053483
LogReg_miRNA,2,fru-miR-126_st,0.0075359606175192
LogReg_miRNA,2,fru-miR-17_st,0.0031140297097043885
LogReg_miRNA,2,fru-miR-181a_st,-0.023459946370338002
LogReg_miRNA,2,fru-miR-181b_st,-0.007577505643338761
LogReg_miRNA,2,fru-miR-19a_st,0.007647086608570822
LogReg_miRNA,2,fru-miR-19b_st,0.004568764835852589
LogReg_miRNA,2,fru-miR-20_st,0.010653330993859993
LogReg_miRNA,2,fru-miR-221_st,-0.018678965370643882
LogReg_miRNA,2,fru-miR-222_st,-0.02038387600297298
LogReg_miRNA,2,fru-miR-25_st,-0.028849467193262177
LogReg_miRNA,2,fru-miR-29a_st,0.012178858003572861
LogReg_miRNA,2,gga-let-7k_st,0.018390551257431755
LogReg_miRNA,2,gga-miR-106_st,0.008958168023767598
LogReg_miRNA,2,gga-miR-130a_st,0.00936469074088057
LogReg_miRNA,2,gga-miR-140-star_st,-0.01630284959055203
LogReg_miRNA,2,gga-miR-1456_st,-0.026507336144059784
LogReg_miRNA,2,gga-miR-146b_st,0.028400601660217226
LogReg_miRNA,2,gga-miR-146c_st,0.013950758456480753
LogReg_miRNA,2,gga-miR-155_st,0.017060739454825002
LogReg_miRNA,2,gga-miR-1575_st,0.002535136696131171
LogReg_miRNA,2,gga-miR-1576_st,-0.017774976991828017
LogReg_miRNA,2,gga-miR-1584_st,-0.01104509145148548
LogReg_miRNA,2,gga-miR-1607_st,-0.01480672667461593
LogReg_miRNA,2,gga-miR-1611_st,-0.02818947222525195
LogReg_miRNA,2,gga-miR-1613_st,0.03459713477168428
LogReg_miRNA,2,gga-miR-1621_st,-0.015599307442813872
LogReg_miRNA,2,gga-miR-1636_st,-0.0065662731016821844
LogReg_miRNA,2,gga-miR-1676_st,0.016090033639254795
LogReg_miRNA,2,gga-miR-1726_st,-0.011400731493903598
LogReg_miRNA,2,gga-miR-1736-star_st,0.02407272035540948
LogReg_miRNA,2,gga-miR-1763_st,-0.014900010737313858
LogReg_miRNA,2,gga-miR-1777_st,-0.028022128714298777
LogReg_miRNA,2,gga-miR-1790_st,-0.01270834010554101
LogReg_miRNA,2,gga-miR-181a_st,-0.02458633325730994
LogReg_miRNA,2,gga-miR-181b_st,-0.0051731207624321094
LogReg_miRNA,2,gga-miR-18a_st,0.009868763826155034
LogReg_miRNA,2,gga-miR-18b_st,0.012289533128069158
LogReg_miRNA,2,gga-miR-19a_st,-0.006198710606132904
LogReg_miRNA,2,gga-miR-19b_st,0.004998422068713515
LogReg_miRNA,2,gga-miR-20a_st,0.008577900908552299
LogReg_miRNA,2,gga-miR-20b_st,0.021354654546520448
LogReg_miRNA,2,gga-miR-2127_st,-0.006930576434197189
LogReg_miRNA,2,gga-miR-21_st,0.01900197122281701
LogReg_miRNA,2,gga-miR-221_st,-0.017502506361751106
LogReg_miRNA,2,gga-miR-222_st,-0.019909644878943325
LogReg_miRNA,2,gga-miR-29a_st,-0.003316521991210755
LogReg_miRNA,2,gga-miR-30a-5p_st,-0.003657603005706991
LogReg_miRNA,2,gga-miR-34a_st,0.010975657350167482
LogReg_miRNA,2,gga-miR-92_st,0.00399333808790133
LogReg_miRNA,2,ggo-miR-105_st,-0.020344745997843566
LogReg_miRNA,2,ggo-miR-124a_st,0.01180543897932465
LogReg_miRNA,2,ggo-miR-134_st,0.028376012025059086
LogReg_miRNA,2,ggo-miR-181a_st,-0.023161346300768104
LogReg_miRNA,2,ggo-miR-181b_st,-0.004179668789171954
LogReg_miRNA,2,ggo-miR-18_st,-2.3265846189458742e-05
LogReg_miRNA,2,ggo-miR-195_st,0.01988012675769051
LogReg_miRNA,2,ggo-miR-19a_st,-0.0002489134881200096
LogReg_miRNA,2,ggo-miR-19b_st,0.003852500329073769
LogReg_miRNA,2,ggo-miR-20_st,0.0165747839143266
LogReg_miRNA,2,ggo-miR-21_st,0.015096515526346166
LogReg_miRNA,2,ggo-miR-221_st,-0.013094205843210444
LogReg_miRNA,2,ggo-miR-25_st,-0.03974523820431321
LogReg_miRNA,2,ggo-miR-30b_st,-0.002541266295815794
LogReg_miRNA,2,ggo-miR-34a_st,0.009626524670333465
LogReg_miRNA,2,ggo-miR-93_st,-0.009028848235181014
LogReg_miRNA,2,gso-miR2109_st,-0.02852509814720818
LogReg_miRNA,2,HBII-82B_st,-0.020997108687354413
LogReg_miRNA,2,hcmv-miR-UL112_st,-0.008138244308449257
LogReg_miRNA,2,hcmv-miR-UL70-3p_st,-0.020849114323921242
LogReg_miRNA,2,hp_hsa-let-7b_x_st,-0.014870093173173834
LogReg_miRNA,2,hp_hsa-mir-1181_st,-0.03627125893760926
LogReg_miRNA,2,hp_hsa-mir-1185-1_s_st,-0.01791419347468773
LogReg_miRNA,2,hp_hsa-mir-1266_x_st,-0.03309962777642365
LogReg_miRNA,2,hp_hsa-mir-181a-2_st,-0.04628118933852512
LogReg_miRNA,2,hp_hsa-mir-3157_st,-0.010648574217664394
LogReg_miRNA,2,hp_hsa-mir-3159_st,-0.014144024800971112
LogReg_miRNA,2,hp_hsa-mir-3180-1_s_st,-0.030423235204911133
LogReg_miRNA,2,hp_hsa-mir-423_s_st,-0.008604937913901203
LogReg_miRNA,2,hp_hsa-mir-425_st,-0.019720402884264854
LogReg_miRNA,2,hp_hsa-mir-4263_st,-0.01646474439515785
LogReg_miRNA,2,hp_hsa-mir-548i-1_s_st,-0.02562285173342243
LogReg_miRNA,2,hp_hsa-mir-92b_st,0.004948069392452716
LogReg_miRNA,2,hp_mmu-mir-106a_x_st,0.030812645491003
LogReg_miRNA,2,hp_mmu-mir-1188_st,-0.010709945002837278
LogReg_miRNA,2,hp_mmu-mir-127_st,0.027070293354282668
LogReg_miRNA,2,hp_mmu-mir-130b_st,-0.01809824885035893
LogReg_miRNA,2,hp_mmu-mir-140_st,0.0033892704944229806
LogReg_miRNA,2,hp_mmu-mir-181a-2_x_st,-0.02063370132153008
LogReg_miRNA,2,hp_mmu-mir-222_st,-0.0139834656431934
LogReg_miRNA,2,hp_mmu-mir-338_st,-0.01886037362266896
LogReg_miRNA,2,hp_mmu-mir-465c-1_s_st,0.010214887627811755
LogReg_miRNA,2,hp_mmu-mir-465c-2_s_st,0.012412423879146837
LogReg_miRNA,2,hp_rno-mir-140_st,0.006614474848773503
LogReg_miRNA,2,hp_rno-mir-196b_st,-0.005946238697848106
LogReg_miRNA,2,hp_rno-mir-19b-1_x_st,0.0060484396392320155
LogReg_miRNA,2,hp_rno-mir-300_st,-0.012058120684456254
LogReg_miRNA,2,hp_rno-mir-423_st,0.0042295504854325
LogReg_miRNA,2,hp_rno-mir-425_st,-0.0322244091037859
LogReg_miRNA,2,hp_rno-mir-615_st,-0.034307591217942184
LogReg_miRNA,2,hp_rno-mir-9-3_st,0.0020873469954642014
LogReg_miRNA,2,hsa-miR-106a_st,0.01898536531679666
LogReg_miRNA,2,hsa-miR-106b-star_st,-0.008791110969701395
LogReg_miRNA,2,hsa-miR-1228-star_st,-0.023542677867799726
LogReg_miRNA,2,hsa-miR-125a-3p_st,0.01478095891186605
LogReg_miRNA,2,hsa-miR-126_st,0.01134035957710744
LogReg_miRNA,2,hsa-miR-127-3p_st,0.03567706828518876
LogReg_miRNA,2,hsa-miR-1287_st,-0.028895623584013975
LogReg_miRNA,2,hsa-miR-134_st,0.016879068750242015
LogReg_miRNA,2,hsa-miR-140-3p_st,-0.01457039229160868
LogReg_miRNA,2,hsa-miR-1469_st,-0.02833589020307232
LogReg_miRNA,2,hsa-miR-146b-5p_st,0.01413021966431741
LogReg_miRNA,2,hsa-miR-149-star_st,-0.013283166501719988
LogReg_miRNA,2,hsa-miR-152_st,0.009164853533073388
LogReg_miRNA,2,hsa-miR-181a-2-star_st,-0.032444682118006565
LogReg_miRNA,2,hsa-miR-181a_st,-0.02343376176358971
LogReg_miRNA,2,hsa-miR-181b_st,-0.005513140233194251
LogReg_miRNA,2,hsa-miR-1915_st,-0.022862365813829295
LogReg_miRNA,2,hsa-miR-191_st,-0.008700636056426816
LogReg_miRNA,2,hsa-miR-195_st,0.025589730335842786
LogReg_miRNA,2,hsa-miR-197_st,-0.03370549189712786
LogReg_miRNA,2,hsa-miR-199a-3p_st,0.009427325970756767
LogReg_miRNA,2,hsa-miR-19a_st,-0.006148528784747021
LogReg_miRNA,2,hsa-miR-19b_st,0.004034627280280259
LogReg_miRNA,2,hsa-miR-20a_st,0.01091069118415884
LogReg_miRNA,2,hsa-miR-20b_st,0.015797290318479724
LogReg_miRNA,2,hsa-miR-21_st,0.014604069428068038
LogReg_miRNA,2,hsa-miR-221_st,-0.015701359879198372
LogReg_miRNA,2,hsa-miR-222_st,-0.02833689340647269
LogReg_miRNA,2,hsa-miR-23a-star_st,-0.023458552575229694
LogReg_miRNA,2,hsa-miR-25_st,-0.03363009646006721
LogReg_miRNA,2,hsa-miR-27a-star_st,-0.0359663576540721
LogReg_miRNA,2,hsa-miR-2861_st,-0.019115483342982933
LogReg_miRNA,2,hsa-miR-3185_st,-0.031170874129868492
LogReg_miRNA,2,hsa-miR-3196_st,-0.028614888253772765
LogReg_miRNA,2,hsa-miR-324-3p_st,-0.03663524538425993
LogReg_miRNA,2,hsa-miR-335_st,0.02070071458949504
LogReg_miRNA,2,hsa-miR-338-5p_st,0.0242239980816758
LogReg_miRNA,2,hsa-miR-345_st,-0.018342611779478036
LogReg_miRNA,2,hsa-miR-34a_st,0.010882376618750423
LogReg_miRNA,2,hsa-miR-361-5p_st,-0.02259430633137873
LogReg_miRNA,2,hsa-miR-376c_st,0.008807296012536778
LogReg_miRNA,2,hsa-miR-378_st,-0.010202704788261163
LogReg_miRNA,2,hsa-miR-378c_st,-0.021961691441596636
LogReg_miRNA,2,hsa-miR-379_st,0.02449782919219388
LogReg_miRNA,2,hsa-miR-382_st,0.012557520192829925
LogReg_miRNA,2,hsa-miR-409-3p_st,0.032277070717708835
LogReg_miRNA,2,hsa-miR-411_st,0.012259251590062867
LogReg_miRNA,2,hsa-miR-423-3p_st,-0.0046703890745277594
LogReg_miRNA,2,hsa-miR-4261_st,-0.027555524480090823
LogReg_miRNA,2,hsa-miR-4281_st,-0.026813153518594007
LogReg_miRNA,2,hsa-miR-432_st,0.0146411636775572
LogReg_miRNA,2,hsa-miR-485-5p_st,0.012548478069911701
LogReg_miRNA,2,hsa-miR-487b_st,0.02352750209809636
LogReg_miRNA,2,hsa-miR-493_st,0.004977409353392817
LogReg_miRNA,2,hsa-miR-494_st,0.034419198930529735
LogReg_miRNA,2,hsa-miR-495_st,0.002902062129428946
LogReg_miRNA,2,hsa-miR-503_st,0.01983483116936288
LogReg_miRNA,2,hsa-miR-543_st,0.01592266768558001
LogReg_miRNA,2,hsa-miR-584_st,0.018162117578737376
LogReg_miRNA,2,hsa-miR-638_st,-0.01341119123464816
LogReg_miRNA,2,hsa-miR-660_st,0.01018264407232291
LogReg_miRNA,2,hsa-miR-663_st,-0.026966816416198667
LogReg_miRNA,2,hsa-miR-744_st,-0.015778785098418086
LogReg_miRNA,2,hsa-miR-762_st,-0.015543051101451143
LogReg_miRNA,2,hsa-miR-766_st,-0.03520764485046843
LogReg_miRNA,2,hsa-miR-92a-1-star_st,0.014552973780205546
LogReg_miRNA,2,hsa-miR-92b_st,0.018234366073818457
LogReg_miRNA,2,hsa-miR-93_st,-0.016446954604358875
LogReg_miRNA,2,hsv1-miR-H17_st,-0.006098864826325079
LogReg_miRNA,2,hsv2-miR-H10_st,-0.010927418622697927
LogReg_miRNA,2,hsv2-miR-H25_st,-0.022999166178661948
LogReg_miRNA,2,hsv2-miR-H5_st,-0.033045118461224016
LogReg_miRNA,2,hvt-miR-H1_st,-0.019791087276440626
LogReg_miRNA,2,hvt-miR-H3-5p_st,-0.02406449615229555
LogReg_miRNA,2,iltv-miR-I3_st,-0.015685781694685055
LogReg_miRNA,2,kshv-miR-K12-7_st,-0.013393712918258279
LogReg_miRNA,2,lca-miR-18_st,0.02237461292980807
LogReg_miRNA,2,lca-miR-19a_st,0.005517344274614562
LogReg_miRNA,2,lca-miR-19b_st,0.004087478402085924
LogReg_miRNA,2,lca-miR-20_st,0.015198577310316175
LogReg_miRNA,2,lla-miR-127_st,0.03688703769336566
LogReg_miRNA,2,lla-miR-181a_st,-0.02221279923579215
LogReg_miRNA,2,lla-miR-181b_st,-0.0046869732992279355
LogReg_miRNA,2,lla-miR-18_st,0.02352039747832794
LogReg_miRNA,2,lla-miR-19a_st,-0.0006417478477127047
LogReg_miRNA,2,lla-miR-19b_st,0.003771765837685257
LogReg_miRNA,2,lla-miR-20_st,0.01846983448101027
LogReg_miRNA,2,lla-miR-25_st,-0.03652263131290937
LogReg_miRNA,2,lla-miR-30b_st,0.006168809209787707
LogReg_miRNA,2,lla-miR-34a_st,0.007458644529611961
LogReg_miRNA,2,lla-miR-93_st,-0.00976921487640095
LogReg_miRNA,2,mcmv-miR-M87-1_st,-0.021650828711475202
LogReg_miRNA,2,mdo-miR-106_st,0.008761644559715386
LogReg_miRNA,2,mdo-miR-146b_st,0.018156393637899965
LogReg_miRNA,2,mdo-miR-152_st,0.03229105276104055
LogReg_miRNA,2,mdo-miR-17-5p_st,0.012047018704931552
LogReg_miRNA,2,mdo-miR-181a_st,-0.02424029262482951
LogReg_miRNA,2,mdo-miR-181b_st,-0.004976106085541233
LogReg_miRNA,2,mdo-miR-181c_st,-0.024080212168786558
LogReg_miRNA,2,mdo-miR-18_st,0.01576975832409521
LogReg_miRNA,2,mdo-miR-191_st,-0.010640059417713073
LogReg_miRNA,2,mdo-miR-19a_st,0.0011426052772299362
LogReg_miRNA,2,mdo-miR-19b_st,0.00046395574784125203
LogReg_miRNA,2,mdo-miR-20_st,0.009141469253754676
LogReg_miRNA,2,mdo-miR-21_st,0.01755635485825755
LogReg_miRNA,2,mdo-miR-221_st,-0.01621559285988618
LogReg_miRNA,2,mdo-miR-222a_st,-0.019997046304114526
LogReg_miRNA,2,mdo-miR-24_st,0.014302090656504328
LogReg_miRNA,2,mdo-miR-25_st,-0.028773021523961682
LogReg_miRNA,2,mdo-miR-30a_st,0.011585984045076124
LogReg_miRNA,2,mdo-miR-34a_st,0.014562115935099273
LogReg_miRNA,2,mdo-miR-739_st,-0.044093759767633536
LogReg_miRNA,2,mdo-miR-92_st,0.0029852442153935612
LogReg_miRNA,2,mdo-miR-93_st,-0.011506259261929372
LogReg_miRNA,2,mdv1-miR-M1_st,-0.015407313654337168
LogReg_miRNA,2,mml-let-7d_st,-0.01911728417233908
LogReg_miRNA,2,mml-miR-1227_st,-0.023487579453872205
LogReg_miRNA,2,mml-miR-125a-3p_st,0.02515610459658544
LogReg_miRNA,2,mml-miR-126_st,0.013078729063833509
LogReg_miRNA,2,mml-miR-127_st,0.0342938007299448
LogReg_miRNA,2,mml-miR-130b_st,0.001945271492559417
LogReg_miRNA,2,mml-miR-134_st,0.015473693881475896
LogReg_miRNA,2,mml-miR-140-3p_st,-0.021586160060803963
LogReg_miRNA,2,mml-miR-146b-5p_st,0.02168095865103201
LogReg_miRNA,2,mml-miR-152_st,0.01730084960675776
LogReg_miRNA,2,mml-miR-17-5p_st,0.011332723960568926
LogReg_miRNA,2,mml-miR-181a_st,-0.022908530506945548
LogReg_miRNA,2,mml-miR-181b_st,-0.004882832228903982
LogReg_miRNA,2,mml-miR-18_st,0.02759121852938204
LogReg_miRNA,2,mml-miR-191_st,-0.009759322145488887
LogReg_miRNA,2,mml-miR-195_st,0.03262867647555482
LogReg_miRNA,2,mml-miR-197_st,-0.027715662089426028
LogReg_miRNA,2,mml-miR-19a_st,0.00256036292415696
LogReg_miRNA,2,mml-miR-19b_st,0.003822292739083213
LogReg_miRNA,2,mml-miR-20a_st,0.01643397454719519
LogReg_miRNA,2,mml-miR-20b_st,0.020854915186621307
LogReg_miRNA,2,mml-miR-21_st,0.02862113099065901
LogReg_miRNA,2,mml-miR-221_st,-0.017839893215945212
LogReg_miRNA,2,mml-miR-222_st,-0.029256231473662696
LogReg_miRNA,2,mml-miR-25_st,-0.03521194987867498
LogReg_miRNA,2,mml-miR-30a-5p_st,-5.7130093910384965e-05
LogReg_miRNA,2,mml-miR-324-3p_st,-0.032573647837333644
LogReg_miRNA,2,mml-miR-34a_st,-0.0020498487923943003
LogReg_miRNA,2,mml-miR-361-5p_st,-0.0225156152069924
LogReg_miRNA,2,mml-miR-374b_st,0.006389772680905374
LogReg_miRNA,2,mml-miR-376c_st,0.00670020775652344
LogReg_miRNA,2,mml-miR-378_st,-0.016152212808165638
LogReg_miRNA,2,mml-miR-379_st,0.022679225670771023
LogReg_miRNA,2,mml-miR-382_st,0.011779460025795387
LogReg_miRNA,2,mml-miR-409-3p_st,0.024985802370549013
LogReg_miRNA,2,mml-miR-423-3p_st,-0.019014574874773142
LogReg_miRNA,2,mml-miR-432_st,0.025227297547309704
LogReg_miRNA,2,mml-miR-433_st,0.004344631156617452
LogReg_miRNA,2,mml-miR-450b-3p_st,-0.020215587098947517
LogReg_miRNA,2,mml-miR-485-5p_st,0.013884591960593292
LogReg_miRNA,2,mml-miR-487b_st,0.032718622136007576
LogReg_miRNA,2,mml-miR-493_st,-0.002014496152926316
LogReg_miRNA,2,mml-miR-494_st,0.024020011408902926
LogReg_miRNA,2,mml-miR-495_st,0.00858459647238423
LogReg_miRNA,2,mml-miR-503_st,0.023010881757701468
LogReg_miRNA,2,mml-miR-543_st,0.005665392425590033
LogReg_miRNA,2,mml-miR-548a_st,0.008902865741488086
LogReg_miRNA,2,mml-miR-638_st,-0.030664828234787913
LogReg_miRNA,2,mml-miR-663_st,-0.02921034352758456
LogReg_miRNA,2,mml-miR-762_st,-0.01344588129306155
LogReg_miRNA,2,mml-miR-92b_st,0.013193916838930222
LogReg_miRNA,2,mml-miR-93_st,-0.009990530998416264
LogReg_miRNA,2,mmu-let-7d_st,-0.019250143667818336
LogReg_miRNA,2,mmu-miR-106a_st,0.01787483878966585
LogReg_miRNA,2,mmu-miR-106b-star_st,0.0010832725454990113
LogReg_miRNA,2,mmu-miR-125a-3p_st,0.020518851198267685
LogReg_miRNA,2,mmu-miR-126-3p_st,0.01212863983038768
LogReg_miRNA,2,mmu-miR-127_st,0.02964016492956237
LogReg_miRNA,2,mmu-miR-130b_st,0.0011052098372130062
LogReg_miRNA,2,mmu-miR-134_st,0.017072285263457037
LogReg_miRNA,2,mmu-miR-140-star_st,-0.014707132291480247
LogReg_miRNA,2,mmu-miR-146b_st,0.017744283729260193
LogReg_miRNA,2,mmu-miR-152_st,0.01848067302482919
LogReg_miRNA,2,mmu-miR-155_st,0.020038696047503773
LogReg_miRNA,2,mmu-miR-181a_st,-0.02242365546870392
LogReg_miRNA,2,mmu-miR-181b_st,-0.005155593723447819
LogReg_miRNA,2,mmu-miR-18a-star_st,0.022105227199825623
LogReg_miRNA,2,mmu-miR-191_st,-0.009345331637795322
LogReg_miRNA,2,mmu-miR-1937a_st,0.009930649803110647
LogReg_miRNA,2,mmu-miR-195_st,0.028743032526090586
LogReg_miRNA,2,mmu-miR-199a-3p_st,0.019319282316584904
LogReg_miRNA,2,mmu-miR-199b_st,0.014215938592400362
LogReg_miRNA,2,mmu-miR-19a_st,-0.010605320465473385
LogReg_miRNA,2,mmu-miR-19b_st,0.003327839975994862
LogReg_miRNA,2,mmu-miR-20a_st,0.009544959812894958
LogReg_miRNA,2,mmu-miR-20b_st,0.01583819568657836
LogReg_miRNA,2,mmu-miR-2132_st,-0.027653544562768514
LogReg_miRNA,2,mmu-miR-2133_st,-0.03095273493829117
LogReg_miRNA,2,mmu-miR-2137_st,-0.02086218057562928
LogReg_miRNA,2,mmu-miR-21_st,0.02514307113886674
LogReg_miRNA,2,mmu-miR-221_st,-0.018818498269415132
LogReg_miRNA,2,mmu-miR-222_st,-0.030162361232057264
LogReg_miRNA,2,mmu-miR-25_st,-0.03983483348012893
LogReg_miRNA,2,mmu-miR-27a-star_st,-0.033420278459777665
LogReg_miRNA,2,mmu-miR-2861_st,-0.02312560279671695
LogReg_miRNA,2,mmu-miR-29c_st,0.010708845990284793
LogReg_miRNA,2,mmu-miR-34a_st,0.005669997269972081
LogReg_miRNA,2,mmu-miR-361_st,-0.01617567569129441
LogReg_miRNA,2,mmu-miR-378_st,-0.017240526634380166
LogReg_miRNA,2,mmu-miR-379_st,0.01744673562053952
LogReg_miRNA,2,mmu-miR-382_st,0.014615688604748791
LogReg_miRNA,2,mmu-miR-409-3p_st,0.023681828441631556
LogReg_miRNA,2,mmu-miR-423-3p_st,-0.017831256964211128
LogReg_miRNA,2,mmu-miR-423-5p_st,0.0038235564039312215
LogReg_miRNA,2,mmu-miR-425-star_st,-0.00645728789690744
LogReg_miRNA,2,mmu-miR-433_st,0.017999267473568874
LogReg_miRNA,2,mmu-miR-485_st,0.02042578725137093
LogReg_miRNA,2,mmu-miR-487b_st,0.026260135489034903
LogReg_miRNA,2,mmu-miR-494_st,0.021305913835204738
LogReg_miRNA,2,mmu-miR-495_st,0.009345849876204638
LogReg_miRNA,2,mmu-miR-744_st,-0.0165887988504757
LogReg_miRNA,2,mmu-miR-762_st,-0.01936233510150517
LogReg_miRNA,2,mmu-miR-92a_st,0.0051628624002907925
LogReg_miRNA,2,mmu-miR-92b_st,0.008614987430608598
LogReg_miRNA,2,mmu-miR-93_st,-0.018292717064180716
LogReg_miRNA,2,mne-miR-10b_st,0.026357354660822417
LogReg_miRNA,2,mne-miR-127_st,0.02462946343632633
LogReg_miRNA,2,mne-miR-134_st,0.02675089082692363
LogReg_miRNA,2,mne-miR-17-5p_st,0.012675265894571616
LogReg_miRNA,2,mne-miR-181a_st,-0.025003584812788044
LogReg_miRNA,2,mne-miR-181b_st,-0.005056359420295033
LogReg_miRNA,2,mne-miR-19a_st,-0.0029220947458688026
LogReg_miRNA,2,mne-miR-19b_st,0.005523698331436224
LogReg_miRNA,2,mne-miR-20_st,0.016639195554403113
LogReg_miRNA,2,mne-miR-21_st,0.010669504453152706
LogReg_miRNA,2,mne-miR-25_st,-0.04370764200122838
LogReg_miRNA,2,mne-miR-30b_st,-0.004876082144579274
LogReg_miRNA,2,mne-miR-34a_st,0.0026753449374081004
LogReg_miRNA,2,mne-miR-93_st,-0.009435730383863916
LogReg_miRNA,2,mtr-miR2618a_st,-0.017351776959165507
LogReg_miRNA,2,mtr-miR2675a_st,0.020280644923365045
LogReg_miRNA,2,mtr-miR2675b_st,0.006998098440373321
LogReg_miRNA,2,mtr-miR395g_st,-0.004069982573392601
LogReg_miRNA,2,nve-miR-2024g-star_st,-0.023701415858882007
LogReg_miRNA,2,nvi-miR-2b_st,0.0018298906490118042
LogReg_miRNA,2,nvi-miR-92a_st,-0.0020631339106311126
LogReg_miRNA,2,oan-let-7d_st,-0.02150126160946579
LogReg_miRNA,2,oan-let-7e_st,0.013989163107358546
LogReg_miRNA,2,oan-miR-101_st,-7.961692364159443e-05
LogReg_miRNA,2,oan-miR-106_st,0.011671478074233506
LogReg_miRNA,2,oan-miR-126_st,0.012490884064593205
LogReg_miRNA,2,oan-miR-1346_st,-0.011906583776658819
LogReg_miRNA,2,oan-miR-1394_st,-0.026379886525905987
LogReg_miRNA,2,oan-miR-140_st,-0.016817676232979743
LogReg_miRNA,2,oan-miR-1420f_st,-0.031042240076133376
LogReg_miRNA,2,oan-miR-1421i-1-star_st,-0.02505353753617739
LogReg_miRNA,2,oan-miR-1421y_st,0.0020627277698542276
LogReg_miRNA,2,oan-miR-146b_st,0.022262801526269384
LogReg_miRNA,2,oan-miR-16c_st,0.007915138032554551
LogReg_miRNA,2,oan-miR-17_st,0.01590645793369656
LogReg_miRNA,2,oan-miR-181a_st,-0.022611149537170486
LogReg_miRNA,2,oan-miR-181b_st,-0.0068681157269779155
LogReg_miRNA,2,oan-miR-18_st,0.009691823737411662
LogReg_miRNA,2,oan-miR-191_st,-0.012520630613642645
LogReg_miRNA,2,oan-miR-199_st,0.018716886246165253
LogReg_miRNA,2,oan-miR-19a_st,0.006246941663037607
LogReg_miRNA,2,oan-miR-19b_st,-0.00025017632925670725
LogReg_miRNA,2,oan-miR-20a_st,0.001452860845708543
LogReg_miRNA,2,oan-miR-20b_st,0.014173572717446714
LogReg_miRNA,2,oan-miR-21_st,0.022445406156633353
LogReg_miRNA,2,oan-miR-221_st,-0.01630292292595703
LogReg_miRNA,2,oan-miR-222a_st,-0.02797390417703839
LogReg_miRNA,2,oan-miR-29a_st,-0.002336605703309276
LogReg_miRNA,2,oan-miR-92a-2-star_st,0.019511747220590805
LogReg_miRNA,2,oan-miR-92b_st,0.006723936318015672
LogReg_miRNA,2,oan-miR-92c_st,0.014379130977845964
LogReg_miRNA,2,oar-miR-127_st,0.029693491247576132
LogReg_miRNA,2,oar-miR-432_st,0.021339903255880255
LogReg_miRNA,2,odi-miR-124a_st,0.013985336870474197
LogReg_miRNA,2,odi-miR-1469_st,0.007228238975147395
LogReg_miRNA,2,odi-miR-1485_st,0.030762410223796038
LogReg_miRNA,2,odi-miR-1504_st,-0.012792735420216068
LogReg_miRNA,2,odi-miR-92a_st,0.015204211058688627
LogReg_miRNA,2,osa-miR2096-3p_st,-0.015329439608216608
LogReg_miRNA,2,osa-miR2097-5p_st,-0.024639138112090925
LogReg_miRNA,2,osa-miR2124h_st,-0.01837836610239029
LogReg_miRNA,2,osa-miR806b_st,-0.011020723127754107
LogReg_miRNA,2,peu-miR2911_st,-0.028382197763570472
LogReg_miRNA,2,ppa-miR-106a_st,0.01082752290369553
LogReg_miRNA,2,ppa-miR-134_st,0.028296072747839494
LogReg_miRNA,2,ppa-miR-181a_st,-0.02391784796833495
LogReg_miRNA,2,ppa-miR-181b_st,-0.0069232193546566205
LogReg_miRNA,2,ppa-miR-195_st,0.03562911653057775
LogReg_miRNA,2,ppa-miR-197_st,-0.030172107673253026
LogReg_miRNA,2,ppa-miR-19a_st,-0.0036198645790521504
LogReg_miRNA,2,ppa-miR-19b_st,0.003094459520478859
LogReg_miRNA,2,ppa-miR-20_st,0.013664425959748022
LogReg_miRNA,2,ppa-miR-21_st,0.025542814091491426
LogReg_miRNA,2,ppa-miR-221_st,-0.011773683827695756
LogReg_miRNA,2,ppa-miR-25_st,-0.0327068006924672
LogReg_miRNA,2,ppa-miR-29a_st,0.01852797910826222
LogReg_miRNA,2,ppa-miR-30a-5p_st,0.00730286472098918
LogReg_miRNA,2,ppa-miR-34a_st,0.010930177284096884
LogReg_miRNA,2,ppa-miR-93_st,-0.012298919195966148
LogReg_miRNA,2,ppc-miR-2248_st,-0.014075411249511371
LogReg_miRNA,2,ppt-miR1044-5p_st,-0.0201509854552707
LogReg_miRNA,2,ppt-miR1077-5p_st,-0.012712572334823658
LogReg_miRNA,2,ppt-miR160b_st,-0.011922255562271406
LogReg_miRNA,2,ppy-let-7d_st,-0.0217555364438084
LogReg_miRNA,2,ppy-miR-125a-3p_st,0.01712022478120762
LogReg_miRNA,2,ppy-miR-126_st,0.011381503480800876
LogReg_miRNA,2,ppy-miR-127_st,0.025111409396201927
LogReg_miRNA,2,ppy-miR-134_st,0.024555437544159345
LogReg_miRNA,2,ppy-miR-140-3p_st,-0.018651901133647866
LogReg_miRNA,2,ppy-miR-1469_st,-0.029171900564907746
LogReg_miRNA,2,ppy-miR-146b-5p_st,0.019810952363588163
LogReg_miRNA,2,ppy-miR-181a_st,-0.022778323018631946
LogReg_miRNA,2,ppy-miR-181b_st,-0.0029286506782806522
LogReg_miRNA,2,ppy-miR-181c_st,-0.003595114387494652
LogReg_miRNA,2,ppy-miR-18b_st,0.014190466368101602
LogReg_miRNA,2,ppy-miR-1915_st,-0.02367290562504718
LogReg_miRNA,2,ppy-miR-191_st,-0.010138213232833839
LogReg_miRNA,2,ppy-miR-195_st,0.033576119398427556
LogReg_miRNA,2,ppy-miR-19a_st,0.007489303545691838
LogReg_miRNA,2,ppy-miR-19b_st,0.0021154937211556426
LogReg_miRNA,2,ppy-miR-205_st,-0.022868607781020935
LogReg_miRNA,2,ppy-miR-20_st,0.016199326129424305
LogReg_miRNA,2,ppy-miR-20b_st,0.016002371805819336
LogReg_miRNA,2,ppy-miR-21_st,0.026116770005942716
LogReg_miRNA,2,ppy-miR-221_st,-0.016437584989511
LogReg_miRNA,2,ppy-miR-222_st,-0.028209100308193444
LogReg_miRNA,2,ppy-miR-25_st,-0.043691134172433796
LogReg_miRNA,2,ppy-miR-29c_st,-0.0008905333963071974
LogReg_miRNA,2,ppy-miR-345_st,-0.013800413738299995
LogReg_miRNA,2,ppy-miR-34a_st,0.0051693320340480825
LogReg_miRNA,2,ppy-miR-361-5p_st,-0.022061499401342034
LogReg_miRNA,2,ppy-miR-376c_st,0.01681416924218287
LogReg_miRNA,2,ppy-miR-379_st,0.028631836809745587
LogReg_miRNA,2,ppy-miR-382_st,0.008214413606339553
LogReg_miRNA,2,ppy-miR-409-3p_st,0.026210548272097803
LogReg_miRNA,2,ppy-miR-423-3p_st,-0.011929513889698751
LogReg_miRNA,2,ppy-miR-432_st,0.024547480478018247
LogReg_miRNA,2,ppy-miR-485-5p_st,0.006750604745218429
LogReg_miRNA,2,ppy-miR-487b_st,0.013910489774176006
LogReg_miRNA,2,ppy-miR-493_st,0.013504799118976696
LogReg_miRNA,2,ppy-miR-494_st,0.030794127704880145
LogReg_miRNA,2,ppy-miR-495_st,0.014555376507434055
LogReg_miRNA,2,ppy-miR-503_st,0.021593185406240223
LogReg_miRNA,2,ppy-miR-543_st,0.013537632678877866
LogReg_miRNA,2,ppy-miR-584_st,0.014963689928008627
LogReg_miRNA,2,ppy-miR-638_st,-0.019438721933908353
LogReg_miRNA,2,ppy-miR-654-3p_st,-0.0015176365022519912
LogReg_miRNA,2,ppy-miR-744_st,-0.016541791342642217
LogReg_miRNA,2,ppy-miR-92b_st,0.010820494308108535
LogReg_miRNA,2,ppy-miR-93_st,-0.012082956927830289
LogReg_miRNA,2,pta-miR951_st,-0.0061173682222310675
LogReg_miRNA,2,ptc-miR480a_st,-0.001646227317186246
LogReg_miRNA,2,ptr-let-7d_st,-0.019388702526004883
LogReg_miRNA,2,ptr-miR-106a_st,0.012156677150428771
LogReg_miRNA,2,ptr-miR-1184_st,0.011308727102806216
LogReg_miRNA,2,ptr-miR-125a_st,0.029941891297363216
LogReg_miRNA,2,ptr-miR-126_st,0.0117740521637017
LogReg_miRNA,2,ptr-miR-127_st,0.029693651610547538
LogReg_miRNA,2,ptr-miR-134_st,0.014506179144534245
LogReg_miRNA,2,ptr-miR-146b_st,0.019276330079900598
LogReg_miRNA,2,ptr-miR-152_st,0.006642285313546208
LogReg_miRNA,2,ptr-miR-17-5p_st,0.01441881914590749
LogReg_miRNA,2,ptr-miR-181a_st,-0.02263177602186164
LogReg_miRNA,2,ptr-miR-181b_st,-0.0051267078927344145
LogReg_miRNA,2,ptr-miR-181c_st,-0.007832488523621497
LogReg_miRNA,2,ptr-miR-18b_st,0.014677057148802757
LogReg_miRNA,2,ptr-miR-191_st,-0.009928258414427458
LogReg_miRNA,2,ptr-miR-195_st,0.019970943022514436
LogReg_miRNA,2,ptr-miR-199b_st,0.006978902114889144
LogReg_miRNA,2,ptr-miR-19a_st,0.002594943400331758
LogReg_miRNA,2,ptr-miR-19b_st,0.005018563205189806
LogReg_miRNA,2,ptr-miR-20a_st,0.013828590815091286
LogReg_miRNA,2,ptr-miR-20b_st,0.018918266656579127
LogReg_miRNA,2,ptr-miR-21_st,0.02818925149944222
LogReg_miRNA,2,ptr-miR-221_st,-0.012207065992472569
LogReg_miRNA,2,ptr-miR-29c_st,0.019105890452336415
LogReg_miRNA,2,ptr-miR-30b_st,-0.0028925819614526753
LogReg_miRNA,2,ptr-miR-323_st,-0.02831680890579711
LogReg_miRNA,2,ptr-miR-324_st,-0.04240939308324767
LogReg_miRNA,2,ptr-miR-32_st,0.028761914871795687
LogReg_miRNA,2,ptr-miR-335_st,0.010995947478530074
LogReg_miRNA,2,ptr-miR-345_st,-0.018252099066155877
LogReg_miRNA,2,ptr-miR-34a_st,0.003579974567275891
LogReg_miRNA,2,ptr-miR-376c_st,-0.003721075150262822
LogReg_miRNA,2,ptr-miR-378_st,-0.014737444191842239
LogReg_miRNA,2,ptr-miR-379_st,0.013702930109907497
LogReg_miRNA,2,ptr-miR-382_st,0.023669516068802292
LogReg_miRNA,2,ptr-miR-409_st,0.014905529713946633
LogReg_miRNA,2,ptr-miR-423_st,-0.018500786083852944
LogReg_miRNA,2,ptr-miR-432_st,0.02357344246896594
LogReg_miRNA,2,ptr-miR-487b_st,0.023859351706427622
LogReg_miRNA,2,ptr-miR-494_st,0.04042727160444376
LogReg_miRNA,2,ptr-miR-495_st,-0.0014379526402553038
LogReg_miRNA,2,ptr-miR-503_st,0.022153323637477625
LogReg_miRNA,2,ptr-miR-543_st,0.014000485858355288
LogReg_miRNA,2,ptr-miR-548a_st,0.00829970107105668
LogReg_miRNA,2,ptr-miR-548i_st,-0.0063289129016347095
LogReg_miRNA,2,ptr-miR-663a_st,-0.029973198184651332
LogReg_miRNA,2,ptr-miR-744_st,-0.017720437495494616
LogReg_miRNA,2,ptr-miR-762_st,-0.01672981341726
LogReg_miRNA,2,ptr-miR-93_st,-0.013193565044003673
LogReg_miRNA,2,rno-let-7d_st,-0.02000325636811442
LogReg_miRNA,2,rno-miR-106b-star_st,-0.013488940063188525
LogReg_miRNA,2,rno-miR-125b-star_st,0.023880101523721383
LogReg_miRNA,2,rno-miR-126_st,0.009343508796691564
LogReg_miRNA,2,rno-miR-127_st,0.029984539337036747
LogReg_miRNA,2,rno-miR-129_st,-0.02178011939258609
LogReg_miRNA,2,rno-miR-134_st,0.028253963711432517
LogReg_miRNA,2,rno-miR-140-star_st,-0.0162963744378179
LogReg_miRNA,2,rno-miR-146b_st,0.02694649268093124
LogReg_miRNA,2,rno-miR-152_st,0.006571600492670355
LogReg_miRNA,2,rno-miR-181a_st,-0.02404104507213844
LogReg_miRNA,2,rno-miR-181b_st,-0.007274656467762134
LogReg_miRNA,2,rno-miR-191_st,-0.007798486556023719
LogReg_miRNA,2,rno-miR-195_st,0.035558300899664
LogReg_miRNA,2,rno-miR-199a-3p_st,0.016332339289939837
LogReg_miRNA,2,rno-miR-19a_st,0.007513241875224618
LogReg_miRNA,2,rno-miR-19b_st,0.004639769752427978
LogReg_miRNA,2,rno-miR-20a_st,0.009797658622846294
LogReg_miRNA,2,rno-miR-21_st,0.02127933442253014
LogReg_miRNA,2,rno-miR-221_st,-0.014996874352537631
LogReg_miRNA,2,rno-miR-222_st,-0.03010577027869571
LogReg_miRNA,2,rno-miR-23a-star_st,-0.03482009269408284
LogReg_miRNA,2,rno-miR-25_st,-0.038214161870467105
LogReg_miRNA,2,rno-miR-27a-star_st,-0.037845986885456685
LogReg_miRNA,2,rno-miR-324-3p_st,-0.041221092569239295
LogReg_miRNA,2,rno-miR-361_st,-0.020195280587430097
LogReg_miRNA,2,rno-miR-370_st,0.006249216818540246
LogReg_miRNA,2,rno-miR-378_st,-0.011132776621622997
LogReg_miRNA,2,rno-miR-379_st,0.02435781398251364
LogReg_miRNA,2,rno-miR-382_st,0.017871549016479908
LogReg_miRNA,2,rno-miR-409-3p_st,0.0023342669390928094
LogReg_miRNA,2,rno-miR-423_st,-0.012832410951695142
LogReg_miRNA,2,rno-miR-485_st,0.028078838981565803
LogReg_miRNA,2,rno-miR-487b_st,0.01807378985896442
LogReg_miRNA,2,rno-miR-493_st,0.005600170626035892
LogReg_miRNA,2,rno-miR-494_st,0.012955660998099392
LogReg_miRNA,2,rno-miR-495_st,0.00854996782040524
LogReg_miRNA,2,rno-miR-503_st,0.011102291047830214
LogReg_miRNA,2,rno-miR-92a_st,0.004393338901741673
LogReg_miRNA,2,rno-miR-92b_st,0.010731667815261494
LogReg_miRNA,2,rno-miR-93_st,-0.011596381804618389
LogReg_miRNA,2,rrv-miR-rR1-4_st,-0.024082396994004458
LogReg_miRNA,2,sja-miR-3485-5p_st,-0.004342281278871391
LogReg_miRNA,2,sko-miR-92a_st,-0.0003908478382266017
LogReg_miRNA,2,sko-miR-92c_st,0.005014673602188134
LogReg_miRNA,2,sla-miR-127_st,0.03452129993594306
LogReg_miRNA,2,sla-miR-128_st,-0.030640892654521523
LogReg_miRNA,2,sla-miR-181a_st,-0.02487905462882953
LogReg_miRNA,2,sla-miR-18_st,0.023800355446139735
LogReg_miRNA,2,sla-miR-19a_st,0.0019757650717470735
LogReg_miRNA,2,sla-miR-19b_st,0.005905408963202802
LogReg_miRNA,2,sla-miR-20_st,0.013855921557490165
LogReg_miRNA,2,sla-miR-34a_st,0.009797359194623394
LogReg_miRNA,2,sla-miR-93_st,-0.009578503705546639
LogReg_miRNA,2,sme-miR-750-3p_st,-0.015287443046764536
LogReg_miRNA,2,sme-miR-751_st,-0.024533546932497003
LogReg_miRNA,2,sme-miR-753b-3p_st,-0.03605236007156104
LogReg_miRNA,2,SNORD119_st,0.006338761850163613
LogReg_miRNA,2,snR39B_st,0.0032899538914295135
LogReg_miRNA,2,spike_in-control-31_st,-0.023355299678769665
LogReg_miRNA,2,spu-miR-92a_st,-0.008772242598037501
LogReg_miRNA,2,spu-miR-92c_st,0.006612464421158447
LogReg_miRNA,2,ssc-miR-127_st,0.03356394621134201
LogReg_miRNA,2,ssc-miR-130b_st,0.0026414311682361395
LogReg_miRNA,2,ssc-miR-140-star_st,-0.014255857709456784
LogReg_miRNA,2,ssc-miR-146b_st,0.017758591758472917
LogReg_miRNA,2,ssc-miR-152_st,0.016046036436377968
LogReg_miRNA,2,ssc-miR-181a_st,-0.02376819799945479
LogReg_miRNA,2,ssc-miR-181b_st,-0.003685966945121447
LogReg_miRNA,2,ssc-miR-18_st,0.013177047209078195
LogReg_miRNA,2,ssc-miR-191_st,-0.00971464812100645
LogReg_miRNA,2,ssc-miR-195_st,0.023907567020283228
LogReg_miRNA,2,ssc-miR-19a_st,0.007781452395330883
LogReg_miRNA,2,ssc-miR-19b_st,0.004640344508840798
LogReg_miRNA,2,ssc-miR-20_st,0.013894656173499505
LogReg_miRNA,2,ssc-miR-21_st,0.018566503791381632
LogReg_miRNA,2,ssc-miR-221_st,-0.01590654731628061
LogReg_miRNA,2,ssc-miR-222_st,-0.018924980977732816
LogReg_miRNA,2,ssc-miR-361-5p_st,-0.02395345055287167
LogReg_miRNA,2,ssc-miR-378_st,-0.0071443905971975375
LogReg_miRNA,2,ssc-miR-423-3p_st,-0.0024497362196084097
LogReg_miRNA,2,ssc-miR-432_st,0.012098439332451773
LogReg_miRNA,2,ssc-miR-486_st,0.03353606957231912
LogReg_miRNA,2,ssc-miR-744_st,-0.01823910900315416
LogReg_miRNA,2,ssc-miR-92b_st,0.019565517592611485
LogReg_miRNA,2,tae-miR1125_st,-0.029238062554711973
LogReg_miRNA,2,tca-miR-92a_st,0.008933305464851124
LogReg_miRNA,2,tca-miR-92b_st,0.0036926342954549237
LogReg_miRNA,2,tgu-let-7d_st,-0.020821605505520036
LogReg_miRNA,2,tgu-let-7e_st,0.007724600770530363
LogReg_miRNA,2,tgu-miR-106_st,0.012542362397695607
LogReg_miRNA,2,tgu-miR-126_st,0.011730509681059015
LogReg_miRNA,2,tgu-miR-128_st,-0.044108335127610004
LogReg_miRNA,2,tgu-miR-140-star_st,-0.02080812808196541
LogReg_miRNA,2,tgu-miR-142_st,0.011547243828597415
LogReg_miRNA,2,tgu-miR-146b_st,0.010118345256868921
LogReg_miRNA,2,tgu-miR-181a_st,-0.025026249182488972
LogReg_miRNA,2,tgu-miR-181b_st,-0.006445681903261901
LogReg_miRNA,2,tgu-miR-199-3p_st,0.01658209021399071
LogReg_miRNA,2,tgu-miR-19b_st,0.005318002620899275
LogReg_miRNA,2,tgu-miR-20a_st,0.010591836071894126
LogReg_miRNA,2,tgu-miR-20b_st,0.017918087497154598
LogReg_miRNA,2,tgu-miR-21_st,0.012464508630061395
LogReg_miRNA,2,tgu-miR-221_st,-0.01637356102815838
LogReg_miRNA,2,tgu-miR-222_st,-0.020991514326762672
LogReg_miRNA,2,tgu-miR-2961_st,-0.02192037131295073
LogReg_miRNA,2,tgu-miR-2966_st,-0.02223137373133801
LogReg_miRNA,2,tgu-miR-2974_st,-0.012778912262863599
LogReg_miRNA,2,tgu-miR-2976_st,-0.010147662463229975
LogReg_miRNA,2,tgu-miR-2981_st,-0.024138607639230297
LogReg_miRNA,2,tgu-miR-29a_st,0.00407507850476506
LogReg_miRNA,2,tgu-miR-34a_st,0.013367183236231024
LogReg_miRNA,2,tgu-miR-454_st,0.015169362733795542
LogReg_miRNA,2,tgu-miR-99-star_st,-0.009517673121741071
LogReg_miRNA,2,tni-let-7e_st,0.0017250807330136736
LogReg_miRNA,2,tni-miR-125a_st,-0.010948942363857572
LogReg_miRNA,2,tni-miR-126_st,0.0077608188127482
LogReg_miRNA,2,tni-miR-128_st,-0.041532597537941994
LogReg_miRNA,2,tni-miR-17_st,0.0002688995483374983
LogReg_miRNA,2,tni-miR-181a_st,-0.02233372375592868
LogReg_miRNA,2,tni-miR-181b_st,-0.005610009957575067
LogReg_miRNA,2,tni-miR-18_st,0.012230046878770643
LogReg_miRNA,2,tni-miR-19a_st,-0.0046322857232171544
LogReg_miRNA,2,tni-miR-19b_st,0.0058337814599123345
LogReg_miRNA,2,tni-miR-20_st,0.009839006002656595
LogReg_miRNA,2,tni-miR-21_st,0.012205596438838097
LogReg_miRNA,2,tni-miR-221_st,-0.01842367376877316
LogReg_miRNA,2,tni-miR-222_st,-0.02325076280748305
LogReg_miRNA,2,tni-miR-25_st,-0.03767699542004901
LogReg_miRNA,2,tni-miR-27e_st,0.020153118225737045
LogReg_miRNA,2,U18A_x_st,0.007192014019382452
LogReg_miRNA,2,U42B_x_st,0.021382577349053716
LogReg_miRNA,2,U47_st,0.02697874371561608
LogReg_miRNA,2,U49A_s_st,0.009852408798886336
LogReg_miRNA,2,U49B_x_st,-0.0021853330467063387
LogReg_miRNA,2,U61_st,0.0030595834395043485
LogReg_miRNA,2,U75_st,0.013750575932800206
LogReg_miRNA,2,U75_x_st,0.01834102942945181
LogReg_miRNA,2,U76_st,0.0082779840223645
LogReg_miRNA,2,U78_s_st,0.023694974633022337
LogReg_miRNA,2,U78_x_st,0.024118746009540146
LogReg_miRNA,2,U79_st,0.031819042880903446
LogReg_miRNA,2,U80_st,0.016281648238268265
LogReg_miRNA,2,U81_x_st,0.000756974939475835
LogReg_miRNA,2,U8_st,0.011318748491093922
LogReg_miRNA,2,vvi-miR169c_st,-0.02546017390279111
LogReg_miRNA,2,vvi-miR395l_st,-0.0203867387517533
LogReg_miRNA,2,xla-miR-18_st,0.012875643056381815
LogReg_miRNA,2,xla-miR-19b_st,0.0032765861963858795
LogReg_miRNA,2,xla-miR-20_st,0.015820968837776152
LogReg_miRNA,2,xla-miR-92a_st,0.002384958748335768
LogReg_miRNA,2,xtr-miR-106_st,0.010773230615501792
LogReg_miRNA,2,xtr-miR-125a_st,-0.0031768372943792944
LogReg_miRNA,2,xtr-miR-126_st,0.013411012753271615
LogReg_miRNA,2,xtr-miR-130b_st,-0.0005585910941437741
LogReg_miRNA,2,xtr-miR-181a_st,-0.02211596369644385
LogReg_miRNA,2,xtr-miR-181b_st,-0.004777482035202427
LogReg_miRNA,2,xtr-miR-18a_st,0.017738425623653412
LogReg_miRNA,2,xtr-miR-18b_st,0.019703900930180998
LogReg_miRNA,2,xtr-miR-191_st,-0.01016243006423927
LogReg_miRNA,2,xtr-miR-19b_st,0.0031749574223866274
LogReg_miRNA,2,xtr-miR-20a_st,0.009279602351691207
LogReg_miRNA,2,xtr-miR-20b_st,0.019477862939109945
LogReg_miRNA,2,xtr-miR-221_st,-0.013584336432163053
LogReg_miRNA,2,xtr-miR-222_st,-0.02169512774472795
LogReg_miRNA,2,xtr-miR-24b_st,0.02329473754008885
LogReg_miRNA,2,xtr-miR-25_st,-0.04461645304647796
LogReg_miRNA,2,xtr-miR-29a_st,0.001934861446807479
LogReg_miRNA,2,xtr-miR-30a-5p_st,0.0012689092263183687
LogReg_miRNA,2,xtr-miR-34a_st,0.011868315796939335
LogReg_miRNA,2,xtr-miR-499_st,-0.0019115941561972994
LogReg_miRNA,2,xtr-miR-92a_st,0.004474098478021994
LogReg_miRNA,2,xtr-miR-92b_st,0.018455568160551872
LogReg_miRNA,2,xtr-miR-93a_st,-0.008272553385086184
LogReg_miRNA,2,zma-miR395k_st,-0.010890415562835693
LogReg_miRNA,3,14q0_st,0.01864051811085936
LogReg_miRNA,3,14qI-4_st,0.011256831809870553
LogReg_miRNA,3,14qI-6_st,0.007356065694365458
LogReg_miRNA,3,14qI-7_st,0.021526055186200255
LogReg_miRNA,3,14qI-8_x_st,0.01847294006497731
LogReg_miRNA,3,14qI-9_x_st,0.006681968347051438
LogReg_miRNA,3,14qII-12_st,0.012338125376584153
LogReg_miRNA,3,14qII-12_x_st,0.00733665721174325
LogReg_miRNA,3,14qII-14_st,0.01822014069195502
LogReg_miRNA,3,14qII-14_x_st,0.019123465221820138
LogReg_miRNA,3,14qII-17_st,0.016482678984686583
LogReg_miRNA,3,14qII-1_st,0.019568524498390676
LogReg_miRNA,3,14qII-1_x_st,0.02024330226812425
LogReg_miRNA,3,14qII-21_x_st,0.005216417117625348
LogReg_miRNA,3,14qII-22_x_st,0.006725153799011011
LogReg_miRNA,3,14qII-23_x_st,0.021311222063704942
LogReg_miRNA,3,14qII-26_st,0.010134304948609646
LogReg_miRNA,3,14qII-26_x_st,0.019418091908638673
LogReg_miRNA,3,14qII-28_x_st,0.006747460408725456
LogReg_miRNA,3,14qII-3_st,0.01126097213780397
LogReg_miRNA,3,14qII-3_x_st,0.010726091913309014
LogReg_miRNA,3,14qII-7_st,0.036933009055512514
LogReg_miRNA,3,14qII-9_x_st,0.014173943882578666
LogReg_miRNA,3,aae-miR-219_st,-0.026515390778537817
LogReg_miRNA,3,aae-miR-275-star_st,-0.02390246408167012
LogReg_miRNA,3,aae-miR-2765_st,-0.022078157572477122
LogReg_miRNA,3,aga-let-7_st,0.0032698534978339374
LogReg_miRNA,3,age-miR-127_st,0.02596125964727399
LogReg_miRNA,3,age-miR-19a_st,-0.0030988303797620633
LogReg_miRNA,3,age-miR-19b_st,0.004312401664326834
LogReg_miRNA,3,age-miR-20_st,0.020407612354660733
LogReg_miRNA,3,age-miR-21_st,0.014150290594295829
LogReg_miRNA,3,age-miR-222_st,-0.015439781595874507
LogReg_miRNA,3,age-miR-29a_st,0.02548099671677084
LogReg_miRNA,3,age-miR-34a_st,0.012306776826508905
LogReg_miRNA,3,age-miR-93_st,-0.007106549841371821
LogReg_miRNA,3,ame-miR-124_st,0.0205163526938816
LogReg_miRNA,3,aqu-miR-2014-star_st,-0.013438070391461485
LogReg_miRNA,3,ath-miR1888_st,-0.025634233826744936
LogReg_miRNA,3,ath-miR416_st,-0.017444917117598165
LogReg_miRNA,3,bfl-miR-2061_st,-0.025486885439475533
LogReg_miRNA,3,bfl-miR-2065_st,0.016023109510116068
LogReg_miRNA,3,bfl-miR-92b_st,0.008472050289843738
LogReg_miRNA,3,bfl-miR-92c_st,0.0066037820263133845
LogReg_miRNA,3,bhv1-miR-B3_st,0.02229575787815658
LogReg_miRNA,3,bma-miR-137_st,-0.006501426503359317
LogReg_miRNA,3,bma-miR-92_st,0.012733690491416882
LogReg_miRNA,3,bmo-miR-13a-star_st,-0.018807379608412823
LogReg_miRNA,3,bmo-miR-190-star_st,-0.0063115552510984545
LogReg_miRNA,3,bmo-miR-276_st,0.013935158485649421
LogReg_miRNA,3,bmo-miR-2825_st,-0.021146723303950073
LogReg_miRNA,3,bmo-miR-2b-star_st,0.00015454776447900692
LogReg_miRNA,3,bmo-miR-3221_st,-0.013096153735093485
LogReg_miRNA,3,bmo-miR-3223-star_st,-0.013221496378962666
LogReg_miRNA,3,bmo-miR-3328_st,-0.026578049737899328
LogReg_miRNA,3,bmo-miR-3330_st,-0.029385526086956982
LogReg_miRNA,3,bmo-miR-3414-star_st,-0.022530440154232646
LogReg_miRNA,3,bmo-miR-92a_st,0.015062911095858953
LogReg_miRNA,3,bra-miR167c_st,-0.036389084323636404
LogReg_miRNA,3,bta-let-7d_st,-0.0205004796238003
LogReg_miRNA,3,bta-miR-106_st,0.01714606135512882
LogReg_miRNA,3,bta-miR-10b_st,0.004917698214981808
LogReg_miRNA,3,bta-miR-126_st,0.014513789691773693
LogReg_miRNA,3,bta-miR-127_st,0.022232706272419075
LogReg_miRNA,3,bta-miR-128_st,-0.025184645945720122
LogReg_miRNA,3,bta-miR-130b_st,0.004783068705587951
LogReg_miRNA,3,bta-miR-1343_st,-0.019822198506459342
LogReg_miRNA,3,bta-miR-134_st,0.004290050651146619
LogReg_miRNA,3,bta-miR-140_st,-0.0016161391801709944
LogReg_miRNA,3,bta-miR-146b_st,0.031589699726550645
LogReg_miRNA,3,bta-miR-152_st,0.02700252859526856
LogReg_miRNA,3,bta-miR-1777b_st,-0.0156579065431949
LogReg_miRNA,3,bta-miR-181a_st,-0.030005901491466643
LogReg_miRNA,3,bta-miR-181b_st,-0.009134235064845663
LogReg_miRNA,3,bta-miR-181c_st,-0.014171559716035254
LogReg_miRNA,3,bta-miR-18b_st,0.009734820325007446
LogReg_miRNA,3,bta-miR-191_st,-0.007628315129993936
LogReg_miRNA,3,bta-miR-195_st,0.030981633728158826
LogReg_miRNA,3,bta-miR-197_st,-0.025837073213273394
LogReg_miRNA,3,bta-miR-19a_st,-0.002213899460562458
LogReg_miRNA,3,bta-miR-19b_st,0.005956846740622423
LogReg_miRNA,3,bta-miR-20a_st,0.018808913284686413
LogReg_miRNA,3,bta-miR-21_st,0.012049409361602998
LogReg_miRNA,3,bta-miR-221_st,-0.012741684464596014
LogReg_miRNA,3,bta-miR-222_st,-0.02084490348795241
LogReg_miRNA,3,bta-miR-2288_st,0.0021992038702353892
LogReg_miRNA,3,bta-miR-2309_st,-0.01108974306661088
LogReg_miRNA,3,bta-miR-2311_st,-0.009730752987539764
LogReg_miRNA,3,bta-miR-2316_st,-0.021814486453944758
LogReg_miRNA,3,bta-miR-2325b_st,-0.011666088199534536
LogReg_miRNA,3,bta-miR-2391_st,-0.003902007605534052
LogReg_miRNA,3,bta-miR-2428_st,-0.018715177622901338
LogReg_miRNA,3,bta-miR-2436-5p_st,-0.008147055984119264
LogReg_miRNA,3,bta-miR-2468_st,0.026799479082721737
LogReg_miRNA,3,bta-miR-25_st,-0.021391856629506274
LogReg_miRNA,3,bta-miR-27a-5p_st,-0.02663219543426997
LogReg_miRNA,3,bta-miR-29a_st,0.02272212050528592
LogReg_miRNA,3,bta-miR-29c_st,0.010583795414052433
LogReg_miRNA,3,bta-miR-34a_st,0.01302234542189082
LogReg_miRNA,3,bta-miR-361_st,-0.03433351499636814
LogReg_miRNA,3,bta-miR-370_st,0.019405311417901167
LogReg_miRNA,3,bta-miR-378_st,-0.002036362751446254
LogReg_miRNA,3,bta-miR-379_st,0.02250921460900898
LogReg_miRNA,3,bta-miR-382_st,0.010242736387862347
LogReg_miRNA,3,bta-miR-423-3p_st,-0.007070308420341979
LogReg_miRNA,3,bta-miR-432_st,0.013455383052731609
LogReg_miRNA,3,bta-miR-433_st,-0.0009890470579380479
LogReg_miRNA,3,bta-miR-485_st,0.019281120300553005
LogReg_miRNA,3,bta-miR-486_st,0.035826347362753
LogReg_miRNA,3,bta-miR-487b_st,0.013739287124835735
LogReg_miRNA,3,bta-miR-493_st,0.023878425666262075
LogReg_miRNA,3,bta-miR-494_st,0.014805721797966824
LogReg_miRNA,3,bta-miR-495_st,-0.0033173695900929156
LogReg_miRNA,3,bta-miR-543_st,0.011694660495707668
LogReg_miRNA,3,bta-miR-744_st,-0.01632528059515713
LogReg_miRNA,3,bta-miR-93_st,-0.010085457083437827
LogReg_miRNA,3,cbr-miR-235b_st,-0.006378494559253808
LogReg_miRNA,3,cbr-miR-35d-star_st,-0.026442991331481105
LogReg_miRNA,3,cbr-miR-64b_st,0.009683925789063717
LogReg_miRNA,3,cel-miR-124_st,0.026017087169533493
LogReg_miRNA,3,cel-miR-2214-star_st,-0.036335732315228624
LogReg_miRNA,3,cel-miR-229_st,-0.011261766399948457
LogReg_miRNA,3,cel-miR-243_st,-0.011125559732645805
LogReg_miRNA,3,cel-miR-246_st,-0.02218174839276865
LogReg_miRNA,3,cel-miR-63-star_st,0.0013404963559244232
LogReg_miRNA,3,cfa-let-7j_st,-0.006868466047102493
LogReg_miRNA,3,cfa-miR-127_st,0.02936667119052339
LogReg_miRNA,3,cfa-miR-130b_st,-0.0020732679283694214
LogReg_miRNA,3,cfa-miR-134_st,0.018572646788931103
LogReg_miRNA,3,cfa-miR-140_st,-0.0011953091104787267
LogReg_miRNA,3,cfa-miR-142_st,0.01761881527670364
LogReg_miRNA,3,cfa-miR-146b_st,0.023208708985686485
LogReg_miRNA,3,cfa-miR-148a_st,0.010698259536407611
LogReg_miRNA,3,cfa-miR-148b_st,0.009367717332425377
LogReg_miRNA,3,cfa-miR-152_st,0.01719265269610944
LogReg_miRNA,3,cfa-miR-181a_st,-0.030128903148384272
LogReg_miRNA,3,cfa-miR-181c_st,-0.0021345388860288437
LogReg_miRNA,3,cfa-miR-18a_st,0.03850444348173233
LogReg_miRNA,3,cfa-miR-18b_st,0.003956594730555775
LogReg_miRNA,3,cfa-miR-191_st,-0.007602026224327025
LogReg_miRNA,3,cfa-miR-195_st,0.01671336360500947
LogReg_miRNA,3,cfa-miR-199_st,0.012649869499848976
LogReg_miRNA,3,cfa-miR-19a_st,-0.0017689412770492369
LogReg_miRNA,3,cfa-miR-19b_st,0.010115717019678687
LogReg_miRNA,3,cfa-miR-20a_st,0.019810476048025525
LogReg_miRNA,3,cfa-miR-21_st,0.01873877963317854
LogReg_miRNA,3,cfa-miR-222_st,-0.020177732164716227
LogReg_miRNA,3,cfa-miR-23a_st,0.01610580107062946
LogReg_miRNA,3,cfa-miR-23b_st,0.009526241762240217
LogReg_miRNA,3,cfa-miR-25_st,-0.024042318900959068
LogReg_miRNA,3,cfa-miR-27a_st,0.012812925245953712
LogReg_miRNA,3,cfa-miR-29c_st,0.010978417959777179
LogReg_miRNA,3,cfa-miR-301a_st,0.021710352283718412
LogReg_miRNA,3,cfa-miR-34a_st,0.0179620493015797
LogReg_miRNA,3,cfa-miR-361_st,-0.02876889558060534
LogReg_miRNA,3,cfa-miR-370_st,0.0007679064201435294
LogReg_miRNA,3,cfa-miR-374b_st,0.01030825150965187
LogReg_miRNA,3,cfa-miR-378_st,-0.0011000670684426946
LogReg_miRNA,3,cfa-miR-379_st,0.013701839504559514
LogReg_miRNA,3,cfa-miR-411_st,0.014498070176875008
LogReg_miRNA,3,cfa-miR-432_st,0.01544292682833411
LogReg_miRNA,3,cfa-miR-487b_st,0.023503789291178516
LogReg_miRNA,3,cfa-miR-489_st,-0.016635009986813467
LogReg_miRNA,3,cfa-miR-493_st,0.009704629266306669
LogReg_miRNA,3,cfa-miR-494_st,0.007456067567015404
LogReg_miRNA,3,cfa-miR-495_st,0.013657024844674962
LogReg_miRNA,3,cfa-miR-543_st,0.008202298800780633
LogReg_miRNA,3,cfa-miR-93_st,-0.006625724948317303
LogReg_miRNA,3,cgr-miR-21_st,0.0198576672302012
LogReg_miRNA,3,cin-let-7a_st,0.00786450690601278
LogReg_miRNA,3,cin-miR-124_st,0.006544009201078677
LogReg_miRNA,3,cin-miR-126_st,0.012141386068938272
LogReg_miRNA,3,cin-miR-181_st,-0.01668243813483514
LogReg_miRNA,3,cin-miR-4001e-5p_st,2.0528755988368386e-05
LogReg_miRNA,3,cin-miR-4004-5p_st,-0.021086364330832975
LogReg_miRNA,3,cin-miR-4020b-5p_st,-0.023626337980054594
LogReg_miRNA,3,cin-miR-4029-3p_st,-0.014544477206300277
LogReg_miRNA,3,cin-miR-4037-3p_st,0.014203223897251422
LogReg_miRNA,3,cin-miR-4074-5p_st,-0.021963482856941028
LogReg_miRNA,3,cin-miR-4099-5p_st,-0.017404824551212117
LogReg_miRNA,3,cin-miR-4105-5p_st,0.009948256384399544
LogReg_miRNA,3,cin-miR-4135-3p_st,-0.03636280879742442
LogReg_miRNA,3,cqu-miR-92_st,-0.000514209740445289
LogReg_miRNA,3,cre-miR1144b_st,-0.01768364435879887
LogReg_miRNA,3,cre-miR1171_st,-0.02713436669773186
LogReg_miRNA,3,crm-miR-235_st,0.0007173789461947913
LogReg_miRNA,3,crm-miR-45-star_st,-0.0066767777164587535
LogReg_miRNA,3,crm-miR-80-star_st,-0.017938902121529494
LogReg_miRNA,3,csa-miR-126_st,0.014061640001814943
LogReg_miRNA,3,csa-miR-92a_st,0.01780293034564623
LogReg_miRNA,3,dan-miR-124_st,0.019873883338772456
LogReg_miRNA,3,dan-miR-276b_st,-0.01702326587695554
LogReg_miRNA,3,der-miR-285_st,0.010246521132656991
LogReg_miRNA,3,der-miR-2a_st,-0.014518435747805506
LogReg_miRNA,3,der-miR-310b_st,-0.007038407699742212
LogReg_miRNA,3,dgr-miR-124_st,0.006206454483357065
LogReg_miRNA,3,dme-miR-2494_st,-0.015949242047183024
LogReg_miRNA,3,dme-miR-2499_st,-0.03194956206137924
LogReg_miRNA,3,dme-miR-311_st,0.00664529860872056
LogReg_miRNA,3,dme-miR-313_st,-0.018133147409541615
LogReg_miRNA,3,dme-miR-92b_st,0.0018817408527146081
LogReg_miRNA,3,dpe-miR-92b_st,0.003747854765467822
LogReg_miRNA,3,dps-miR-284_st,-0.03134282321991492
LogReg_miRNA,3,dps-miR-92b_st,0.003959409739685496
LogReg_miRNA,3,dps-miR-932-star_st,-0.011958518457530208
LogReg_miRNA,3,dps-miR-970-star_st,-0.01848156593003329
LogReg_miRNA,3,dpu-miR-124_st,0.020202271769373503
LogReg_miRNA,3,dpu-miR-92_st,0.008813771695210686
LogReg_miRNA,3,dre-let-7g_st,-0.0012159238190753612
LogReg_miRNA,3,dre-miR-101a_st,0.004925663965664806
LogReg_miRNA,3,dre-miR-10b_st,0.003270115659389059
LogReg_miRNA,3,dre-miR-126b-star_st,0.004815415287728438
LogReg_miRNA,3,dre-miR-126b_st,0.00013838639435953152
LogReg_miRNA,3,dre-miR-128_st,-0.03927942232197572
LogReg_miRNA,3,dre-miR-140-star_st,-0.0037615536753474975
LogReg_miRNA,3,dre-miR-155_st,0.030053793133336136
LogReg_miRNA,3,dre-miR-181a-star_st,-0.017481766526796234
LogReg_miRNA,3,dre-miR-181a_st,-0.03032759532729917
LogReg_miRNA,3,dre-miR-181b_st,-0.008453578490586554
LogReg_miRNA,3,dre-miR-181c_st,-0.011914251019157778
LogReg_miRNA,3,dre-miR-19a_st,6.167115161922573e-05
LogReg_miRNA,3,dre-miR-19b_st,0.006701432971122582
LogReg_miRNA,3,dre-miR-19c_st,0.017358387695380752
LogReg_miRNA,3,dre-miR-19d_st,-0.011519500102645519
LogReg_miRNA,3,dre-miR-20a_st,0.02176162457581371
LogReg_miRNA,3,dre-miR-21_st,0.010130327741524378
LogReg_miRNA,3,dre-miR-221_st,-0.011396419706087329
LogReg_miRNA,3,dre-miR-222_st,-0.014272769771511045
LogReg_miRNA,3,dre-miR-25_st,-0.026154986067210124
LogReg_miRNA,3,dre-miR-27d_st,0.005635207238766129
LogReg_miRNA,3,dre-miR-34_st,0.012421837537870423
LogReg_miRNA,3,dre-miR-92b_st,0.013753560842180218
LogReg_miRNA,3,dse-miR-124_st,0.007165180889508042
LogReg_miRNA,3,dse-miR-311_st,0.0036351923011743556
LogReg_miRNA,3,dsi-miR-999-star_st,-0.00395132357145982
LogReg_miRNA,3,dya-miR-311a_st,0.007993579939061959
LogReg_miRNA,3,ebv-miR-BART3-star_st,-0.035424849283959406
LogReg_miRNA,3,ebv-miR-BHRF1-3_st,-0.012455725798745494
LogReg_miRNA,3,eca-let-7d_st,-0.022212346006573777
LogReg_miRNA,3,eca-miR-126-3p_st,0.014981035233458019
LogReg_miRNA,3,eca-miR-127_st,0.020152475091923413
LogReg_miRNA,3,eca-miR-128_st,-0.02582496308508288
LogReg_miRNA,3,eca-miR-130b_st,0.00480906541384624
LogReg_miRNA,3,eca-miR-134_st,0.023257645852071955
LogReg_miRNA,3,eca-miR-140-3p_st,-0.007038871003646119
LogReg_miRNA,3,eca-miR-146b-5p_st,0.024339560141700235
LogReg_miRNA,3,eca-miR-181a_st,-0.03111816163186129
LogReg_miRNA,3,eca-miR-181b_st,-0.012062285782094987
LogReg_miRNA,3,eca-miR-191_st,-0.00877049028992328
LogReg_miRNA,3,eca-miR-195_st,0.033338264675707295
LogReg_miRNA,3,eca-miR-197_st,-0.026080199677966757
LogReg_miRNA,3,eca-miR-19a_st,0.011957222251861075
LogReg_miRNA,3,eca-miR-19b_st,0.004834012122438874
LogReg_miRNA,3,eca-miR-20a_st,0.021341566758448657
LogReg_miRNA,3,eca-miR-21_st,0.017759657677042445
LogReg_miRNA,3,eca-miR-221_st,-0.0138318025150825
LogReg_miRNA,3,eca-miR-222_st,-0.02019736546890215
LogReg_miRNA,3,eca-miR-25_st,-0.025605054680923715
LogReg_miRNA,3,eca-miR-29a_st,0.02336558982499819
LogReg_miRNA,3,eca-miR-29c_st,0.014092372435712387
LogReg_miRNA,3,eca-miR-323-3p_st,-0.030259458914155588
LogReg_miRNA,3,eca-miR-324-3p_st,-0.037155070291269264
LogReg_miRNA,3,eca-miR-338-5p_st,0.016362720999158305
LogReg_miRNA,3,eca-miR-34_st,0.010191018947010964
LogReg_miRNA,3,eca-miR-361-5p_st,-0.02634519129398024
LogReg_miRNA,3,eca-miR-370_st,0.010510981811320853
LogReg_miRNA,3,eca-miR-376a_st,0.011946423160033874
LogReg_miRNA,3,eca-miR-376c_st,0.005983687079247366
LogReg_miRNA,3,eca-miR-378_st,-0.0017567435143780764
LogReg_miRNA,3,eca-miR-379_st,0.017299190876956434
LogReg_miRNA,3,eca-miR-382_st,0.005182237385904853
LogReg_miRNA,3,eca-miR-409-3p_st,0.015140751971362797
LogReg_miRNA,3,eca-miR-411_st,0.010593913914017612
LogReg_miRNA,3,eca-miR-423-3p_st,-0.004757938084202139
LogReg_miRNA,3,eca-miR-432_st,0.011866027676040392
LogReg_miRNA,3,eca-miR-433_st,0.005336032386654093
LogReg_miRNA,3,eca-miR-485-5p_st,0.013166652197145743
LogReg_miRNA,3,eca-miR-486-5p_st,0.04250014265607085
LogReg_miRNA,3,eca-miR-487b_st,0.016660390937543897
LogReg_miRNA,3,eca-miR-494_st,0.014359896258019221
LogReg_miRNA,3,eca-miR-495_st,0.009859947740941752
LogReg_miRNA,3,eca-miR-503_st,0.0013367797471366197
LogReg_miRNA,3,eca-miR-543_st,0.00847822982034359
LogReg_miRNA,3,eca-miR-551b_st,-0.040465622618317
LogReg_miRNA,3,eca-miR-767-3p_st,-0.020540228601050516
LogReg_miRNA,3,eca-miR-93_st,-0.004052443124531423
LogReg_miRNA,3,ENSG00000199934_x_st,0.0021762325469546874
LogReg_miRNA,3,ENSG00000200492_x_st,-0.008313810896897164
LogReg_miRNA,3,ENSG00000201791_x_st,-0.02506865940666758
LogReg_miRNA,3,ENSG00000212378_s_st,0.02116987791754674
LogReg_miRNA,3,ENSG00000212620_st,-0.008888944737505282
LogReg_miRNA,3,ENSG00000222588_s_st,-0.020336376090116053
LogReg_miRNA,3,ENSG00000238309_st,-0.01993576168721586
LogReg_miRNA,3,ENSG00000238368_st,-0.009799078885485318
LogReg_miRNA,3,ENSG00000238436_x_st,-0.03165933371799737
LogReg_miRNA,3,ENSG00000238732_x_st,-0.032817349185855445
LogReg_miRNA,3,ENSG00000238801_st,-0.008872818731032848
LogReg_miRNA,3,ENSG00000238824_x_st,-0.006191959626624928
LogReg_miRNA,3,ENSG00000251938_st,-0.02001200358016366
LogReg_miRNA,3,ENSG00000252408_st,-0.01114413424854372
LogReg_miRNA,3,ENSG00000252433_st,0.022494090340377138
LogReg_miRNA,3,ENSG00000252566_st,-0.00994538296622888
LogReg_miRNA,3,fru-let-7e_st,0.013341217142592203
LogReg_miRNA,3,fru-miR-101a_st,0.011562209899294629
LogReg_miRNA,3,fru-miR-128_st,-0.03980034251637847
LogReg_miRNA,3,fru-miR-181a-star_st,-0.01669082652451512
LogReg_miRNA,3,fru-miR-181a_st,-0.03035214365293241
LogReg_miRNA,3,fru-miR-181b_st,-0.011775454136044852
LogReg_miRNA,3,fru-miR-19a_st,0.01219986473416473
LogReg_miRNA,3,fru-miR-19b_st,0.008655270653009146
LogReg_miRNA,3,fru-miR-20_st,0.021426836194277335
LogReg_miRNA,3,fru-miR-221_st,-0.013265145158384265
LogReg_miRNA,3,fru-miR-222_st,-0.0128909250466806
LogReg_miRNA,3,fru-miR-25_st,-0.019764198595654942
LogReg_miRNA,3,fru-miR-29a_st,0.013220595153639257
LogReg_miRNA,3,gga-let-7k_st,0.007461525541966037
LogReg_miRNA,3,gga-miR-106_st,0.015559940704463185
LogReg_miRNA,3,gga-miR-126_st,0.008273786659519512
LogReg_miRNA,3,gga-miR-1397_st,-0.024043535805657924
LogReg_miRNA,3,gga-miR-140-star_st,-0.009276412867737073
LogReg_miRNA,3,gga-miR-1456_st,-0.028366996015562192
LogReg_miRNA,3,gga-miR-146b_st,0.03189609868460833
LogReg_miRNA,3,gga-miR-146c_st,0.00391069628480789
LogReg_miRNA,3,gga-miR-148a_st,0.016352734659664775
LogReg_miRNA,3,gga-miR-155_st,0.027083169966253748
LogReg_miRNA,3,gga-miR-1584_st,-0.02422600186818569
LogReg_miRNA,3,gga-miR-1603_st,-0.03628307728435277
LogReg_miRNA,3,gga-miR-1621_st,-0.019492526773061937
LogReg_miRNA,3,gga-miR-1636_st,-0.008565125463747426
LogReg_miRNA,3,gga-miR-1676_st,0.006836582562725969
LogReg_miRNA,3,gga-miR-1736-star_st,0.012258124200417423
LogReg_miRNA,3,gga-miR-1746_st,0.0013505118703880312
LogReg_miRNA,3,gga-miR-1763_st,-0.017743788175965624
LogReg_miRNA,3,gga-miR-1777_st,-0.01851002946582765
LogReg_miRNA,3,gga-miR-181a-star_st,-0.017404337056250437
LogReg_miRNA,3,gga-miR-181a_st,-0.031295773627865654
LogReg_miRNA,3,gga-miR-181b_st,-0.008420566474709849
LogReg_miRNA,3,gga-miR-19a_st,0.0017141510866684195
LogReg_miRNA,3,gga-miR-19b_st,0.012409463399385687
LogReg_miRNA,3,gga-miR-20a_st,0.020015393787093542
LogReg_miRNA,3,gga-miR-21_st,0.019868947609665472
LogReg_miRNA,3,gga-miR-221_st,-0.015109150752262863
LogReg_miRNA,3,gga-miR-222_st,-0.015739536587674553
LogReg_miRNA,3,gga-miR-29a_st,0.002786826200594821
LogReg_miRNA,3,gga-miR-34a_st,0.014325592125412298
LogReg_miRNA,3,ggo-miR-105_st,-0.02020789887239043
LogReg_miRNA,3,ggo-miR-134_st,0.02194743366610781
LogReg_miRNA,3,ggo-miR-181a-star_st,-0.012751688149848854
LogReg_miRNA,3,ggo-miR-181a_st,-0.02956156982959811
LogReg_miRNA,3,ggo-miR-181b_st,-0.006224238846073216
LogReg_miRNA,3,ggo-miR-195_st,0.02697810801541171
LogReg_miRNA,3,ggo-miR-19a_st,-0.009002725466882596
LogReg_miRNA,3,ggo-miR-19b_st,0.006155858857576745
LogReg_miRNA,3,ggo-miR-20_st,0.020758889097650765
LogReg_miRNA,3,ggo-miR-21_st,0.018295345026007957
LogReg_miRNA,3,ggo-miR-221_st,-0.013443129938002727
LogReg_miRNA,3,ggo-miR-25_st,-0.02439181985022709
LogReg_miRNA,3,ggo-miR-29a_st,0.02579379754150966
LogReg_miRNA,3,ggo-miR-34a_st,0.01862684898326293
LogReg_miRNA,3,ggo-miR-93_st,-0.00678685677512754
LogReg_miRNA,3,gma-miR1515_st,-0.01145082497940754
LogReg_miRNA,3,gma-miR1533_st,0.010978445220598685
LogReg_miRNA,3,gma-miR172b_st,-0.02337549831010859
LogReg_miRNA,3,gso-miR2109_st,-0.039948530074769666
LogReg_miRNA,3,HBII-82B_st,-0.020393748553610834
LogReg_miRNA,3,HBII-85-13_x_st,-0.014103878758199394
LogReg_miRNA,3,HBII-85-29_st,-0.007648115456122757
LogReg_miRNA,3,hcmv-miR-UL70-3p_st,-0.023830929462594855
LogReg_miRNA,3,hp_hsa-mir-1185-1_s_st,-0.007363666626462045
LogReg_miRNA,3,hp_hsa-mir-1197_st,-0.013558971455044665
LogReg_miRNA,3,hp_hsa-mir-1289-1_st,-0.01251333628045719
LogReg_miRNA,3,hp_hsa-mir-3157_st,-0.031479046177822344
LogReg_miRNA,3,hp_hsa-mir-3179-1_s_st,-0.02440108884153139
LogReg_miRNA,3,hp_hsa-mir-423_s_st,-0.005831048804369597
LogReg_miRNA,3,hp_hsa-mir-425_st,-0.013738209177148724
LogReg_miRNA,3,hp_hsa-mir-4263_st,-0.005963271776963849
LogReg_miRNA,3,hp_hsa-mir-4319_st,-0.017134917804746845
LogReg_miRNA,3,hp_hsa-mir-548i-1_s_st,-0.009399099931705285
LogReg_miRNA,3,hp_hsa-mir-631_st,-0.017060447934412307
LogReg_miRNA,3,hp_hsa-mir-892b_x_st,0.03762201883693288
LogReg_miRNA,3,hp_hsa-mir-92a-2_st,-0.030202884836418975
LogReg_miRNA,3,hp_mmu-mir-100_st,-0.017955257555784133
LogReg_miRNA,3,hp_mmu-mir-106a_x_st,0.028156304599296723
LogReg_miRNA,3,hp_mmu-mir-1188_st,-0.00884923884033835
LogReg_miRNA,3,hp_mmu-mir-128-1_x_st,0.0004998702874405747
LogReg_miRNA,3,hp_mmu-mir-130b_st,-0.012654149277910108
LogReg_miRNA,3,hp_mmu-mir-140_st,0.0035803131634906406
LogReg_miRNA,3,hp_mmu-mir-181a-2_x_st,-0.021728669380923958
LogReg_miRNA,3,hp_mmu-mir-331_st,-0.02046410297365762
LogReg_miRNA,3,hp_mmu-mir-344-1_x_st,-0.030597337892565184
LogReg_miRNA,3,hp_mmu-mir-465c-1_s_st,0.002481450760773184
LogReg_miRNA,3,hp_mmu-mir-465c-2_s_st,0.005257641265463704
LogReg_miRNA,3,hp_mmu-mir-496_st,-0.029029841587733137
LogReg_miRNA,3,hp_mmu-mir-873_st,-0.02897558010643496
LogReg_miRNA,3,hp_rno-mir-19b-1_st,-0.01228456915181811
LogReg_miRNA,3,hp_rno-mir-205_st,-0.02125115486379356
LogReg_miRNA,3,hp_rno-mir-27a_st,-0.029209108569384697
LogReg_miRNA,3,hp_rno-mir-300_st,-0.01397211164580087
LogReg_miRNA,3,hp_rno-mir-361_st,-0.015994948633968165
LogReg_miRNA,3,hp_rno-mir-423_st,-0.003279653126156198
LogReg_miRNA,3,hp_rno-mir-425_st,-0.012578393241858542
LogReg_miRNA,3,hp_rno-mir-484_st,-0.031168181405097452
LogReg_miRNA,3,hp_rno-mir-615_st,-0.03929826179113305
LogReg_miRNA,3,hp_rno-mir-743a_st,-0.009486327340524112
LogReg_miRNA,3,hsa-let-7d_st,-0.021030482976644657
LogReg_miRNA,3,hsa-miR-106b-star_st,0.00537562108908203
LogReg_miRNA,3,hsa-miR-1184_st,0.008306146466035407
LogReg_miRNA,3,hsa-miR-1231_st,-0.045716053022954097
LogReg_miRNA,3,hsa-miR-1246_st,0.01773447952520837
LogReg_miRNA,3,hsa-miR-126_st,0.01586756661489199
LogReg_miRNA,3,hsa-miR-127-3p_st,0.02718107611738535
LogReg_miRNA,3,hsa-miR-1287_st,-0.027163031217038534
LogReg_miRNA,3,hsa-miR-128_st,-0.024857391887095483
LogReg_miRNA,3,hsa-miR-130b_st,0.0006673641551971697
LogReg_miRNA,3,hsa-miR-134_st,0.015893987299393446
LogReg_miRNA,3,hsa-miR-140-3p_st,-0.006679740466845607
LogReg_miRNA,3,hsa-miR-1469_st,-0.02279031537343522
LogReg_miRNA,3,hsa-miR-146b-5p_st,0.018910959393402947
LogReg_miRNA,3,hsa-miR-152_st,0.017239986023820403
LogReg_miRNA,3,hsa-miR-181a-2-star_st,-0.031364073429098575
LogReg_miRNA,3,hsa-miR-181a_st,-0.030683560850413384
LogReg_miRNA,3,hsa-miR-181b_st,-0.011128123754744857
LogReg_miRNA,3,hsa-miR-1915_st,-0.016443052886414705
LogReg_miRNA,3,hsa-miR-191_st,-0.005326982241724648
LogReg_miRNA,3,hsa-miR-195_st,0.025362405625565528
LogReg_miRNA,3,hsa-miR-197_st,-0.026669294842406623
LogReg_miRNA,3,hsa-miR-19a_st,-0.0033243747131238787
LogReg_miRNA,3,hsa-miR-19b_st,0.009786294520696839
LogReg_miRNA,3,hsa-miR-200b-star_st,0.035703002964615586
LogReg_miRNA,3,hsa-miR-200c_st,0.013523078696529318
LogReg_miRNA,3,hsa-miR-20a_st,0.02048136976459392
LogReg_miRNA,3,hsa-miR-2116_st,-0.028233667724645126
LogReg_miRNA,3,hsa-miR-21_st,0.012102601084370813
LogReg_miRNA,3,hsa-miR-221_st,-0.014691884018794447
LogReg_miRNA,3,hsa-miR-222_st,-0.019148781666269956
LogReg_miRNA,3,hsa-miR-23a-star_st,-0.027981908879708438
LogReg_miRNA,3,hsa-miR-25-star_st,-0.006667111681436585
LogReg_miRNA,3,hsa-miR-25_st,-0.022427012562318195
LogReg_miRNA,3,hsa-miR-27a-star_st,-0.040732063029949264
LogReg_miRNA,3,hsa-miR-2861_st,-0.012874987623956254
LogReg_miRNA,3,hsa-miR-29a_st,0.02203807399137005
LogReg_miRNA,3,hsa-miR-29c_st,-0.0009200272805461876
LogReg_miRNA,3,hsa-miR-3178_st,-0.01977048257440676
LogReg_miRNA,3,hsa-miR-3185_st,-0.024782285508373643
LogReg_miRNA,3,hsa-miR-3200_st,-0.017955087631698025
LogReg_miRNA,3,hsa-miR-324-3p_st,-0.036738650935506496
LogReg_miRNA,3,hsa-miR-345_st,-0.010166119810278297
LogReg_miRNA,3,hsa-miR-34a_st,0.01583405164986626
LogReg_miRNA,3,hsa-miR-361-5p_st,-0.03314361463290871
LogReg_miRNA,3,hsa-miR-370_st,0.01535792973574867
LogReg_miRNA,3,hsa-miR-376c_st,0.006851682931334688
LogReg_miRNA,3,hsa-miR-378-star_st,-0.010815067974187664
LogReg_miRNA,3,hsa-miR-378_st,-0.0022446494498655715
LogReg_miRNA,3,hsa-miR-378c_st,-0.01867353752940676
LogReg_miRNA,3,hsa-miR-379_st,0.019540786874384965
LogReg_miRNA,3,hsa-miR-382_st,0.010202979904251284
LogReg_miRNA,3,hsa-miR-409-3p_st,0.02178668716602084
LogReg_miRNA,3,hsa-miR-411_st,0.01686050654198354
LogReg_miRNA,3,hsa-miR-423-3p_st,0.0031863936513470085
LogReg_miRNA,3,hsa-miR-4281_st,-0.018615292055077823
LogReg_miRNA,3,hsa-miR-432_st,0.008298235247459816
LogReg_miRNA,3,hsa-miR-433_st,0.005649854995883947
LogReg_miRNA,3,hsa-miR-485-5p_st,0.009152945163427028
LogReg_miRNA,3,hsa-miR-486-5p_st,0.03278728912268801
LogReg_miRNA,3,hsa-miR-487b_st,0.013279686679786584
LogReg_miRNA,3,hsa-miR-494_st,0.01680546398863782
LogReg_miRNA,3,hsa-miR-503_st,0.03072741734281784
LogReg_miRNA,3,hsa-miR-543_st,0.006173418661952497
LogReg_miRNA,3,hsa-miR-584_st,0.00871967724727101
LogReg_miRNA,3,hsa-miR-638_st,-0.012788196264004523
LogReg_miRNA,3,hsa-miR-660_st,0.01720977747197362
LogReg_miRNA,3,hsa-miR-663_st,-0.034656382258849726
LogReg_miRNA,3,hsa-miR-664_st,-0.005262433299067619
LogReg_miRNA,3,hsa-miR-744_st,-0.02428449051818635
LogReg_miRNA,3,hsa-miR-766_st,-0.030146272873147265
LogReg_miRNA,3,hsa-miR-93_st,-0.007162512645520651
LogReg_miRNA,3,hsv1-miR-H6-3p_st,-0.02342199638484426
LogReg_miRNA,3,hsv2-miR-H20_st,-0.013288886847202148
LogReg_miRNA,3,hsv2-miR-H5_st,-0.026768328129415264
LogReg_miRNA,3,hvt-miR-H9-5p_st,-0.011817480602088228
LogReg_miRNA,3,isc-miR-124_st,0.021188028541311146
LogReg_miRNA,3,lca-miR-19a_st,0.012437510821629257
LogReg_miRNA,3,lca-miR-19b_st,0.01146568438433415
LogReg_miRNA,3,lca-miR-20_st,0.015724519768405908
LogReg_miRNA,3,lla-miR-127_st,0.026199716991017606
LogReg_miRNA,3,lla-miR-181a_st,-0.02951106212777558
LogReg_miRNA,3,lla-miR-181b_st,-0.01033794951725232
LogReg_miRNA,3,lla-miR-19a_st,0.005183522932915926
LogReg_miRNA,3,lla-miR-19b_st,0.004866818603468772
LogReg_miRNA,3,lla-miR-20_st,0.02027527129881015
LogReg_miRNA,3,lla-miR-25_st,-0.021964054794735448
LogReg_miRNA,3,lla-miR-29a_st,0.025912870625380127
LogReg_miRNA,3,lla-miR-34a_st,0.020960539018459144
LogReg_miRNA,3,lla-miR-93_st,-0.0038710864529398516
LogReg_miRNA,3,lmi-miR-281_st,-0.027705745981606595
LogReg_miRNA,3,mdo-let-7d_st,-0.03856581385016552
LogReg_miRNA,3,mdo-miR-106_st,0.02165883617630271
LogReg_miRNA,3,mdo-miR-146b_st,0.02267430096825958
LogReg_miRNA,3,mdo-miR-152_st,0.0295983419550616
LogReg_miRNA,3,mdo-miR-181a_st,-0.030056072997950982
LogReg_miRNA,3,mdo-miR-181b_st,-0.008311883341073812
LogReg_miRNA,3,mdo-miR-181c_st,-0.030692457944665488
LogReg_miRNA,3,mdo-miR-18_st,0.028627233439856774
LogReg_miRNA,3,mdo-miR-191_st,-0.007785553006064033
LogReg_miRNA,3,mdo-miR-19a_st,-0.0067194521377341105
LogReg_miRNA,3,mdo-miR-19b_st,0.005854190211408069
LogReg_miRNA,3,mdo-miR-20_st,0.0204195912650855
LogReg_miRNA,3,mdo-miR-21_st,0.015520113171374679
LogReg_miRNA,3,mdo-miR-221_st,-0.012428803761777976
LogReg_miRNA,3,mdo-miR-222a_st,-0.015383699621922615
LogReg_miRNA,3,mdo-miR-24_st,0.01280896684960684
LogReg_miRNA,3,mdo-miR-25_st,-0.0204802226104568
LogReg_miRNA,3,mdo-miR-34a_st,0.02192084648919883
LogReg_miRNA,3,mdo-miR-367_st,-0.024304464065085067
LogReg_miRNA,3,mdo-miR-93_st,-0.004897799016978431
LogReg_miRNA,3,mdv1-miR-M2-3p_st,-0.021239237878769024
LogReg_miRNA,3,mml-let-7d_st,-0.01725300853593493
LogReg_miRNA,3,mml-miR-125a-3p_st,0.017122188522097754
LogReg_miRNA,3,mml-miR-126_st,0.014102351648058986
LogReg_miRNA,3,mml-miR-127_st,0.023116668029447618
LogReg_miRNA,3,mml-miR-128a_st,-0.029244300248919275
LogReg_miRNA,3,mml-miR-130b_st,0.0058226797787141555
LogReg_miRNA,3,mml-miR-134_st,0.01272965255835404
LogReg_miRNA,3,mml-miR-140-3p_st,-0.004146872094949468
LogReg_miRNA,3,mml-miR-146b-5p_st,0.025037492775962747
LogReg_miRNA,3,mml-miR-152_st,0.023362814398324265
LogReg_miRNA,3,mml-miR-181a-star_st,-0.01610484851422628
LogReg_miRNA,3,mml-miR-181a_st,-0.03126391200890851
LogReg_miRNA,3,mml-miR-181b_st,-0.0086882014544671
LogReg_miRNA,3,mml-miR-18_st,0.04247531811962506
LogReg_miRNA,3,mml-miR-190b_st,-0.03178153291033976
LogReg_miRNA,3,mml-miR-191_st,-0.0065034260957911524
LogReg_miRNA,3,mml-miR-195_st,0.02924224512188483
LogReg_miRNA,3,mml-miR-19a_st,0.007418096816130741
LogReg_miRNA,3,mml-miR-19b_st,0.006501653861193122
LogReg_miRNA,3,mml-miR-20a_st,0.018968797200802034
LogReg_miRNA,3,mml-miR-21_st,0.02392995140024382
LogReg_miRNA,3,mml-miR-221_st,-0.014485518500960757
LogReg_miRNA,3,mml-miR-222_st,-0.021267054943954443
LogReg_miRNA,3,mml-miR-25_st,-0.025344381128103128
LogReg_miRNA,3,mml-miR-29a_st,0.028695447085772895
LogReg_miRNA,3,mml-miR-29c_st,0.006151297952313803
LogReg_miRNA,3,mml-miR-324-3p_st,-0.02786306289112771
LogReg_miRNA,3,mml-miR-34a_st,0.012307903068512382
LogReg_miRNA,3,mml-miR-361-5p_st,-0.0328081586990154
LogReg_miRNA,3,mml-miR-374b_st,0.013297475118617032
LogReg_miRNA,3,mml-miR-376c_st,0.001009016588815739
LogReg_miRNA,3,mml-miR-378_st,-0.007398024746854439
LogReg_miRNA,3,mml-miR-379_st,0.02223124744517992
LogReg_miRNA,3,mml-miR-382_st,0.011688663221348553
LogReg_miRNA,3,mml-miR-409-3p_st,0.014963610561322093
LogReg_miRNA,3,mml-miR-411_st,0.008296393577444806
LogReg_miRNA,3,mml-miR-423-3p_st,-0.017322414772330867
LogReg_miRNA,3,mml-miR-423-5p_st,0.00448685824046388
LogReg_miRNA,3,mml-miR-432_st,0.014753394772467602
LogReg_miRNA,3,mml-miR-433_st,0.008903033254639007
LogReg_miRNA,3,mml-miR-450b-3p_st,-0.014857767394904102
LogReg_miRNA,3,mml-miR-485-5p_st,0.00582163986288017
LogReg_miRNA,3,mml-miR-486-5p_st,0.03696359727669818
LogReg_miRNA,3,mml-miR-487b_st,0.019251559626122336
LogReg_miRNA,3,mml-miR-494_st,0.014227935557630043
LogReg_miRNA,3,mml-miR-495_st,-0.002827436603244591
LogReg_miRNA,3,mml-miR-503_st,0.020484162979384445
LogReg_miRNA,3,mml-miR-543_st,0.009584559436345869
LogReg_miRNA,3,mml-miR-548a_st,0.010601639040996699
LogReg_miRNA,3,mml-miR-638_st,-0.015980613314707712
LogReg_miRNA,3,mml-miR-654-5p_st,0.025603347275387447
LogReg_miRNA,3,mml-miR-663_st,-0.033416820865804726
LogReg_miRNA,3,mml-miR-93_st,-0.0036422573394179827
LogReg_miRNA,3,mmu-let-7d_st,-0.020228698092986067
LogReg_miRNA,3,mmu-miR-106b-star_st,0.008534113987581247
LogReg_miRNA,3,mmu-miR-125a-3p_st,0.011838481501802015
LogReg_miRNA,3,mmu-miR-126-3p_st,0.013716460229063029
LogReg_miRNA,3,mmu-miR-127_st,0.030386574234440408
LogReg_miRNA,3,mmu-miR-130b_st,0.0059257090799684125
LogReg_miRNA,3,mmu-miR-134_st,0.013716880739082591
LogReg_miRNA,3,mmu-miR-140-star_st,-0.001250006717768429
LogReg_miRNA,3,mmu-miR-146b_st,0.02576829349456027
LogReg_miRNA,3,mmu-miR-152_st,0.024219561074930555
LogReg_miRNA,3,mmu-miR-155_st,0.021071006999889393
LogReg_miRNA,3,mmu-miR-181a-1-star_st,-0.019369964552320436
LogReg_miRNA,3,mmu-miR-181a_st,-0.03060343218388307
LogReg_miRNA,3,mmu-miR-181b_st,-0.0072016310742851145
LogReg_miRNA,3,mmu-miR-18a-star_st,0.01665541743551461
LogReg_miRNA,3,mmu-miR-191_st,-0.007647589500627436
LogReg_miRNA,3,mmu-miR-1937a_st,0.0026938313270321577
LogReg_miRNA,3,mmu-miR-195_st,0.027992660838181617
LogReg_miRNA,3,mmu-miR-199a-3p_st,0.011148322301228718
LogReg_miRNA,3,mmu-miR-19b_st,0.0069178494920491595
LogReg_miRNA,3,mmu-miR-20a_st,0.02120481219403962
LogReg_miRNA,3,mmu-miR-2132_st,-0.0240755390310663
LogReg_miRNA,3,mmu-miR-2133_st,-0.018749919284529237
LogReg_miRNA,3,mmu-miR-2137_st,-0.018397999663864746
LogReg_miRNA,3,mmu-miR-21_st,0.01874009097169835
LogReg_miRNA,3,mmu-miR-221_st,-0.013873537951503489
LogReg_miRNA,3,mmu-miR-222_st,-0.021848094668689987
LogReg_miRNA,3,mmu-miR-22_st,0.009673660925257689
LogReg_miRNA,3,mmu-miR-25_st,-0.0319263258538185
LogReg_miRNA,3,mmu-miR-27a-star_st,-0.030859201636423465
LogReg_miRNA,3,mmu-miR-2861_st,-0.015831772821653444
LogReg_miRNA,3,mmu-miR-29a_st,0.013100676368162742
LogReg_miRNA,3,mmu-miR-29c_st,0.012164566534859837
LogReg_miRNA,3,mmu-miR-34a_st,0.012575000088954515
LogReg_miRNA,3,mmu-miR-361_st,-0.027890248058863122
LogReg_miRNA,3,mmu-miR-376a_st,-0.019296829398595863
LogReg_miRNA,3,mmu-miR-378_st,-0.008107889745368073
LogReg_miRNA,3,mmu-miR-379_st,0.011994860491411343
LogReg_miRNA,3,mmu-miR-382_st,0.01493921410445931
LogReg_miRNA,3,mmu-miR-409-3p_st,0.01620241294359563
LogReg_miRNA,3,mmu-miR-423-3p_st,-0.005504341583513271
LogReg_miRNA,3,mmu-miR-433_st,0.01830193525450998
LogReg_miRNA,3,mmu-miR-485_st,0.010439869519494547
LogReg_miRNA,3,mmu-miR-486_st,0.029833071645266492
LogReg_miRNA,3,mmu-miR-487b_st,0.0167518839514651
LogReg_miRNA,3,mmu-miR-494_st,0.012863397033927571
LogReg_miRNA,3,mmu-miR-495_st,0.0031250859168515375
LogReg_miRNA,3,mmu-miR-543_st,0.008219035728033574
LogReg_miRNA,3,mmu-miR-687_st,-0.03597655414375353
LogReg_miRNA,3,mmu-miR-744_st,-0.024461196904022955
LogReg_miRNA,3,mmu-miR-762_st,-0.02548685455067128
LogReg_miRNA,3,mmu-miR-93_st,-0.009432108097684315
LogReg_miRNA,3,mne-miR-127_st,0.01605109596416698
LogReg_miRNA,3,mne-miR-134_st,0.021773367508799078
LogReg_miRNA,3,mne-miR-181a_st,-0.03175575602422961
LogReg_miRNA,3,mne-miR-181b_st,-0.0103706092724665
LogReg_miRNA,3,mne-miR-19a_st,-0.0037404403887734187
LogReg_miRNA,3,mne-miR-19b_st,0.009780232573780068
LogReg_miRNA,3,mne-miR-20_st,0.02043224945795321
LogReg_miRNA,3,mne-miR-21_st,0.011044260991649308
LogReg_miRNA,3,mne-miR-25_st,-0.032379070191663854
LogReg_miRNA,3,mne-miR-29a_st,0.022908638416505662
LogReg_miRNA,3,mne-miR-30b_st,0.004837439156703468
LogReg_miRNA,3,mne-miR-34a_st,0.011551712687639347
LogReg_miRNA,3,mne-miR-93_st,-0.0028972786172676915
LogReg_miRNA,3,mtr-miR166g_st,0.01745613531723244
LogReg_miRNA,3,mtr-miR2111h_st,-0.026425134616083496
LogReg_miRNA,3,mtr-miR2618a_st,-0.016198438221884694
LogReg_miRNA,3,mtr-miR2655h_st,-0.02299929858465706
LogReg_miRNA,3,mtr-miR2675a_st,0.01647131939089115
LogReg_miRNA,3,nve-miR-2022_st,-0.010724059606979666
LogReg_miRNA,3,nve-miR-2027-star_st,-0.021391330232494156
LogReg_miRNA,3,oan-let-7d_st,-0.021628473427265593
LogReg_miRNA,3,oan-let-7e_st,0.012784731688072164
LogReg_miRNA,3,oan-miR-106_st,0.01684957259269769
LogReg_miRNA,3,oan-miR-126_st,0.014242468720051214
LogReg_miRNA,3,oan-miR-140_st,-0.005136931027873489
LogReg_miRNA,3,oan-miR-1420c_st,-0.020495321373858198
LogReg_miRNA,3,oan-miR-1420f_st,-0.02434370077543199
LogReg_miRNA,3,oan-miR-1420g-star_st,-0.01822209572642245
LogReg_miRNA,3,oan-miR-1421al_st,-0.02368780932720356
LogReg_miRNA,3,oan-miR-1421i_st,-0.015000166350309914
LogReg_miRNA,3,oan-miR-1421w_st,-0.0031585183970183808
LogReg_miRNA,3,oan-miR-1421y_st,-0.009127035378388992
LogReg_miRNA,3,oan-miR-146b_st,0.02436612683341481
LogReg_miRNA,3,oan-miR-148_st,0.01103808509642661
LogReg_miRNA,3,oan-miR-181a-star_st,-0.018158828362014077
LogReg_miRNA,3,oan-miR-181a_st,-0.03173333081210373
LogReg_miRNA,3,oan-miR-181b_st,-0.012017129569681578
LogReg_miRNA,3,oan-miR-18_st,0.014489365944232118
LogReg_miRNA,3,oan-miR-191_st,-0.011932965591095315
LogReg_miRNA,3,oan-miR-19a_st,0.005928840735965837
LogReg_miRNA,3,oan-miR-19b_st,0.006192019854636244
LogReg_miRNA,3,oan-miR-20a-2-star_st,-0.011910108699268505
LogReg_miRNA,3,oan-miR-20a_st,0.003987117657774745
LogReg_miRNA,3,oan-miR-21_st,0.021441414162131817
LogReg_miRNA,3,oan-miR-221_st,-0.014399946860397793
LogReg_miRNA,3,oan-miR-222a_st,-0.0209833961307453
LogReg_miRNA,3,oan-miR-29a_st,0.0018240990845584664
LogReg_miRNA,3,oan-miR-33b-3p_st,-0.0053614328769847714
LogReg_miRNA,3,oan-miR-92b_st,0.005412142946656922
LogReg_miRNA,3,oar-miR-127_st,0.022278088553495366
LogReg_miRNA,3,oar-miR-432_st,0.008468018027838434
LogReg_miRNA,3,odi-miR-124a_st,-0.0009328845786244337
LogReg_miRNA,3,odi-miR-1472_st,-0.010210379122396139
LogReg_miRNA,3,odi-miR-1485_st,0.024798560364908198
LogReg_miRNA,3,odi-miR-92a_st,0.011799683746467681
LogReg_miRNA,3,osa-miR1862c_st,-0.008036010849623385
LogReg_miRNA,3,osa-miR1878_st,-0.015287851927456771
LogReg_miRNA,3,osa-miR2096-3p_st,-0.022313572776867463
LogReg_miRNA,3,osa-miR2118j_st,-0.011632573348742173
LogReg_miRNA,3,osa-miR2124h_st,-0.013362866684240835
LogReg_miRNA,3,osa-miR442_st,-0.018808992670325018
LogReg_miRNA,3,osa-miR806b_st,-0.0029639057882732242
LogReg_miRNA,3,peu-miR2911_st,-0.02637698475975842
LogReg_miRNA,3,ppa-miR-128_st,-0.03239666065585434
LogReg_miRNA,3,ppa-miR-134_st,0.023047339274027988
LogReg_miRNA,3,ppa-miR-181a-star_st,-0.022137549846187668
LogReg_miRNA,3,ppa-miR-181a_st,-0.029658277372366933
LogReg_miRNA,3,ppa-miR-181b_st,-0.012941847737965927
LogReg_miRNA,3,ppa-miR-195_st,0.024281024697459814
LogReg_miRNA,3,ppa-miR-197_st,-0.029782914914307564
LogReg_miRNA,3,ppa-miR-19a_st,0.005104633573749256
LogReg_miRNA,3,ppa-miR-19b_st,0.003769989640282951
LogReg_miRNA,3,ppa-miR-20_st,0.017798205081224622
LogReg_miRNA,3,ppa-miR-21_st,0.020880197137972206
LogReg_miRNA,3,ppa-miR-221_st,-0.01015767326271701
LogReg_miRNA,3,ppa-miR-25_st,-0.018692014891533607
LogReg_miRNA,3,ppa-miR-29a_st,0.02943292438425258
LogReg_miRNA,3,ppa-miR-30a-5p_st,0.012776701202172386
LogReg_miRNA,3,ppa-miR-34a_st,0.015581571555899475
LogReg_miRNA,3,ppa-miR-93_st,-0.005586637989118456
LogReg_miRNA,3,ppc-miR-2248_st,-0.021553392480083314
LogReg_miRNA,3,ppt-miR1031a_st,0.0005471667668024841
LogReg_miRNA,3,ppt-miR1033c_st,0.018236195783169196
LogReg_miRNA,3,ppt-miR1033d_st,0.025839389392298046
LogReg_miRNA,3,ppt-miR1033e_st,0.02739106295036742
LogReg_miRNA,3,ppt-miR1044-5p_st,-0.026471254808441497
LogReg_miRNA,3,ppt-miR1077-5p_st,-0.02338278462503537
LogReg_miRNA,3,ppy-let-7d_st,-0.02209022390387178
LogReg_miRNA,3,ppy-miR-125a-3p_st,0.01093451529523814
LogReg_miRNA,3,ppy-miR-126_st,0.012906843865906363
LogReg_miRNA,3,ppy-miR-127_st,0.02319150706096105
LogReg_miRNA,3,ppy-miR-130b_st,0.005872716852559798
LogReg_miRNA,3,ppy-miR-134_st,0.014492388296179146
LogReg_miRNA,3,ppy-miR-140-3p_st,-0.0050711928111581185
LogReg_miRNA,3,ppy-miR-1469_st,-0.024049899540806795
LogReg_miRNA,3,ppy-miR-146b-3p_st,0.017242808632780104
LogReg_miRNA,3,ppy-miR-146b-5p_st,0.027046108303586464
LogReg_miRNA,3,ppy-miR-181a_st,-0.03077381900985632
LogReg_miRNA,3,ppy-miR-181b_st,-0.007776961707195206
LogReg_miRNA,3,ppy-miR-181c_st,-0.0028262594281703406
LogReg_miRNA,3,ppy-miR-18b_st,0.02186231196152804
LogReg_miRNA,3,ppy-miR-1915_st,-0.01898227823449538
LogReg_miRNA,3,ppy-miR-191_st,-0.008483850036359975
LogReg_miRNA,3,ppy-miR-195_st,0.02830918136660973
LogReg_miRNA,3,ppy-miR-19a_st,0.006182311057788633
LogReg_miRNA,3,ppy-miR-19b_st,0.004354902014531198
LogReg_miRNA,3,ppy-miR-205_st,-0.017832072639049776
LogReg_miRNA,3,ppy-miR-208a_st,0.033070766841249453
LogReg_miRNA,3,ppy-miR-20_st,0.02164617295270984
LogReg_miRNA,3,ppy-miR-21_st,0.021221388609953082
LogReg_miRNA,3,ppy-miR-221_st,-0.012446567652475118
LogReg_miRNA,3,ppy-miR-222_st,-0.01861402872654691
LogReg_miRNA,3,ppy-miR-25_st,-0.026491861864316464
LogReg_miRNA,3,ppy-miR-29a_st,0.021162430734555843
LogReg_miRNA,3,ppy-miR-29c_st,-0.002651742437522001
LogReg_miRNA,3,ppy-miR-324-3p_st,-0.03288597815321003
LogReg_miRNA,3,ppy-miR-345_st,-0.009106358830784565
LogReg_miRNA,3,ppy-miR-34a_st,0.012596089518350116
LogReg_miRNA,3,ppy-miR-361-5p_st,-0.03078132250348313
LogReg_miRNA,3,ppy-miR-369-3p_st,-0.035137537000261815
LogReg_miRNA,3,ppy-miR-370_st,0.015337624425140533
LogReg_miRNA,3,ppy-miR-376c_st,0.006385148761683518
LogReg_miRNA,3,ppy-miR-379_st,0.019386557619889916
LogReg_miRNA,3,ppy-miR-382_st,0.013065257235372779
LogReg_miRNA,3,ppy-miR-409-3p_st,0.012692791245886724
LogReg_miRNA,3,ppy-miR-423-3p_st,-0.006791532490863296
LogReg_miRNA,3,ppy-miR-432_st,0.013934091672519116
LogReg_miRNA,3,ppy-miR-485-5p_st,0.00413261230315347
LogReg_miRNA,3,ppy-miR-486-5p_st,0.03515765912344216
LogReg_miRNA,3,ppy-miR-487b_st,0.006418709149608657
LogReg_miRNA,3,ppy-miR-493_st,0.013083616725028058
LogReg_miRNA,3,ppy-miR-494_st,0.020233993461359075
LogReg_miRNA,3,ppy-miR-495_st,0.024285006052731938
LogReg_miRNA,3,ppy-miR-503_st,0.028394126573245314
LogReg_miRNA,3,ppy-miR-543_st,0.004538609199339998
LogReg_miRNA,3,ppy-miR-584_st,0.013910107833004703
LogReg_miRNA,3,ppy-miR-638_st,-0.015551935509666649
LogReg_miRNA,3,ppy-miR-654-3p_st,-0.002537090215559434
LogReg_miRNA,3,ppy-miR-744_st,-0.02314306461153487
LogReg_miRNA,3,ppy-miR-93_st,-0.006897939969632504
LogReg_miRNA,3,pta-miR396_st,-0.004503849557400343
LogReg_miRNA,3,pta-miR951_st,-0.01198516626795395
LogReg_miRNA,3,ptc-miR480a_st,-0.0074737728740330595
LogReg_miRNA,3,ptr-let-7d_st,-0.023652170158977765
LogReg_miRNA,3,ptr-miR-1184_st,0.006976950982842366
LogReg_miRNA,3,ptr-miR-1205_st,-0.013819043587997784
LogReg_miRNA,3,ptr-miR-125a_st,0.013851260792078044
LogReg_miRNA,3,ptr-miR-126_st,0.015653165959017955
LogReg_miRNA,3,ptr-miR-127_st,0.02051401068675097
LogReg_miRNA,3,ptr-miR-130b_st,0.008717912310743309
LogReg_miRNA,3,ptr-miR-134_st,0.005629311935012713
LogReg_miRNA,3,ptr-miR-146b_st,0.02306486598262483
LogReg_miRNA,3,ptr-miR-152_st,0.013394586301732044
LogReg_miRNA,3,ptr-miR-181a_st,-0.030102774716596167
LogReg_miRNA,3,ptr-miR-181b_st,-0.00586121965592399
LogReg_miRNA,3,ptr-miR-191_st,-0.006812684346897655
LogReg_miRNA,3,ptr-miR-195_st,0.025986418281635646
LogReg_miRNA,3,ptr-miR-197_st,-0.03076687610560937
LogReg_miRNA,3,ptr-miR-19b_st,0.0074498020136276
LogReg_miRNA,3,ptr-miR-20a_st,0.022458517813429214
LogReg_miRNA,3,ptr-miR-21_st,0.02285513797179972
LogReg_miRNA,3,ptr-miR-221_st,-0.008981617571634796
LogReg_miRNA,3,ptr-miR-29a_st,0.027769726993279755
LogReg_miRNA,3,ptr-miR-29c_st,0.018950026238331735
LogReg_miRNA,3,ptr-miR-323_st,-0.030398974114775157
LogReg_miRNA,3,ptr-miR-324_st,-0.04162570933455776
LogReg_miRNA,3,ptr-miR-32_st,0.025812218811807376
LogReg_miRNA,3,ptr-miR-335_st,0.01639400091032813
LogReg_miRNA,3,ptr-miR-345_st,-0.007536753287369683
LogReg_miRNA,3,ptr-miR-34a_st,0.01134438761208581
LogReg_miRNA,3,ptr-miR-376c_st,0.0022416394344195955
LogReg_miRNA,3,ptr-miR-378_st,-0.0068065117690019146
LogReg_miRNA,3,ptr-miR-379_st,0.013216709151421561
LogReg_miRNA,3,ptr-miR-382_st,0.02320873152281816
LogReg_miRNA,3,ptr-miR-409_st,0.007742932564202787
LogReg_miRNA,3,ptr-miR-423_st,-0.010410322316244162
LogReg_miRNA,3,ptr-miR-432_st,0.01747235445524658
LogReg_miRNA,3,ptr-miR-486_st,0.0319021201043566
LogReg_miRNA,3,ptr-miR-487b_st,0.012289499268511278
LogReg_miRNA,3,ptr-miR-494_st,0.023718639378172705
LogReg_miRNA,3,ptr-miR-495_st,0.009673442566837203
LogReg_miRNA,3,ptr-miR-502_st,-0.008218244774681638
LogReg_miRNA,3,ptr-miR-503_st,0.03235776925060658
LogReg_miRNA,3,ptr-miR-543_st,0.013551374978249384
LogReg_miRNA,3,ptr-miR-548a_st,0.006225276565071998
LogReg_miRNA,3,ptr-miR-654_st,0.013062951508246181
LogReg_miRNA,3,ptr-miR-663a_st,-0.034834138979137425
LogReg_miRNA,3,ptr-miR-744_st,-0.023873430776940784
LogReg_miRNA,3,ptr-miR-93_st,-0.007642063533078185
LogReg_miRNA,3,pvu-miR482_st,-0.0262685364944504
LogReg_miRNA,3,rlcv-miR-rL1-34-5p_st,-0.00263583328676267
LogReg_miRNA,3,rno-let-7d_st,-0.020010858005043965
LogReg_miRNA,3,rno-miR-106b-star_st,-0.00499805222092759
LogReg_miRNA,3,rno-miR-10b_st,-0.020891387573740993
LogReg_miRNA,3,rno-miR-126_st,0.011546425719468756
LogReg_miRNA,3,rno-miR-127_st,0.02172908483507169
LogReg_miRNA,3,rno-miR-128_st,-0.030420964601454385
LogReg_miRNA,3,rno-miR-130b_st,0.004375165450750294
LogReg_miRNA,3,rno-miR-134_st,0.023489799873842553
LogReg_miRNA,3,rno-miR-136-star_st,0.028446680003013664
LogReg_miRNA,3,rno-miR-140-star_st,-0.0011475017083717725
LogReg_miRNA,3,rno-miR-146b_st,0.031590518138878775
LogReg_miRNA,3,rno-miR-152_st,0.014362079656708555
LogReg_miRNA,3,rno-miR-181a-star_st,-0.027028726901872566
LogReg_miRNA,3,rno-miR-181a_st,-0.03230161489472403
LogReg_miRNA,3,rno-miR-181b_st,-0.007752428322266966
LogReg_miRNA,3,rno-miR-191_st,-0.007193874554210503
LogReg_miRNA,3,rno-miR-195_st,0.03561322119417631
LogReg_miRNA,3,rno-miR-199a-3p_st,0.010543109929957295
LogReg_miRNA,3,rno-miR-19a_st,0.008615725100392244
LogReg_miRNA,3,rno-miR-19b_st,0.006439942439888558
LogReg_miRNA,3,rno-miR-20a_st,0.018904590310935908
LogReg_miRNA,3,rno-miR-21_st,0.02260050190538143
LogReg_miRNA,3,rno-miR-221_st,-0.012209705507290655
LogReg_miRNA,3,rno-miR-222_st,-0.022744183775296255
LogReg_miRNA,3,rno-miR-22_st,0.017533351960856106
LogReg_miRNA,3,rno-miR-23a-star_st,-0.023851312140616136
LogReg_miRNA,3,rno-miR-25_st,-0.026320859108506987
LogReg_miRNA,3,rno-miR-27a-star_st,-0.03086963685761213
LogReg_miRNA,3,rno-miR-29a_st,0.029400371636956336
LogReg_miRNA,3,rno-miR-29b-2-star_st,0.024249561215429517
LogReg_miRNA,3,rno-miR-29c_st,0.007803817399733586
LogReg_miRNA,3,rno-miR-323_st,-0.029079893966337336
LogReg_miRNA,3,rno-miR-324-3p_st,-0.03019175774756213
LogReg_miRNA,3,rno-miR-32_st,0.0247120628848152
LogReg_miRNA,3,rno-miR-34a_st,0.013074436147453987
LogReg_miRNA,3,rno-miR-361_st,-0.027898897762005482
LogReg_miRNA,3,rno-miR-370_st,0.0073563851883826905
LogReg_miRNA,3,rno-miR-378_st,-0.008177693687342927
LogReg_miRNA,3,rno-miR-379_st,0.016620303735150856
LogReg_miRNA,3,rno-miR-382_st,0.013349079183038497
LogReg_miRNA,3,rno-miR-383_st,-0.03367968351754026
LogReg_miRNA,3,rno-miR-409-3p_st,0.0029768557003195246
LogReg_miRNA,3,rno-miR-423_st,-0.005114161426478169
LogReg_miRNA,3,rno-miR-433_st,0.015941151053594373
LogReg_miRNA,3,rno-miR-451_st,0.0209019116159781
LogReg_miRNA,3,rno-miR-485_st,0.01935193767775514
LogReg_miRNA,3,rno-miR-487b_st,0.01456052975436512
LogReg_miRNA,3,rno-miR-493_st,0.00565414600745081
LogReg_miRNA,3,rno-miR-494_st,0.01756124824868435
LogReg_miRNA,3,rno-miR-495_st,0.013419963559207089
LogReg_miRNA,3,rno-miR-497_st,0.012034139290142128
LogReg_miRNA,3,rno-miR-503_st,0.00777016455060354
LogReg_miRNA,3,rno-miR-551b_st,-0.02429826136971007
LogReg_miRNA,3,rno-miR-93_st,-0.006090971160389485
LogReg_miRNA,3,rrv-miR-rR1-4_st,-0.022285724412487416
LogReg_miRNA,3,sja-miR-31-5p_st,0.024925500569820687
LogReg_miRNA,3,sja-miR-3498_st,-0.02157831905885253
LogReg_miRNA,3,sko-miR-92c_st,0.0061066331867102785
LogReg_miRNA,3,sla-miR-127_st,0.02863939214607172
LogReg_miRNA,3,sla-miR-128_st,-0.019500795438871878
LogReg_miRNA,3,sla-miR-181a_st,-0.03253908053687502
LogReg_miRNA,3,sla-miR-18_st,0.036638317013081956
LogReg_miRNA,3,sla-miR-19a_st,0.0008939206708423869
LogReg_miRNA,3,sla-miR-19b_st,0.006989104198869873
LogReg_miRNA,3,sla-miR-20_st,0.02025077326585393
LogReg_miRNA,3,sla-miR-29a_st,0.02481100635962016
LogReg_miRNA,3,sla-miR-34a_st,0.010652819271487287
LogReg_miRNA,3,sla-miR-93_st,-0.003582135472576759
LogReg_miRNA,3,sme-miR-124b_st,-3.863945134695374e-05
LogReg_miRNA,3,sme-miR-750-3p_st,-0.013569336908304103
LogReg_miRNA,3,sme-miR-751_st,-0.02335207903339261
LogReg_miRNA,3,sme-miR-753b-3p_st,-0.016997861186528917
LogReg_miRNA,3,sme-miR-87d-star_st,-0.03883669762094012
LogReg_miRNA,3,SNORD119_st,0.0028648840911462423
LogReg_miRNA,3,snR39B_st,0.0033553646679928073
LogReg_miRNA,3,spike_in-control-31_st,-0.027132845782228403
LogReg_miRNA,3,spike_in-control-45_st,-0.011508707200914865
LogReg_miRNA,3,spu-miR-92c_st,0.008498597872930079
LogReg_miRNA,3,ssc-miR-127_st,0.027147767318465497
LogReg_miRNA,3,ssc-miR-128_st,-0.0314244807868929
LogReg_miRNA,3,ssc-miR-130b_st,0.004768082545471355
LogReg_miRNA,3,ssc-miR-140-star_st,-0.0001168634111327326
LogReg_miRNA,3,ssc-miR-146b_st,0.01911463372236856
LogReg_miRNA,3,ssc-miR-152_st,0.010157774126781286
LogReg_miRNA,3,ssc-miR-181a_st,-0.029500932753974987
LogReg_miRNA,3,ssc-miR-181b_st,-0.009426274759406581
LogReg_miRNA,3,ssc-miR-191_st,-0.007095156369918411
LogReg_miRNA,3,ssc-miR-195_st,0.022648775389555932
LogReg_miRNA,3,ssc-miR-19a_st,-9.535826060331283e-05
LogReg_miRNA,3,ssc-miR-19b_st,0.008207739389265811
LogReg_miRNA,3,ssc-miR-20_st,0.024174652060662508
LogReg_miRNA,3,ssc-miR-21_st,0.02135600280829063
LogReg_miRNA,3,ssc-miR-221_st,-0.01364181920205206
LogReg_miRNA,3,ssc-miR-222_st,-0.012622622816607325
LogReg_miRNA,3,ssc-miR-29a_st,0.026243931402758724
LogReg_miRNA,3,ssc-miR-335_st,0.02598788862593241
LogReg_miRNA,3,ssc-miR-361-5p_st,-0.033420465241676044
LogReg_miRNA,3,ssc-miR-378_st,0.0012569289935725515
LogReg_miRNA,3,ssc-miR-423-3p_st,-0.001997295895842624
LogReg_miRNA,3,ssc-miR-423-5p_st,0.0006525710017142717
LogReg_miRNA,3,ssc-miR-432_st,0.005192652066744845
LogReg_miRNA,3,ssc-miR-486_st,0.03851901720799366
LogReg_miRNA,3,ssc-miR-744_st,-0.02291124053910406
LogReg_miRNA,3,tae-miR1125_st,-0.027088268999652804
LogReg_miRNA,3,tca-miR-92b_st,0.004230984945817215
LogReg_miRNA,3,tgu-let-7d_st,-0.02275003086240826
LogReg_miRNA,3,tgu-let-7e_st,0.003446914365614175
LogReg_miRNA,3,tgu-miR-126_st,0.01566748780550512
LogReg_miRNA,3,tgu-miR-128_st,-0.03586326883060368
LogReg_miRNA,3,tgu-miR-140-star_st,-0.007276881938938286
LogReg_miRNA,3,tgu-miR-142_st,0.00890959982062034
LogReg_miRNA,3,tgu-miR-146b_st,0.01817123001412627
LogReg_miRNA,3,tgu-miR-155_st,0.02643178204394782
LogReg_miRNA,3,tgu-miR-181a_st,-0.032157136875263816
LogReg_miRNA,3,tgu-miR-181b_st,-0.010196992673221555
LogReg_miRNA,3,tgu-miR-18b_st,0.020357673376775215
LogReg_miRNA,3,tgu-miR-19b_st,0.00817051447695893
LogReg_miRNA,3,tgu-miR-20a_st,0.02043479042360821
LogReg_miRNA,3,tgu-miR-21_st,0.008975522487367521
LogReg_miRNA,3,tgu-miR-221_st,-0.012049829147075614
LogReg_miRNA,3,tgu-miR-222_st,-0.016018121730719273
LogReg_miRNA,3,tgu-miR-2961_st,-0.021791845623129805
LogReg_miRNA,3,tgu-miR-2966_st,-0.02493688292513915
LogReg_miRNA,3,tgu-miR-2974_st,-0.022978341212039302
LogReg_miRNA,3,tgu-miR-2975_st,0.051573008988630015
LogReg_miRNA,3,tgu-miR-2976_st,-0.010984081873478444
LogReg_miRNA,3,tgu-miR-2977_st,0.011894656083048105
LogReg_miRNA,3,tgu-miR-2981_st,-0.020550623997085952
LogReg_miRNA,3,tgu-miR-29a_st,0.0009941106388241382
LogReg_miRNA,3,tgu-miR-34a_st,0.019154209835803505
LogReg_miRNA,3,tgu-miR-454_st,0.009832463800774629
LogReg_miRNA,3,tgu-miR-99-star_st,-0.013338886228267406
LogReg_miRNA,3,tni-miR-128_st,-0.02399761977460467
LogReg_miRNA,3,tni-miR-181a-star_st,-0.023084164366563086
LogReg_miRNA,3,tni-miR-181a_st,-0.029585028922314485
LogReg_miRNA,3,tni-miR-181b_st,-0.009350766187138869
LogReg_miRNA,3,tni-miR-18_st,0.03484130712900931
LogReg_miRNA,3,tni-miR-19a_st,-0.010671493887130677
LogReg_miRNA,3,tni-miR-19b_st,0.008271368385347137
LogReg_miRNA,3,tni-miR-20_st,0.021272462266401494
LogReg_miRNA,3,tni-miR-21_st,0.006602074329624369
LogReg_miRNA,3,tni-miR-221_st,-0.01751014277242976
LogReg_miRNA,3,tni-miR-222_st,-0.017983819318288782
LogReg_miRNA,3,tni-miR-25_st,-0.02764376699840197
LogReg_miRNA,3,tni-miR-27e_st,0.009028399662207894
LogReg_miRNA,3,tni-miR-29a_st,0.004959258968061026
LogReg_miRNA,3,U13_x_st,0.0018318073251651153
LogReg_miRNA,3,U47_st,0.0015158276977356722
LogReg_miRNA,3,U49A_st,0.009992145254580889
LogReg_miRNA,3,U49B_x_st,0.002635840743508598
LogReg_miRNA,3,U75_st,0.01679289155068061
LogReg_miRNA,3,U75_x_st,0.017000842855235204
LogReg_miRNA,3,U76_st,0.008580993936540481
LogReg_miRNA,3,U78_s_st,0.02501124771908049
LogReg_miRNA,3,U78_x_st,0.022904477978399687
LogReg_miRNA,3,U79_st,0.020427681931656626
LogReg_miRNA,3,U80_st,0.005819072514489315
LogReg_miRNA,3,U81_x_st,-0.001672189479381061
LogReg_miRNA,3,U8_st,0.0037490604552671515
LogReg_miRNA,3,U98b_x_st,-0.023634043900225214
LogReg_miRNA,3,U99_st,-0.012734813024586705
LogReg_miRNA,3,v11_mmu-miR-197_st,-0.02224253370098872
LogReg_miRNA,3,v49_ENSG00000201827_x_st,-0.019463904426270034
LogReg_miRNA,3,vvi-miR171h_st,-0.008614153958762751
LogReg_miRNA,3,xla-miR-19b_st,0.007294718046416158
LogReg_miRNA,3,xtr-let-7e_st,0.011392656472092847
LogReg_miRNA,3,xtr-miR-128_st,-0.023201146686160933
LogReg_miRNA,3,xtr-miR-130b_st,0.004101245723433476
LogReg_miRNA,3,xtr-miR-155_st,0.02875745386012221
LogReg_miRNA,3,xtr-miR-181a_st,-0.029680306419840822
LogReg_miRNA,3,xtr-miR-181b_st,-0.008496771808062123
LogReg_miRNA,3,xtr-miR-18a-star_st,0.007470988211503722
LogReg_miRNA,3,xtr-miR-18b_st,0.024504400701749723
LogReg_miRNA,3,xtr-miR-191_st,-0.008702661657705139
LogReg_miRNA,3,xtr-miR-19b_st,0.0025924736668304542
LogReg_miRNA,3,xtr-miR-20a_st,0.019021695437388565
LogReg_miRNA,3,xtr-miR-2188_st,-0.012964781108484615
LogReg_miRNA,3,xtr-miR-221_st,-0.010747826163351622
LogReg_miRNA,3,xtr-miR-222_st,-0.015949590325428333
LogReg_miRNA,3,xtr-miR-25_st,-0.03201172819928634
LogReg_miRNA,3,xtr-miR-29a_st,0.0028307627487911186
LogReg_miRNA,3,xtr-miR-34a_st,0.012781146595576102
LogReg_miRNA,3,xtr-miR-499_st,-0.009894112962324765
LogReg_miRNA,3,xtr-miR-92b_st,0.013078530236996164
LogReg_miRNA,3,xtr-miR-93a_st,-0.004215600635687486
LogReg_miRNA,3,xtr-miR-93b_st,-0.0023261385888918443
LogReg_miRNA,3,zma-miR171e-star_st,-0.01635404243747089
LogReg_miRNA,3,zma-miR395k_st,-0.010883752714216757
LogReg_miRNA,4,14q0_st,0.01840819013078138
LogReg_miRNA,4,14qI-4_st,0.012893441605385955
LogReg_miRNA,4,14qI-6_st,0.008515613281183587
LogReg_miRNA,4,14qI-7_st,0.0203844982552929
LogReg_miRNA,4,14qI-8_x_st,0.018323142631897764
LogReg_miRNA,4,14qI-9_x_st,0.014619175345505272
LogReg_miRNA,4,14qII-12_st,0.012488179141854593
LogReg_miRNA,4,14qII-12_x_st,0.011990494756474035
LogReg_miRNA,4,14qII-14_st,0.020590185286861386
LogReg_miRNA,4,14qII-14_x_st,0.020480770661542785
LogReg_miRNA,4,14qII-17_st,0.027602524223342827
LogReg_miRNA,4,14qII-1_st,0.020979618953731412
LogReg_miRNA,4,14qII-1_x_st,0.024172871683910618
LogReg_miRNA,4,14qII-22_x_st,0.011117482362478573
LogReg_miRNA,4,14qII-23_x_st,0.02668883646779608
LogReg_miRNA,4,14qII-26_st,0.015670663084505616
LogReg_miRNA,4,14qII-26_x_st,0.020221678897093073
LogReg_miRNA,4,14qII-28_x_st,0.008612982945617843
LogReg_miRNA,4,14qII-3_st,0.016223240890227118
LogReg_miRNA,4,14qII-3_x_st,0.014049247420678966
LogReg_miRNA,4,14qII-9_x_st,0.025545387771936413
LogReg_miRNA,4,aae-miR-2765_st,-0.0255045324531357
LogReg_miRNA,4,aae-miR-34-star_st,-0.013582425344923975
LogReg_miRNA,4,age-miR-127_st,0.02856080937717087
LogReg_miRNA,4,age-miR-18_st,0.02178244016924515
LogReg_miRNA,4,age-miR-19a_st,0.007057068314264778
LogReg_miRNA,4,age-miR-19b_st,0.01345678775052135
LogReg_miRNA,4,age-miR-20_st,0.02010090209791031
LogReg_miRNA,4,age-miR-21_st,0.013634390948788697
LogReg_miRNA,4,age-miR-222_st,-0.019498359638806764
LogReg_miRNA,4,age-miR-29a_st,0.018913879652614998
LogReg_miRNA,4,age-miR-30b_st,-0.003707827219351689
LogReg_miRNA,4,age-miR-34a_st,0.010874881999625812
LogReg_miRNA,4,ame-miR-124_st,0.024243295085758176
LogReg_miRNA,4,ame-miR-993_st,-0.01841691393365374
LogReg_miRNA,4,aqu-miR-2014-star_st,-0.00958537774082834
LogReg_miRNA,4,ath-miR164b_st,0.04135716483493921
LogReg_miRNA,4,ath-miR416_st,-0.02468613811562042
LogReg_miRNA,4,bfl-miR-2060_st,-0.027140457313223565
LogReg_miRNA,4,bfl-miR-2061_st,-0.03332364408645163
LogReg_miRNA,4,bfl-miR-2065_st,0.031367872596544145
LogReg_miRNA,4,bfl-miR-92b_st,0.014037239468353254
LogReg_miRNA,4,bhv1-miR-B3_st,0.022802950860755372
LogReg_miRNA,4,bma-miR-137_st,-0.021530121637936245
LogReg_miRNA,4,bma-miR-92_st,0.019972745794537977
LogReg_miRNA,4,bmo-miR-13a-star_st,-0.01153509481485124
LogReg_miRNA,4,bmo-miR-2784_st,-0.0199618398130648
LogReg_miRNA,4,bmo-miR-3328_st,-0.02414777606741783
LogReg_miRNA,4,bmo-miR-3368_st,-0.025571233279884968
LogReg_miRNA,4,bmo-miR-7-star_st,0.016242695703736668
LogReg_miRNA,4,bmo-miR-92a_st,0.011527838442366165
LogReg_miRNA,4,bra-miR167c_st,-0.03432924927644317
LogReg_miRNA,4,bta-let-7d_st,-0.015847561249699597
LogReg_miRNA,4,bta-miR-106_st,0.01738858063352951
LogReg_miRNA,4,bta-miR-126_st,0.012787200184640713
LogReg_miRNA,4,bta-miR-127_st,0.02123452288088204
LogReg_miRNA,4,bta-miR-1281_st,-0.015471082204243147
LogReg_miRNA,4,bta-miR-130b_st,-0.0022878675970023333
LogReg_miRNA,4,bta-miR-1343_st,-0.006662729208277306
LogReg_miRNA,4,bta-miR-134_st,0.006276503112561997
LogReg_miRNA,4,bta-miR-140_st,-0.013761493055397868
LogReg_miRNA,4,bta-miR-146b_st,0.03022099107354587
LogReg_miRNA,4,bta-miR-152_st,0.022024476111599276
LogReg_miRNA,4,bta-miR-1584_st,-0.010774958308206784
LogReg_miRNA,4,bta-miR-1777a_st,-0.00683689321284393
LogReg_miRNA,4,bta-miR-1777b_st,-0.008019340956326709
LogReg_miRNA,4,bta-miR-181a_st,-0.020338630090750775
LogReg_miRNA,4,bta-miR-181b_st,-0.002901123573883326
LogReg_miRNA,4,bta-miR-18a_st,0.022843546909824937
LogReg_miRNA,4,bta-miR-18b_st,0.006606897068464014
LogReg_miRNA,4,bta-miR-191_st,-0.013266807765804548
LogReg_miRNA,4,bta-miR-195_st,0.017968852215442064
LogReg_miRNA,4,bta-miR-197_st,-0.023209609944234787
LogReg_miRNA,4,bta-miR-199a-3p_st,0.005751124538112614
LogReg_miRNA,4,bta-miR-19a_st,0.00916668450013422
LogReg_miRNA,4,bta-miR-19b_st,0.014554705619694084
LogReg_miRNA,4,bta-miR-20a_st,0.02271548815354792
LogReg_miRNA,4,bta-miR-20b_st,0.0123878483766053
LogReg_miRNA,4,bta-miR-21_st,0.015369040995003623
LogReg_miRNA,4,bta-miR-221_st,-0.022742510723567373
LogReg_miRNA,4,bta-miR-222_st,-0.023613128979513072
LogReg_miRNA,4,bta-miR-2288_st,0.004356195249232424
LogReg_miRNA,4,bta-miR-2305_st,-0.001642738321313082
LogReg_miRNA,4,bta-miR-2309_st,-0.003005703938891999
LogReg_miRNA,4,bta-miR-2316_st,-0.01971733600634
LogReg_miRNA,4,bta-miR-2325b_st,-0.016773518771750914
LogReg_miRNA,4,bta-miR-2348_st,-0.017036981233833674
LogReg_miRNA,4,bta-miR-2391_st,0.009415640140673842
LogReg_miRNA,4,bta-miR-2428_st,-0.013871020770551735
LogReg_miRNA,4,bta-miR-2436-5p_st,-0.011905509060343263
LogReg_miRNA,4,bta-miR-2487_st,-0.01594525786589645
LogReg_miRNA,4,bta-miR-25_st,-0.026748256813016562
LogReg_miRNA,4,bta-miR-27a-5p_st,-0.03283584669650254
LogReg_miRNA,4,bta-miR-2887_st,-0.014206801080559897
LogReg_miRNA,4,bta-miR-29a_st,0.014127684825692734
LogReg_miRNA,4,bta-miR-29c_st,0.004701812890636662
LogReg_miRNA,4,bta-miR-34a_st,0.014497126155943415
LogReg_miRNA,4,bta-miR-361_st,-0.03381927222117491
LogReg_miRNA,4,bta-miR-370_st,0.012366309370389033
LogReg_miRNA,4,bta-miR-378_st,-0.008850986020200393
LogReg_miRNA,4,bta-miR-379_st,0.02115527809624538
LogReg_miRNA,4,bta-miR-382_st,0.009320935683437528
LogReg_miRNA,4,bta-miR-423-3p_st,-0.011992738891755459
LogReg_miRNA,4,bta-miR-432_st,0.016938544347182737
LogReg_miRNA,4,bta-miR-433_st,0.003950119366087203
LogReg_miRNA,4,bta-miR-485_st,0.01038351010465863
LogReg_miRNA,4,bta-miR-487b_st,0.014251124854635377
LogReg_miRNA,4,bta-miR-493_st,0.019222225610984803
LogReg_miRNA,4,bta-miR-494_st,0.009953123857938123
LogReg_miRNA,4,bta-miR-495_st,0.0007337071996704025
LogReg_miRNA,4,bta-miR-543_st,0.0057534894263814055
LogReg_miRNA,4,bta-miR-744_st,-0.01917149892357795
LogReg_miRNA,4,bta-miR-93_st,-0.009612304975922649
LogReg_miRNA,4,cbr-miR-233_st,-0.022529044633382577
LogReg_miRNA,4,cbr-miR-235b_st,-0.017824714349263956
LogReg_miRNA,4,cbr-miR-64b_st,0.02536545422112363
LogReg_miRNA,4,cel-miR-124_st,0.028461372316970823
LogReg_miRNA,4,cel-miR-229_st,-0.012426139693341514
LogReg_miRNA,4,cel-miR-243_st,-0.0097206848703069
LogReg_miRNA,4,cel-miR-63-star_st,-0.006805486616457588
LogReg_miRNA,4,cel-miR-799_st,-0.01779099997855562
LogReg_miRNA,4,cfa-miR-106a_st,0.02540811837616101
LogReg_miRNA,4,cfa-miR-127_st,0.026340414897428596
LogReg_miRNA,4,cfa-miR-130b_st,-0.007922618119316225
LogReg_miRNA,4,cfa-miR-134_st,0.017659548987906414
LogReg_miRNA,4,cfa-miR-140_st,-0.014619102171682366
LogReg_miRNA,4,cfa-miR-142_st,0.007753434148615896
LogReg_miRNA,4,cfa-miR-146b_st,0.02132093781086591
LogReg_miRNA,4,cfa-miR-148a_st,0.005695414007882969
LogReg_miRNA,4,cfa-miR-148b_st,0.010092417074149084
LogReg_miRNA,4,cfa-miR-152_st,0.02155198889454054
LogReg_miRNA,4,cfa-miR-181a_st,-0.02230839547969215
LogReg_miRNA,4,cfa-miR-181c_st,-0.009537797792299203
LogReg_miRNA,4,cfa-miR-18a_st,0.02783978661704073
LogReg_miRNA,4,cfa-miR-18b_st,0.011032895476327005
LogReg_miRNA,4,cfa-miR-191_st,-0.013626013133519247
LogReg_miRNA,4,cfa-miR-195_st,0.011476250799416414
LogReg_miRNA,4,cfa-miR-199_st,0.0072269607969015935
LogReg_miRNA,4,cfa-miR-19a_st,0.00651475621788046
LogReg_miRNA,4,cfa-miR-19b_st,0.01756870598003738
LogReg_miRNA,4,cfa-miR-20a_st,0.021059004284395957
LogReg_miRNA,4,cfa-miR-20b_st,0.003125605781398408
LogReg_miRNA,4,cfa-miR-21_st,0.019739984318294292
LogReg_miRNA,4,cfa-miR-222_st,-0.025128688617615136
LogReg_miRNA,4,cfa-miR-23a_st,0.012900644520353268
LogReg_miRNA,4,cfa-miR-25_st,-0.032427424126205
LogReg_miRNA,4,cfa-miR-27a_st,0.009656890590619794
LogReg_miRNA,4,cfa-miR-29a_st,0.019955175239439092
LogReg_miRNA,4,cfa-miR-29c_st,0.006735028264731176
LogReg_miRNA,4,cfa-miR-301a_st,0.01979368937254984
LogReg_miRNA,4,cfa-miR-34a_st,0.018695049514067755
LogReg_miRNA,4,cfa-miR-361_st,-0.027628655340008357
LogReg_miRNA,4,cfa-miR-370_st,-0.0012917829539664267
LogReg_miRNA,4,cfa-miR-371_st,0.007397605821859352
LogReg_miRNA,4,cfa-miR-374b_st,0.0027872322095708786
LogReg_miRNA,4,cfa-miR-378_st,-0.006085767283522631
LogReg_miRNA,4,cfa-miR-379_st,0.009911682384503594
LogReg_miRNA,4,cfa-miR-381_st,0.007869758032147685
LogReg_miRNA,4,cfa-miR-411_st,0.01217404015449354
LogReg_miRNA,4,cfa-miR-432_st,0.019297602807628978
LogReg_miRNA,4,cfa-miR-487b_st,0.0197680607388483
LogReg_miRNA,4,cfa-miR-489_st,-0.017358896395563823
LogReg_miRNA,4,cfa-miR-493_st,0.009339379933172092
LogReg_miRNA,4,cfa-miR-494_st,0.00357089513299774
LogReg_miRNA,4,cfa-miR-495_st,0.01052659800374798
LogReg_miRNA,4,cfa-miR-543_st,0.00850735271509851
LogReg_miRNA,4,cfa-miR-93_st,-0.007896094848114838
LogReg_miRNA,4,cgr-miR-21_st,0.0166863858953227
LogReg_miRNA,4,cin-miR-124_st,0.008807190530634028
LogReg_miRNA,4,cin-miR-126_st,0.008915017912634044
LogReg_miRNA,4,cin-miR-4001e-5p_st,-0.012268338952205256
LogReg_miRNA,4,cin-miR-4020b-5p_st,-0.027831652318328477
LogReg_miRNA,4,cin-miR-4074-5p_st,-0.009776448581888001
LogReg_miRNA,4,cin-miR-4075-5p_st,-0.02811475055836112
LogReg_miRNA,4,cin-miR-4105-5p_st,0.015128312189257632
LogReg_miRNA,4,cin-miR-4132-3p_st,-0.026713965504195074
LogReg_miRNA,4,cqu-miR-92_st,0.004908104977406798
LogReg_miRNA,4,cre-miR1144b_st,-0.01131998385508974
LogReg_miRNA,4,cre-miR1171_st,-0.03247857818636397
LogReg_miRNA,4,crm-miR-235_st,0.0024680114335002756
LogReg_miRNA,4,crm-miR-788_st,-0.0025345753633811254
LogReg_miRNA,4,csa-miR-92a_st,0.01632968793550528
LogReg_miRNA,4,cte-miR-92b_st,0.014730802436649969
LogReg_miRNA,4,dan-miR-276b_st,-0.030846856906491464
LogReg_miRNA,4,der-miR-308_st,-0.01460792705420473
LogReg_miRNA,4,dgr-miR-11_st,-0.026928103457332552
LogReg_miRNA,4,dme-miR-2494_st,-0.014936339211944618
LogReg_miRNA,4,dme-miR-2499_st,-0.03024190768094945
LogReg_miRNA,4,dps-miR-2507a_st,-0.014586287317414995
LogReg_miRNA,4,dps-miR-2535-star_st,-0.016389785003362176
LogReg_miRNA,4,dpu-miR-92_st,0.011597145046248938
LogReg_miRNA,4,dre-let-7g_st,-0.0010689272464408659
LogReg_miRNA,4,dre-miR-101a_st,0.010179879496110416
LogReg_miRNA,4,dre-miR-126b-star_st,0.008564976129352295
LogReg_miRNA,4,dre-miR-128_st,-0.03875117744606107
LogReg_miRNA,4,dre-miR-140-star_st,-0.013468293752996656
LogReg_miRNA,4,dre-miR-145_st,0.02275528588776485
LogReg_miRNA,4,dre-miR-181a-star_st,-0.021629783789020703
LogReg_miRNA,4,dre-miR-181a_st,-0.020998088342615486
LogReg_miRNA,4,dre-miR-181b_st,-0.0024352120419954483
LogReg_miRNA,4,dre-miR-181c_st,-0.00623503573359002
LogReg_miRNA,4,dre-miR-19a_st,0.008794023439078827
LogReg_miRNA,4,dre-miR-19b_st,0.017141910275904573
LogReg_miRNA,4,dre-miR-19c_st,0.021618345358037125
LogReg_miRNA,4,dre-miR-19d_st,-0.005745282898893809
LogReg_miRNA,4,dre-miR-20a_st,0.023729257397683494
LogReg_miRNA,4,dre-miR-21_st,0.011960558052864341
LogReg_miRNA,4,dre-miR-221_st,-0.022606713538529
LogReg_miRNA,4,dre-miR-222_st,-0.019286194472823877
LogReg_miRNA,4,dre-miR-25_st,-0.0296475933503314
LogReg_miRNA,4,dre-miR-27d_st,0.004237619546712085
LogReg_miRNA,4,dre-miR-34_st,0.01148368998477195
LogReg_miRNA,4,dre-miR-92b_st,0.016644201913245234
LogReg_miRNA,4,dse-miR-100_st,0.011938640487493109
LogReg_miRNA,4,dse-miR-124_st,0.00286320604852303
LogReg_miRNA,4,dse-miR-313_st,-0.018504445182158668
LogReg_miRNA,4,dsi-miR-999-star_st,-0.007259142333066006
LogReg_miRNA,4,ebv-miR-BART19-5p_st,-0.01656578303875282
LogReg_miRNA,4,eca-let-7d_st,-0.015486490343359877
LogReg_miRNA,4,eca-miR-126-3p_st,0.012996223835657643
LogReg_miRNA,4,eca-miR-127_st,0.022125219373733695
LogReg_miRNA,4,eca-miR-130b_st,-0.007631533869139359
LogReg_miRNA,4,eca-miR-134_st,0.01573215165871854
LogReg_miRNA,4,eca-miR-139-3p_st,0.02084897107626156
LogReg_miRNA,4,eca-miR-140-3p_st,-0.014220401719334244
LogReg_miRNA,4,eca-miR-146b-5p_st,0.02230298472481027
LogReg_miRNA,4,eca-miR-181a_st,-0.020242611830050737
LogReg_miRNA,4,eca-miR-181b_st,-0.003924025703169528
LogReg_miRNA,4,eca-miR-18a_st,0.03058262168105921
LogReg_miRNA,4,eca-miR-18b_st,0.014601876681957754
LogReg_miRNA,4,eca-miR-191_st,-0.01559509855481801
LogReg_miRNA,4,eca-miR-193a-5p_st,0.03718262018239317
LogReg_miRNA,4,eca-miR-195_st,0.02172228359294653
LogReg_miRNA,4,eca-miR-197_st,-0.029441423291492203
LogReg_miRNA,4,eca-miR-199a-3p_st,0.011611484729304537
LogReg_miRNA,4,eca-miR-199b-3p_st,0.0015964851820303271
LogReg_miRNA,4,eca-miR-19a_st,0.017706724361115107
LogReg_miRNA,4,eca-miR-19b_st,0.013561867641690602
LogReg_miRNA,4,eca-miR-20a_st,0.023216610271560998
LogReg_miRNA,4,eca-miR-21_st,0.013634211658548763
LogReg_miRNA,4,eca-miR-221_st,-0.023596826991507613
LogReg_miRNA,4,eca-miR-222_st,-0.023811006536776733
LogReg_miRNA,4,eca-miR-24_st,0.01348999764546773
LogReg_miRNA,4,eca-miR-25_st,-0.030278410306873938
LogReg_miRNA,4,eca-miR-29a_st,0.01808710675663359
LogReg_miRNA,4,eca-miR-29c_st,0.009882308735779796
LogReg_miRNA,4,eca-miR-324-3p_st,-0.03587058439665897
LogReg_miRNA,4,eca-miR-335_st,0.022702246794858678
LogReg_miRNA,4,eca-miR-34_st,0.01153132771441036
LogReg_miRNA,4,eca-miR-361-5p_st,-0.027849966965941563
LogReg_miRNA,4,eca-miR-370_st,0.006825985232716704
LogReg_miRNA,4,eca-miR-376c_st,0.00025367870385439634
LogReg_miRNA,4,eca-miR-378_st,-0.006104459574353024
LogReg_miRNA,4,eca-miR-379_st,0.01779233997212706
LogReg_miRNA,4,eca-miR-382_st,0.0057841783562963
LogReg_miRNA,4,eca-miR-409-3p_st,0.020976871015906732
LogReg_miRNA,4,eca-miR-411_st,0.0005925710936356035
LogReg_miRNA,4,eca-miR-423-3p_st,-0.015690860782126337
LogReg_miRNA,4,eca-miR-423-5p_st,0.002748641272561747
LogReg_miRNA,4,eca-miR-432_st,0.019894327689042115
LogReg_miRNA,4,eca-miR-433_st,0.008666955193335381
LogReg_miRNA,4,eca-miR-485-5p_st,0.00506521240013068
LogReg_miRNA,4,eca-miR-487b_st,0.015248470814798208
LogReg_miRNA,4,eca-miR-489_st,-0.010190254152408108
LogReg_miRNA,4,eca-miR-494_st,0.009657887836681622
LogReg_miRNA,4,eca-miR-495_st,0.00895943900825658
LogReg_miRNA,4,eca-miR-503_st,0.013245213582520544
LogReg_miRNA,4,eca-miR-543_st,0.007084597859147142
LogReg_miRNA,4,eca-miR-93_st,-0.0056614133323368765
LogReg_miRNA,4,ENSG00000200492_x_st,-0.01697126561551376
LogReg_miRNA,4,ENSG00000201042_s_st,0.021020484871030577
LogReg_miRNA,4,ENSG00000201660_st,0.0035177128376469137
LogReg_miRNA,4,ENSG00000201791_x_st,-0.033424201949305433
LogReg_miRNA,4,ENSG00000207094_x_st,-0.007402314852457975
LogReg_miRNA,4,ENSG00000212309_x_st,0.019308292810838686
LogReg_miRNA,4,ENSG00000212378_s_st,0.030357899595306447
LogReg_miRNA,4,ENSG00000212378_x_st,0.01791232565588198
LogReg_miRNA,4,ENSG00000212490_st,-0.02933028658899708
LogReg_miRNA,4,ENSG00000222588_s_st,-0.027165583343356822
LogReg_miRNA,4,ENSG00000222604_st,-0.028558772282048624
LogReg_miRNA,4,ENSG00000238368_st,-0.016943438612929625
LogReg_miRNA,4,ENSG00000238436_x_st,-0.032382121545303115
LogReg_miRNA,4,ENSG00000238732_x_st,-0.015979626737435665
LogReg_miRNA,4,ENSG00000238865_x_st,-0.009855115282802045
LogReg_miRNA,4,ENSG00000239005_st,-0.015869732008245232
LogReg_miRNA,4,ENSG00000239008_x_st,-0.010674703074667129
LogReg_miRNA,4,ENSG00000239049_st,-0.0068147131678101235
LogReg_miRNA,4,ENSG00000239134_st,-0.030920559878077594
LogReg_miRNA,4,ENSG00000239157_st,-0.010256434427355368
LogReg_miRNA,4,ENSG00000239166_st,-0.025406836049943007
LogReg_miRNA,4,ENSG00000251938_st,-0.024195692349348392
LogReg_miRNA,4,ENSG00000252077_st,-0.019050554033746538
LogReg_miRNA,4,ENSG00000252433_st,0.026692881990238615
LogReg_miRNA,4,ENSG00000252502_st,-0.006729143348173162
LogReg_miRNA,4,ENSG00000253007_st,-0.010963141968005852
LogReg_miRNA,4,fru-let-7e_st,0.004767955617676619
LogReg_miRNA,4,fru-miR-101a_st,0.019148025508329083
LogReg_miRNA,4,fru-miR-128_st,-0.042930784606169614
LogReg_miRNA,4,fru-miR-181a-star_st,-0.024887532008683027
LogReg_miRNA,4,fru-miR-181a_st,-0.02044821531648941
LogReg_miRNA,4,fru-miR-181b_st,-0.0035167065600916546
LogReg_miRNA,4,fru-miR-18_st,0.021052837001575047
LogReg_miRNA,4,fru-miR-19a_st,0.015773400155746943
LogReg_miRNA,4,fru-miR-19b_st,0.01860283712052544
LogReg_miRNA,4,fru-miR-20_st,0.02405248469827124
LogReg_miRNA,4,fru-miR-221_st,-0.022229726583805592
LogReg_miRNA,4,fru-miR-222_st,-0.018064617857306512
LogReg_miRNA,4,fru-miR-25_st,-0.023111105246828904
LogReg_miRNA,4,fru-miR-29a_st,0.00444797814447311
LogReg_miRNA,4,gga-let-7k_st,0.0024214338482583557
LogReg_miRNA,4,gga-miR-106_st,0.01747699110931708
LogReg_miRNA,4,gga-miR-124a_st,0.008549151079358932
LogReg_miRNA,4,gga-miR-124b_st,-0.02262583010487532
LogReg_miRNA,4,gga-miR-126_st,0.007243730556211657
LogReg_miRNA,4,gga-miR-140-star_st,-0.01988060263076882
LogReg_miRNA,4,gga-miR-1456_st,-0.025494579034522843
LogReg_miRNA,4,gga-miR-146b_st,0.030802035183758705
LogReg_miRNA,4,gga-miR-148a_st,0.012746755953546338
LogReg_miRNA,4,gga-miR-1576_st,-0.0065154872917791975
LogReg_miRNA,4,gga-miR-1584_st,-0.015699932888038396
LogReg_miRNA,4,gga-miR-1607_st,-0.0060111780068032505
LogReg_miRNA,4,gga-miR-1621_st,-0.018003257325876834
LogReg_miRNA,4,gga-miR-1636_st,0.001659096216298974
LogReg_miRNA,4,gga-miR-1676_st,0.014510080738594548
LogReg_miRNA,4,gga-miR-1746_st,-0.012386333692999385
LogReg_miRNA,4,gga-miR-1763_st,-0.010479942894223486
LogReg_miRNA,4,gga-miR-1777_st,-0.010577462218956701
LogReg_miRNA,4,gga-miR-181a-star_st,-0.018769244058093257
LogReg_miRNA,4,gga-miR-181a_st,-0.022290152475301084
LogReg_miRNA,4,gga-miR-181b_st,-0.003182740887591744
LogReg_miRNA,4,gga-miR-18a_st,0.023593286750387115
LogReg_miRNA,4,gga-miR-18b_st,0.0026475088421000726
LogReg_miRNA,4,gga-miR-19a_st,0.0026148280409261254
LogReg_miRNA,4,gga-miR-19b_st,0.018473167721612917
LogReg_miRNA,4,gga-miR-20a_st,0.02272981434935213
LogReg_miRNA,4,gga-miR-2127_st,-0.0019556334385663152
LogReg_miRNA,4,gga-miR-21_st,0.022058609899052253
LogReg_miRNA,4,gga-miR-221_st,-0.024494757033772678
LogReg_miRNA,4,gga-miR-222_st,-0.020648361860157005
LogReg_miRNA,4,gga-miR-29a_st,0.0071776520199920545
LogReg_miRNA,4,gga-miR-30a-5p_st,-0.004267225067634838
LogReg_miRNA,4,gga-miR-34a_st,0.01262601137624889
LogReg_miRNA,4,ggo-miR-105_st,-0.01855977545803952
LogReg_miRNA,4,ggo-miR-134_st,0.019851056653847232
LogReg_miRNA,4,ggo-miR-181a_st,-0.0209780593182529
LogReg_miRNA,4,ggo-miR-181b_st,-0.00040259041724718936
LogReg_miRNA,4,ggo-miR-18_st,0.020447706317329794
LogReg_miRNA,4,ggo-miR-195_st,0.01550691992372343
LogReg_miRNA,4,ggo-miR-19a_st,0.005005423626396954
LogReg_miRNA,4,ggo-miR-19b_st,0.01535780680068377
LogReg_miRNA,4,ggo-miR-200c_st,0.015112196473616833
LogReg_miRNA,4,ggo-miR-20_st,0.021628147025717786
LogReg_miRNA,4,ggo-miR-21_st,0.01299858964874278
LogReg_miRNA,4,ggo-miR-221_st,-0.023369889448856637
LogReg_miRNA,4,ggo-miR-25_st,-0.02726613991457706
LogReg_miRNA,4,ggo-miR-29a_st,0.016430309917285738
LogReg_miRNA,4,ggo-miR-34a_st,0.015386681284656189
LogReg_miRNA,4,gma-miR1515_st,-0.01940439340693937
LogReg_miRNA,4,gma-miR1533_st,0.027302940099643885
LogReg_miRNA,4,gso-miR2109_st,-0.03364998280599154
LogReg_miRNA,4,HBII-180A_x_st,-0.013081919162717972
LogReg_miRNA,4,hcmv-miR-UL112_st,-0.025450239875855343
LogReg_miRNA,4,hcmv-miR-UL70-3p_st,-0.017355445025872312
LogReg_miRNA,4,hp_hsa-mir-1185-1_s_st,-0.009837541548565688
LogReg_miRNA,4,hp_hsa-mir-1260_st,-0.015358163872402703
LogReg_miRNA,4,hp_hsa-mir-126_st,0.016193826319885318
LogReg_miRNA,4,hp_hsa-mir-1915_st,-0.01319916207600836
LogReg_miRNA,4,hp_hsa-mir-25_st,-0.021540425510324764
LogReg_miRNA,4,hp_hsa-mir-26a-1_x_st,-0.019118864682865243
LogReg_miRNA,4,hp_hsa-mir-3124_st,-0.035757148621498064
LogReg_miRNA,4,hp_hsa-mir-3159_st,-0.03558512954952739
LogReg_miRNA,4,hp_hsa-mir-423_s_st,-0.016993112787483708
LogReg_miRNA,4,hp_hsa-mir-425_st,-0.026448609620902962
LogReg_miRNA,4,hp_hsa-mir-4263_st,-0.014499753311475126
LogReg_miRNA,4,hp_hsa-mir-548f-2_x_st,-0.0051965833320677625
LogReg_miRNA,4,hp_hsa-mir-548i-1_s_st,-0.013770722213912994
LogReg_miRNA,4,hp_hsa-mir-7-2_st,-0.003705424601652937
LogReg_miRNA,4,hp_mmu-mir-100_st,-0.021481391783304965
LogReg_miRNA,4,hp_mmu-mir-1188_st,-0.010393600502143597
LogReg_miRNA,4,hp_mmu-mir-130b_st,-0.025399030885489237
LogReg_miRNA,4,hp_mmu-mir-140_st,-0.023332484363128347
LogReg_miRNA,4,hp_mmu-mir-181a-2_x_st,-0.022171781895500054
LogReg_miRNA,4,hp_mmu-mir-1968_st,-0.008299612705321239
LogReg_miRNA,4,hp_mmu-mir-222_st,-0.02079312323536396
LogReg_miRNA,4,hp_mmu-mir-338_st,-0.017202573539247583
LogReg_miRNA,4,hp_mmu-mir-344-1_x_st,-0.024176163427159118
LogReg_miRNA,4,hp_mmu-mir-409_st,0.019552204031694217
LogReg_miRNA,4,hp_mmu-mir-465c-1_s_st,0.009856927435659277
LogReg_miRNA,4,hp_mmu-mir-465c-2_s_st,0.011307767339999206
LogReg_miRNA,4,hp_mmu-mir-487b_st,0.016657129896053224
LogReg_miRNA,4,hp_mmu-mir-687_st,-0.03167795130713477
LogReg_miRNA,4,hp_mmu-mir-93_st,-0.010738818097004308
LogReg_miRNA,4,hp_rno-mir-106b_st,-0.01826775831945973
LogReg_miRNA,4,hp_rno-mir-140_st,-0.01595558092297207
LogReg_miRNA,4,hp_rno-mir-300_st,-0.007416741075996684
LogReg_miRNA,4,hp_rno-mir-339_st,-0.0221990179099301
LogReg_miRNA,4,hp_rno-mir-423_st,-0.010566257436270663
LogReg_miRNA,4,hp_rno-mir-425_st,-0.013174443929967191
LogReg_miRNA,4,hp_rno-mir-615_st,-0.03087830365006616
LogReg_miRNA,4,hp_rno-mir-743a_st,-0.019209027141148118
LogReg_miRNA,4,hsa-let-7d_st,-0.016770785140006045
LogReg_miRNA,4,hsa-miR-106b-star_st,-0.0012715932353247119
LogReg_miRNA,4,hsa-miR-125a-3p_st,0.006180002741736877
LogReg_miRNA,4,hsa-miR-126_st,0.013499530143333752
LogReg_miRNA,4,hsa-miR-127-3p_st,0.02460107973713549
LogReg_miRNA,4,hsa-miR-1287_st,-0.027019752926065593
LogReg_miRNA,4,hsa-miR-130b_st,-0.0072280239009962595
LogReg_miRNA,4,hsa-miR-134_st,0.012457262897941962
LogReg_miRNA,4,hsa-miR-140-3p_st,-0.018584678024044225
LogReg_miRNA,4,hsa-miR-1469_st,-0.01709456140349707
LogReg_miRNA,4,hsa-miR-146b-5p_st,0.019218358016987357
LogReg_miRNA,4,hsa-miR-152_st,0.017983822201919894
LogReg_miRNA,4,hsa-miR-181a-2-star_st,-0.03845178964317955
LogReg_miRNA,4,hsa-miR-181a_st,-0.021619243995159264
LogReg_miRNA,4,hsa-miR-181b_st,-0.0035510847635905735
LogReg_miRNA,4,hsa-miR-18a_st,0.028867322195162092
LogReg_miRNA,4,hsa-miR-1915_st,-0.013633882949693287
LogReg_miRNA,4,hsa-miR-191_st,-0.010922489809506226
LogReg_miRNA,4,hsa-miR-193a-5p_st,0.04201038413748443
LogReg_miRNA,4,hsa-miR-195_st,0.0110317712193139
LogReg_miRNA,4,hsa-miR-197_st,-0.027584880845512316
LogReg_miRNA,4,hsa-miR-199a-3p_st,0.00883559866198277
LogReg_miRNA,4,hsa-miR-19a_st,0.003962120350984845
LogReg_miRNA,4,hsa-miR-19b_st,0.01800942396720907
LogReg_miRNA,4,hsa-miR-200c_st,0.01342740899031903
LogReg_miRNA,4,hsa-miR-20a_st,0.02232390571728991
LogReg_miRNA,4,hsa-miR-20b_st,0.02592852311888326
LogReg_miRNA,4,hsa-miR-21_st,0.01407745783961369
LogReg_miRNA,4,hsa-miR-221_st,-0.024454434498450923
LogReg_miRNA,4,hsa-miR-222_st,-0.0251604534437299
LogReg_miRNA,4,hsa-miR-22_st,0.007089968980635529
LogReg_miRNA,4,hsa-miR-23a-star_st,-0.035803981457104554
LogReg_miRNA,4,hsa-miR-25-star_st,-0.009220531052170711
LogReg_miRNA,4,hsa-miR-25_st,-0.027389716882888507
LogReg_miRNA,4,hsa-miR-27a-star_st,-0.045908423578507676
LogReg_miRNA,4,hsa-miR-2861_st,-0.006671481930175718
LogReg_miRNA,4,hsa-miR-29a_st,0.01846344299239457
LogReg_miRNA,4,hsa-miR-29c_st,0.0036637789960452744
LogReg_miRNA,4,hsa-miR-3124_st,0.028284855899624976
LogReg_miRNA,4,hsa-miR-3145_st,-0.012147284949642918
LogReg_miRNA,4,hsa-miR-3185_st,-0.01229240252947703
LogReg_miRNA,4,hsa-miR-3196_st,-0.0059124493065773375
LogReg_miRNA,4,hsa-miR-3200_st,-0.020919312727450547
LogReg_miRNA,4,hsa-miR-324-3p_st,-0.034339496189478985
LogReg_miRNA,4,hsa-miR-335_st,0.018373726119994382
LogReg_miRNA,4,hsa-miR-345_st,-0.009991991978118803
LogReg_miRNA,4,hsa-miR-34a_st,0.012897904846967002
LogReg_miRNA,4,hsa-miR-361-5p_st,-0.030984045586965322
LogReg_miRNA,4,hsa-miR-370_st,0.013335217028879244
LogReg_miRNA,4,hsa-miR-374b_st,0.012338258267666885
LogReg_miRNA,4,hsa-miR-376c_st,0.008037963030641256
LogReg_miRNA,4,hsa-miR-378-star_st,-0.021849735599195615
LogReg_miRNA,4,hsa-miR-378_st,-0.007487671379962809
LogReg_miRNA,4,hsa-miR-379_st,0.018058549783051266
LogReg_miRNA,4,hsa-miR-382_st,0.010911772843067774
LogReg_miRNA,4,hsa-miR-409-3p_st,0.02206065345046294
LogReg_miRNA,4,hsa-miR-411_st,0.015175533771640649
LogReg_miRNA,4,hsa-miR-423-3p_st,-0.006583218530337835
LogReg_miRNA,4,hsa-miR-4281_st,-0.0064793440584253416
LogReg_miRNA,4,hsa-miR-4312_st,-0.01337145979522821
LogReg_miRNA,4,hsa-miR-432_st,0.014255695957094916
LogReg_miRNA,4,hsa-miR-433_st,0.005061690028837413
LogReg_miRNA,4,hsa-miR-485-5p_st,0.012286240591441637
LogReg_miRNA,4,hsa-miR-487b_st,0.016655392195079027
LogReg_miRNA,4,hsa-miR-493_st,-0.0044623360443646265
LogReg_miRNA,4,hsa-miR-494_st,0.011483601650389742
LogReg_miRNA,4,hsa-miR-495_st,-0.002133846923755274
LogReg_miRNA,4,hsa-miR-496_st,-0.020738821394643565
LogReg_miRNA,4,hsa-miR-503_st,0.024821795942383044
LogReg_miRNA,4,hsa-miR-543_st,0.006142626206397576
LogReg_miRNA,4,hsa-miR-548l_st,-0.0008928996635430529
LogReg_miRNA,4,hsa-miR-584_st,0.004291541897878813
LogReg_miRNA,4,hsa-miR-619_st,-0.028558733243805035
LogReg_miRNA,4,hsa-miR-638_st,-0.006567851293545129
LogReg_miRNA,4,hsa-miR-654-3p_st,0.0070257447169827115
LogReg_miRNA,4,hsa-miR-660_st,0.005232459713079825
LogReg_miRNA,4,hsa-miR-663_st,-0.02706743465714695
LogReg_miRNA,4,hsa-miR-664_st,-0.009022982422905793
LogReg_miRNA,4,hsa-miR-744_st,-0.02166112542834198
LogReg_miRNA,4,hsa-miR-762_st,-0.011210624071557642
LogReg_miRNA,4,hsa-miR-766_st,-0.02793267586899245
LogReg_miRNA,4,hsa-miR-93_st,-0.007071934253225854
LogReg_miRNA,4,hsv1-miR-H17_st,-0.004537950142655151
LogReg_miRNA,4,hsv2-miR-H10_st,-0.00688427023126589
LogReg_miRNA,4,hsv2-miR-H5_st,-0.0230620271381006
LogReg_miRNA,4,kshv-miR-K12-7_st,-0.013997064901885431
LogReg_miRNA,4,lca-miR-18_st,0.01630881977788831
LogReg_miRNA,4,lca-miR-19a_st,0.014468236586481715
LogReg_miRNA,4,lca-miR-19b_st,0.02078945258340168
LogReg_miRNA,4,lca-miR-20_st,0.016911863813194025
LogReg_miRNA,4,lca-miR-22_st,0.008960967001915279
LogReg_miRNA,4,lla-miR-127_st,0.023586883685100573
LogReg_miRNA,4,lla-miR-181a_st,-0.020252357790816862
LogReg_miRNA,4,lla-miR-181b_st,-0.0030054856466221647
LogReg_miRNA,4,lla-miR-18_st,0.025655312988390824
LogReg_miRNA,4,lla-miR-19a_st,0.01675506771089178
LogReg_miRNA,4,lla-miR-19b_st,0.014556152062706659
LogReg_miRNA,4,lla-miR-20_st,0.02001556760190864
LogReg_miRNA,4,lla-miR-25_st,-0.027321009420881066
LogReg_miRNA,4,lla-miR-29a_st,0.021732766587314344
LogReg_miRNA,4,lla-miR-30b_st,-0.004111918566246747
LogReg_miRNA,4,lla-miR-34a_st,0.021311152596650926
LogReg_miRNA,4,mdo-let-7d_st,-0.028150417207028475
LogReg_miRNA,4,mdo-miR-106_st,0.023353638111801113
LogReg_miRNA,4,mdo-miR-146b_st,0.018292053975922973
LogReg_miRNA,4,mdo-miR-152_st,0.035085801125112115
LogReg_miRNA,4,mdo-miR-181a_st,-0.020849997883729113
LogReg_miRNA,4,mdo-miR-181b_st,-0.002987657370737288
LogReg_miRNA,4,mdo-miR-181c_st,-0.021383063622284117
LogReg_miRNA,4,mdo-miR-18_st,0.02748353415994148
LogReg_miRNA,4,mdo-miR-191_st,-0.013670907561183438
LogReg_miRNA,4,mdo-miR-19a_st,0.002691148128179608
LogReg_miRNA,4,mdo-miR-19b_st,0.01623311372215027
LogReg_miRNA,4,mdo-miR-20_st,0.023245444271165944
LogReg_miRNA,4,mdo-miR-21_st,0.00940421287656463
LogReg_miRNA,4,mdo-miR-221_st,-0.02091139279978598
LogReg_miRNA,4,mdo-miR-222a_st,-0.021053395514332638
LogReg_miRNA,4,mdo-miR-24_st,0.009661088571183644
LogReg_miRNA,4,mdo-miR-25_st,-0.02281335831154527
LogReg_miRNA,4,mdo-miR-30a_st,0.01118759023744968
LogReg_miRNA,4,mdo-miR-34a_st,0.020388465851880963
LogReg_miRNA,4,mdv1-miR-M4-star_st,-0.012627527144256969
LogReg_miRNA,4,mml-let-7d_st,-0.012962703824574573
LogReg_miRNA,4,mml-miR-125a-3p_st,0.010468984961497065
LogReg_miRNA,4,mml-miR-126_st,0.013949333264993423
LogReg_miRNA,4,mml-miR-127_st,0.021594126430044727
LogReg_miRNA,4,mml-miR-128a_st,-0.03817947178812012
LogReg_miRNA,4,mml-miR-130b_st,-0.0029974907124149697
LogReg_miRNA,4,mml-miR-134_st,0.013778953562340776
LogReg_miRNA,4,mml-miR-140-3p_st,-0.012659746026340863
LogReg_miRNA,4,mml-miR-146b-5p_st,0.02081077316160731
LogReg_miRNA,4,mml-miR-152_st,0.018781444190208035
LogReg_miRNA,4,mml-miR-181a-star_st,-0.014510999115721136
LogReg_miRNA,4,mml-miR-181a_st,-0.02085832872400531
LogReg_miRNA,4,mml-miR-181b_st,-0.0014270851142387292
LogReg_miRNA,4,mml-miR-18_st,0.03406328108989976
LogReg_miRNA,4,mml-miR-18b_st,0.01893632294833278
LogReg_miRNA,4,mml-miR-191_st,-0.011735780779774836
LogReg_miRNA,4,mml-miR-193a-5p_st,0.03522001804931511
LogReg_miRNA,4,mml-miR-195_st,0.015036749408054568
LogReg_miRNA,4,mml-miR-199a-3p_st,0.004747905153704988
LogReg_miRNA,4,mml-miR-19a_st,0.007718731458837711
LogReg_miRNA,4,mml-miR-19b_st,0.014656268343568259
LogReg_miRNA,4,mml-miR-20a_st,0.01934834480742965
LogReg_miRNA,4,mml-miR-21_st,0.014753925459657017
LogReg_miRNA,4,mml-miR-221_st,-0.02342649441237642
LogReg_miRNA,4,mml-miR-222_st,-0.025388558718964473
LogReg_miRNA,4,mml-miR-22_st,0.004679732313313834
LogReg_miRNA,4,mml-miR-25_st,-0.029129648580101232
LogReg_miRNA,4,mml-miR-29a_st,0.018251664420423398
LogReg_miRNA,4,mml-miR-324-3p_st,-0.030207152535650608
LogReg_miRNA,4,mml-miR-338-5p_st,0.023697125718523324
LogReg_miRNA,4,mml-miR-34a_st,0.01479218041789067
LogReg_miRNA,4,mml-miR-361-5p_st,-0.03420420747637837
LogReg_miRNA,4,mml-miR-374b_st,0.0076300303958822795
LogReg_miRNA,4,mml-miR-379_st,0.01837639602102153
LogReg_miRNA,4,mml-miR-381_st,0.0062720544966427105
LogReg_miRNA,4,mml-miR-382_st,0.009329255770520403
LogReg_miRNA,4,mml-miR-409-3p_st,0.01941017512386716
LogReg_miRNA,4,mml-miR-411_st,0.005560554539428073
LogReg_miRNA,4,mml-miR-423-3p_st,-0.021427819141639586
LogReg_miRNA,4,mml-miR-432_st,0.016546263197987826
LogReg_miRNA,4,mml-miR-433_st,0.009829098982735499
LogReg_miRNA,4,mml-miR-450b-3p_st,-0.018877865486809968
LogReg_miRNA,4,mml-miR-451_st,0.02113850808339755
LogReg_miRNA,4,mml-miR-485-5p_st,0.009564418971410443
LogReg_miRNA,4,mml-miR-487b_st,0.018965655106511065
LogReg_miRNA,4,mml-miR-493_st,0.000931553895399342
LogReg_miRNA,4,mml-miR-494_st,0.006674750772179384
LogReg_miRNA,4,mml-miR-495_st,-0.0025155819693985677
LogReg_miRNA,4,mml-miR-503_st,0.020437335652334274
LogReg_miRNA,4,mml-miR-543_st,0.007466593588546431
LogReg_miRNA,4,mml-miR-548a_st,0.018137681002428383
LogReg_miRNA,4,mml-miR-572_st,-0.02520325283615304
LogReg_miRNA,4,mml-miR-638_st,-0.010082255258233941
LogReg_miRNA,4,mml-miR-663_st,-0.024368202637602202
LogReg_miRNA,4,mmu-let-7d_st,-0.014226200228107454
LogReg_miRNA,4,mmu-miR-106b-star_st,0.00626393681490243
LogReg_miRNA,4,mmu-miR-125a-3p_st,0.013864391491674602
LogReg_miRNA,4,mmu-miR-126-3p_st,0.011007141442949536
LogReg_miRNA,4,mmu-miR-127_st,0.025552869740745384
LogReg_miRNA,4,mmu-miR-130b_st,-0.003275529634716154
LogReg_miRNA,4,mmu-miR-134_st,0.01791469791867381
LogReg_miRNA,4,mmu-miR-140-star_st,-0.015502591190465273
LogReg_miRNA,4,mmu-miR-146b_st,0.025253059757361064
LogReg_miRNA,4,mmu-miR-152_st,0.020681718497892444
LogReg_miRNA,4,mmu-miR-154_st,0.000608650829283793
LogReg_miRNA,4,mmu-miR-155_st,0.016936651803604808
LogReg_miRNA,4,mmu-miR-181a_st,-0.02139789706572485
LogReg_miRNA,4,mmu-miR-181b_st,-0.0010996732514432562
LogReg_miRNA,4,mmu-miR-18a-star_st,0.0099787019162022
LogReg_miRNA,4,mmu-miR-18a_st,0.027555144035662678
LogReg_miRNA,4,mmu-miR-191_st,-0.013704296640242022
LogReg_miRNA,4,mmu-miR-1937a_st,-0.006350432092530096
LogReg_miRNA,4,mmu-miR-195_st,0.01608861601219802
LogReg_miRNA,4,mmu-miR-199a-3p_st,0.015657479914047517
LogReg_miRNA,4,mmu-miR-199b_st,0.006809999404071692
LogReg_miRNA,4,mmu-miR-19a_st,0.0010387154241341377
LogReg_miRNA,4,mmu-miR-19b_st,0.014613209910662514
LogReg_miRNA,4,mmu-miR-20a_st,0.02336746657050926
LogReg_miRNA,4,mmu-miR-2132_st,-0.030392079709764413
LogReg_miRNA,4,mmu-miR-2133_st,-0.0256387935825005
LogReg_miRNA,4,mmu-miR-2137_st,-0.014108401093558145
LogReg_miRNA,4,mmu-miR-21_st,0.01742380849969601
LogReg_miRNA,4,mmu-miR-221_st,-0.02198630590541509
LogReg_miRNA,4,mmu-miR-222_st,-0.025164510899483506
LogReg_miRNA,4,mmu-miR-22_st,0.006792286100917474
LogReg_miRNA,4,mmu-miR-25_st,-0.031286554182400624
LogReg_miRNA,4,mmu-miR-27a-star_st,-0.037071917835469974
LogReg_miRNA,4,mmu-miR-2861_st,-0.00871826602771876
LogReg_miRNA,4,mmu-miR-29a_st,0.013969697191187878
LogReg_miRNA,4,mmu-miR-29c_st,0.013274549441546907
LogReg_miRNA,4,mmu-miR-325-star_st,-0.0239242928191084
LogReg_miRNA,4,mmu-miR-338-5p_st,0.01487817375790934
LogReg_miRNA,4,mmu-miR-34a_st,0.01270249181754069
LogReg_miRNA,4,mmu-miR-361_st,-0.026177799726884377
LogReg_miRNA,4,mmu-miR-370_st,0.004280626916499845
LogReg_miRNA,4,mmu-miR-378_st,-0.011503876165881463
LogReg_miRNA,4,mmu-miR-379_st,0.015449814644814564
LogReg_miRNA,4,mmu-miR-382_st,0.009739162978035851
LogReg_miRNA,4,mmu-miR-409-3p_st,0.02312670215814012
LogReg_miRNA,4,mmu-miR-423-3p_st,-0.012021875348512743
LogReg_miRNA,4,mmu-miR-431_st,0.006450864234747359
LogReg_miRNA,4,mmu-miR-433_st,0.019553854506450943
LogReg_miRNA,4,mmu-miR-451_st,0.01079511943454799
LogReg_miRNA,4,mmu-miR-485_st,0.015882629939084885
LogReg_miRNA,4,mmu-miR-487b_st,0.016252778770495968
LogReg_miRNA,4,mmu-miR-494_st,0.005978849069630926
LogReg_miRNA,4,mmu-miR-495_st,0.005160219491502788
LogReg_miRNA,4,mmu-miR-689_st,-0.020662053995179435
LogReg_miRNA,4,mmu-miR-744_st,-0.01819048726318889
LogReg_miRNA,4,mmu-miR-762_st,-0.016964351985701166
LogReg_miRNA,4,mmu-miR-93-star_st,-0.0245505428982357
LogReg_miRNA,4,mmu-miR-93_st,-0.009100087244863346
LogReg_miRNA,4,mne-miR-101_st,0.024869335088187148
LogReg_miRNA,4,mne-miR-10b_st,0.014642258087027016
LogReg_miRNA,4,mne-miR-127_st,0.01903697013937408
LogReg_miRNA,4,mne-miR-134_st,0.0233691175079695
LogReg_miRNA,4,mne-miR-181a_st,-0.02161940975448245
LogReg_miRNA,4,mne-miR-181b_st,-0.0037588281701162653
LogReg_miRNA,4,mne-miR-18_st,0.019926275867187804
LogReg_miRNA,4,mne-miR-19a_st,0.011080653478532591
LogReg_miRNA,4,mne-miR-19b_st,0.01671308501447515
LogReg_miRNA,4,mne-miR-20_st,0.02060617870705907
LogReg_miRNA,4,mne-miR-21_st,0.010661507021919751
LogReg_miRNA,4,mne-miR-25_st,-0.03506083617700523
LogReg_miRNA,4,mne-miR-29a_st,0.0165466523926929
LogReg_miRNA,4,mne-miR-30b_st,-0.0006321124261646179
LogReg_miRNA,4,mne-miR-34a_st,0.01411564874682631
LogReg_miRNA,4,mtr-miR166g_st,0.022460304299909622
LogReg_miRNA,4,mtr-miR2111p_st,-0.03241211301810003
LogReg_miRNA,4,mtr-miR2618a_st,-0.023001228882316947
LogReg_miRNA,4,mtr-miR2655h_st,-0.032088100823268635
LogReg_miRNA,4,mtr-miR2675a_st,0.02898008430905772
LogReg_miRNA,4,oan-let-7d_st,-0.015560034978160145
LogReg_miRNA,4,oan-let-7e_st,0.0076091857368617375
LogReg_miRNA,4,oan-miR-101_st,0.0034544029500480494
LogReg_miRNA,4,oan-miR-106_st,0.01864054260881379
LogReg_miRNA,4,oan-miR-126_st,0.011912752249546354
LogReg_miRNA,4,oan-miR-1346_st,-0.0012711502564532664
LogReg_miRNA,4,oan-miR-140_st,-0.01768047185347125
LogReg_miRNA,4,oan-miR-1420f_st,-0.02556736680320206
LogReg_miRNA,4,oan-miR-1420g-star_st,-0.03210480029013992
LogReg_miRNA,4,oan-miR-1421i-1-star_st,-0.020210059735263894
LogReg_miRNA,4,oan-miR-1421i_st,-0.020957144720142706
LogReg_miRNA,4,oan-miR-1421y_st,-0.010419692718077253
LogReg_miRNA,4,oan-miR-146a-star_st,-0.0328750570012099
LogReg_miRNA,4,oan-miR-146b_st,0.02193413261303535
LogReg_miRNA,4,oan-miR-153-star_st,-0.00013915357477753084
LogReg_miRNA,4,oan-miR-181a-star_st,-0.021684568974934353
LogReg_miRNA,4,oan-miR-181a_st,-0.021679334862563668
LogReg_miRNA,4,oan-miR-181b_st,-0.005656680843958695
LogReg_miRNA,4,oan-miR-18_st,0.009052595803420422
LogReg_miRNA,4,oan-miR-191_st,-0.015417090089570798
LogReg_miRNA,4,oan-miR-199_st,0.00950391518495865
LogReg_miRNA,4,oan-miR-19a_st,0.01353320958508609
LogReg_miRNA,4,oan-miR-19b_st,0.0165767411220201
LogReg_miRNA,4,oan-miR-20a_st,0.010627198904015108
LogReg_miRNA,4,oan-miR-21_st,0.017190501135678396
LogReg_miRNA,4,oan-miR-221_st,-0.023465873277875606
LogReg_miRNA,4,oan-miR-222a_st,-0.025720846304974607
LogReg_miRNA,4,oan-miR-29a_st,0.00421590986635092
LogReg_miRNA,4,oan-miR-31-star_st,-0.04433011324310751
LogReg_miRNA,4,oan-miR-92b_st,0.008489921300938105
LogReg_miRNA,4,oar-miR-127_st,0.023214829880552942
LogReg_miRNA,4,oar-miR-432_st,0.01335097818598564
LogReg_miRNA,4,odi-miR-124a_st,0.0034820153940812357
LogReg_miRNA,4,odi-miR-1485_st,0.024157293701296437
LogReg_miRNA,4,odi-miR-1504_st,-0.020821842401410582
LogReg_miRNA,4,odi-miR-92a_st,0.016195290486913403
LogReg_miRNA,4,osa-miR1878_st,-0.015166602074463027
LogReg_miRNA,4,osa-miR1883a_st,-0.02804951579412849
LogReg_miRNA,4,osa-miR2094-5p_st,0.001155363324908383
LogReg_miRNA,4,osa-miR2096-3p_st,-0.014119878211359408
LogReg_miRNA,4,osa-miR2124h_st,-0.02268499593492338
LogReg_miRNA,4,osa-miR445e_st,-0.025945580418115143
LogReg_miRNA,4,peu-miR2911_st,-0.017198778520893958
LogReg_miRNA,4,ppa-miR-101_st,0.0024385223625054105
LogReg_miRNA,4,ppa-miR-134_st,0.019933711576463214
LogReg_miRNA,4,ppa-miR-181a-star_st,-0.0209473549417631
LogReg_miRNA,4,ppa-miR-181a_st,-0.02029399612607925
LogReg_miRNA,4,ppa-miR-181b_st,-0.00541855002238509
LogReg_miRNA,4,ppa-miR-18_st,0.024321500746226847
LogReg_miRNA,4,ppa-miR-195_st,0.012943385355093855
LogReg_miRNA,4,ppa-miR-197_st,-0.030442162517179957
LogReg_miRNA,4,ppa-miR-19a_st,0.012025774567994984
LogReg_miRNA,4,ppa-miR-19b_st,0.014270576802428636
LogReg_miRNA,4,ppa-miR-204_st,-0.00022366648276353216
LogReg_miRNA,4,ppa-miR-20_st,0.01881677094494614
LogReg_miRNA,4,ppa-miR-21_st,0.013114436768899647
LogReg_miRNA,4,ppa-miR-221_st,-0.021794528873232584
LogReg_miRNA,4,ppa-miR-22_st,0.005120292780495194
LogReg_miRNA,4,ppa-miR-25_st,-0.024751660673062715
LogReg_miRNA,4,ppa-miR-29a_st,0.018261357623923533
LogReg_miRNA,4,ppa-miR-30a-5p_st,0.013451255050043015
LogReg_miRNA,4,ppa-miR-34a_st,0.01517378052198404
LogReg_miRNA,4,ppc-miR-2248_st,-0.01651972695109748
LogReg_miRNA,4,ppc-miR-234_st,-0.005051717841358381
LogReg_miRNA,4,ppt-miR1033c_st,0.025499168335979924
LogReg_miRNA,4,ppt-miR1033e_st,0.0134762549112571
LogReg_miRNA,4,ppt-miR1039-5p_st,-0.010800645852401286
LogReg_miRNA,4,ppt-miR1044-5p_st,-0.019889304218996255
LogReg_miRNA,4,ppt-miR1077-5p_st,-0.022516395443166564
LogReg_miRNA,4,ppy-let-7d_st,-0.015174190314718321
LogReg_miRNA,4,ppy-miR-126_st,0.011207566266582985
LogReg_miRNA,4,ppy-miR-1275_st,-0.0021266582641333476
LogReg_miRNA,4,ppy-miR-127_st,0.023083040789458713
LogReg_miRNA,4,ppy-miR-130b_st,-0.0012945989876588094
LogReg_miRNA,4,ppy-miR-134_st,0.014389414294859309
LogReg_miRNA,4,ppy-miR-140-3p_st,-0.014584490928182566
LogReg_miRNA,4,ppy-miR-1469_st,-0.017383710544836752
LogReg_miRNA,4,ppy-miR-146b-5p_st,0.02475173254325564
LogReg_miRNA,4,ppy-miR-181a_st,-0.020546285739135303
LogReg_miRNA,4,ppy-miR-181b_st,-0.0006091418248307466
LogReg_miRNA,4,ppy-miR-18_st,0.02530528951280396
LogReg_miRNA,4,ppy-miR-18b_st,0.020695515012115875
LogReg_miRNA,4,ppy-miR-1915_st,-0.014733852546476656
LogReg_miRNA,4,ppy-miR-191_st,-0.013274943951789856
LogReg_miRNA,4,ppy-miR-193a-5p_st,0.0211534616167899
LogReg_miRNA,4,ppy-miR-195_st,0.014128192794533546
LogReg_miRNA,4,ppy-miR-19a_st,0.008396321656329137
LogReg_miRNA,4,ppy-miR-19b_st,0.013238874110251899
LogReg_miRNA,4,ppy-miR-205_st,-0.019591552721373043
LogReg_miRNA,4,ppy-miR-20_st,0.021712337250008703
LogReg_miRNA,4,ppy-miR-21_st,0.016010645732076403
LogReg_miRNA,4,ppy-miR-221_st,-0.022147029852273997
LogReg_miRNA,4,ppy-miR-222_st,-0.02429742144168502
LogReg_miRNA,4,ppy-miR-223_st,0.01021409386224968
LogReg_miRNA,4,ppy-miR-25_st,-0.02798281023193155
LogReg_miRNA,4,ppy-miR-29a_st,0.014108445432152896
LogReg_miRNA,4,ppy-miR-29c_st,0.002988774627969654
LogReg_miRNA,4,ppy-miR-324-3p_st,-0.03283627961513386
LogReg_miRNA,4,ppy-miR-335_st,0.020653560757927576
LogReg_miRNA,4,ppy-miR-345_st,-0.016736661292648263
LogReg_miRNA,4,ppy-miR-34a_st,0.012447621667491008
LogReg_miRNA,4,ppy-miR-361-5p_st,-0.030815587895777444
LogReg_miRNA,4,ppy-miR-370_st,0.011930701674907774
LogReg_miRNA,4,ppy-miR-376c_st,-0.0005761501248368403
LogReg_miRNA,4,ppy-miR-379_st,0.01664460857006637
LogReg_miRNA,4,ppy-miR-382_st,0.010852613979190595
LogReg_miRNA,4,ppy-miR-409-3p_st,0.017615938598581588
LogReg_miRNA,4,ppy-miR-423-3p_st,-0.019158001359065417
LogReg_miRNA,4,ppy-miR-432_st,0.0173467763645065
LogReg_miRNA,4,ppy-miR-485-5p_st,0.013738373302212883
LogReg_miRNA,4,ppy-miR-487b_st,0.014958140125266414
LogReg_miRNA,4,ppy-miR-493_st,0.012038349752431251
LogReg_miRNA,4,ppy-miR-494_st,0.016152665939442177
LogReg_miRNA,4,ppy-miR-495_st,0.01742456766046706
LogReg_miRNA,4,ppy-miR-503_st,0.029124168761743698
LogReg_miRNA,4,ppy-miR-543_st,0.002527895291856621
LogReg_miRNA,4,ppy-miR-584_st,0.009094551804622979
LogReg_miRNA,4,ppy-miR-638_st,-0.01116363822326147
LogReg_miRNA,4,ppy-miR-654-3p_st,0.002661217205867553
LogReg_miRNA,4,ppy-miR-744_st,-0.021664581831542826
LogReg_miRNA,4,ppy-miR-766_st,-0.016406676430199947
LogReg_miRNA,4,pta-miR951_st,-0.0281836934608585
LogReg_miRNA,4,ptc-miR171f_st,-0.019851832381396824
LogReg_miRNA,4,ptc-miR172h_st,-0.02297287288681937
LogReg_miRNA,4,ptc-miR480a_st,-0.0072758779193536
LogReg_miRNA,4,ptr-let-7d_st,-0.01946970923585877
LogReg_miRNA,4,ptr-miR-1184_st,0.02130183757223539
LogReg_miRNA,4,ptr-miR-125a_st,0.011631130239006426
LogReg_miRNA,4,ptr-miR-126_st,0.015254749147122016
LogReg_miRNA,4,ptr-miR-1275_st,-0.002309695130921925
LogReg_miRNA,4,ptr-miR-127_st,0.02105582626757906
LogReg_miRNA,4,ptr-miR-134_st,0.0053353349651150146
LogReg_miRNA,4,ptr-miR-136_st,-0.03262742956362113
LogReg_miRNA,4,ptr-miR-146b_st,0.021337285397875452
LogReg_miRNA,4,ptr-miR-152_st,0.01511741406772822
LogReg_miRNA,4,ptr-miR-181a_st,-0.019652009611691296
LogReg_miRNA,4,ptr-miR-181b_st,0.0018093289971873971
LogReg_miRNA,4,ptr-miR-18a_st,0.0255081756607752
LogReg_miRNA,4,ptr-miR-18b_st,0.0117103728226481
LogReg_miRNA,4,ptr-miR-191_st,-0.012616370254003877
LogReg_miRNA,4,ptr-miR-195_st,0.01925399116894168
LogReg_miRNA,4,ptr-miR-199b_st,0.002592443737474749
LogReg_miRNA,4,ptr-miR-19a_st,0.011767706624776178
LogReg_miRNA,4,ptr-miR-19b_st,0.015390833571623767
LogReg_miRNA,4,ptr-miR-20a_st,0.022312644759171774
LogReg_miRNA,4,ptr-miR-21_st,0.018502330900578054
LogReg_miRNA,4,ptr-miR-221_st,-0.019985793551419682
LogReg_miRNA,4,ptr-miR-29a_st,0.019224590666651845
LogReg_miRNA,4,ptr-miR-29c_st,0.010706716760951022
LogReg_miRNA,4,ptr-miR-30b_st,-0.0008946159990216346
LogReg_miRNA,4,ptr-miR-323_st,-0.030175997249527707
LogReg_miRNA,4,ptr-miR-324_st,-0.03802989331045885
LogReg_miRNA,4,ptr-miR-335_st,0.026884592244584633
LogReg_miRNA,4,ptr-miR-345_st,-0.008643635171570211
LogReg_miRNA,4,ptr-miR-34a_st,0.013220460639891813
LogReg_miRNA,4,ptr-miR-376c_st,0.0004165546999570734
LogReg_miRNA,4,ptr-miR-378_st,-0.009382848317576527
LogReg_miRNA,4,ptr-miR-379_st,0.009661977290378383
LogReg_miRNA,4,ptr-miR-382_st,0.01952532880988763
LogReg_miRNA,4,ptr-miR-409_st,0.01631538763643483
LogReg_miRNA,4,ptr-miR-423_st,-0.018374717868966033
LogReg_miRNA,4,ptr-miR-432_st,0.021188012480601166
LogReg_miRNA,4,ptr-miR-487b_st,0.010622593149076258
LogReg_miRNA,4,ptr-miR-494_st,0.011750877027868797
LogReg_miRNA,4,ptr-miR-495_st,0.009493324922880731
LogReg_miRNA,4,ptr-miR-503_st,0.028974183806781375
LogReg_miRNA,4,ptr-miR-543_st,0.01321633882892877
LogReg_miRNA,4,ptr-miR-548a_st,0.020584609662739714
LogReg_miRNA,4,ptr-miR-548i_st,-0.004089900176592885
LogReg_miRNA,4,ptr-miR-663a_st,-0.02475396572323472
LogReg_miRNA,4,ptr-miR-744_st,-0.022904932805157138
LogReg_miRNA,4,ptr-miR-762_st,-0.012392386148512064
LogReg_miRNA,4,ptr-miR-766_st,-0.032114329450840015
LogReg_miRNA,4,rno-let-7d_st,-0.01297234760536345
LogReg_miRNA,4,rno-miR-106b-star_st,-0.007852411037381164
LogReg_miRNA,4,rno-miR-124_st,0.005369364937409032
LogReg_miRNA,4,rno-miR-125b-star_st,0.014501087574226273
LogReg_miRNA,4,rno-miR-126_st,0.011356630828984788
LogReg_miRNA,4,rno-miR-127_st,0.022705879833547854
LogReg_miRNA,4,rno-miR-130b_st,-0.005514596625941645
LogReg_miRNA,4,rno-miR-134_st,0.015820957095154558
LogReg_miRNA,4,rno-miR-140-star_st,-0.01572502095164722
LogReg_miRNA,4,rno-miR-146b_st,0.030369771874809992
LogReg_miRNA,4,rno-miR-152_st,0.015112704015706463
LogReg_miRNA,4,rno-miR-154_st,0.004512648054245458
LogReg_miRNA,4,rno-miR-181a_st,-0.021626930937744607
LogReg_miRNA,4,rno-miR-181b_st,-0.0017754354624100043
LogReg_miRNA,4,rno-miR-18a_st,0.03737452657236292
LogReg_miRNA,4,rno-miR-191_st,-0.01204692644928614
LogReg_miRNA,4,rno-miR-195_st,0.018489181320610282
LogReg_miRNA,4,rno-miR-199a-3p_st,0.00859320453813824
LogReg_miRNA,4,rno-miR-19a_st,0.005515751637450901
LogReg_miRNA,4,rno-miR-19b_st,0.015134747158209652
LogReg_miRNA,4,rno-miR-204_st,-0.024698302441937218
LogReg_miRNA,4,rno-miR-20a_st,0.02261260476600782
LogReg_miRNA,4,rno-miR-21_st,0.021955371774460403
LogReg_miRNA,4,rno-miR-221_st,-0.02310576986832926
LogReg_miRNA,4,rno-miR-222_st,-0.02705982345752948
LogReg_miRNA,4,rno-miR-223_st,0.007846991787528191
LogReg_miRNA,4,rno-miR-22_st,0.012396144303678129
LogReg_miRNA,4,rno-miR-23a-star_st,-0.025934157672395583
LogReg_miRNA,4,rno-miR-25_st,-0.029770216618135826
LogReg_miRNA,4,rno-miR-27a-star_st,-0.032373275371853846
LogReg_miRNA,4,rno-miR-29a_st,0.025249956754062663
LogReg_miRNA,4,rno-miR-29c_st,0.00219113481251351
LogReg_miRNA,4,rno-miR-324-3p_st,-0.02796628855146661
LogReg_miRNA,4,rno-miR-34a_st,0.012284954046623752
LogReg_miRNA,4,rno-miR-361_st,-0.028065658411102874
LogReg_miRNA,4,rno-miR-374_st,0.009074902400433432
LogReg_miRNA,4,rno-miR-378_st,-0.00913520528414977
LogReg_miRNA,4,rno-miR-379_st,0.015164779784145314
LogReg_miRNA,4,rno-miR-382_st,0.013261236986163554
LogReg_miRNA,4,rno-miR-409-3p_st,0.010675489177522339
LogReg_miRNA,4,rno-miR-423_st,-0.011869022485047056
LogReg_miRNA,4,rno-miR-433_st,0.01234252552493088
LogReg_miRNA,4,rno-miR-485_st,0.02017780544644018
LogReg_miRNA,4,rno-miR-487b_st,0.013848768939786567
LogReg_miRNA,4,rno-miR-493_st,0.001982720545753446
LogReg_miRNA,4,rno-miR-494_st,0.010714157437803974
LogReg_miRNA,4,rno-miR-495_st,0.008504582016694557
LogReg_miRNA,4,rno-miR-497_st,0.012419326522015826
LogReg_miRNA,4,rno-miR-503_st,0.002260955518287137
LogReg_miRNA,4,rno-miR-759_st,-0.0034249167178906238
LogReg_miRNA,4,rno-miR-93_st,-0.007108722687469611
LogReg_miRNA,4,rrv-miR-rR1-4_st,-0.011636414902282554
LogReg_miRNA,4,sja-miR-31-5p_st,0.03776206654288919
LogReg_miRNA,4,sko-miR-92c_st,0.011488848837447673
LogReg_miRNA,4,sla-miR-101_st,0.014894877086240982
LogReg_miRNA,4,sla-miR-127_st,0.029780257986066535
LogReg_miRNA,4,sla-miR-128_st,-0.04129468789292843
LogReg_miRNA,4,sla-miR-181a_st,-0.02181839993016173
LogReg_miRNA,4,sla-miR-18_st,0.02356098666266869
LogReg_miRNA,4,sla-miR-19a_st,0.015923403471462975
LogReg_miRNA,4,sla-miR-19b_st,0.01394482058089945
LogReg_miRNA,4,sla-miR-20_st,0.022857581055115955
LogReg_miRNA,4,sla-miR-29a_st,0.01806966417470698
LogReg_miRNA,4,sla-miR-34a_st,0.014917629889445574
LogReg_miRNA,4,sme-miR-124b_st,0.01173266225002495
LogReg_miRNA,4,sme-miR-753b-3p_st,-0.017880918077574793
LogReg_miRNA,4,SNORD119_st,0.02106299171977272
LogReg_miRNA,4,snR39B_st,0.016702249965076105
LogReg_miRNA,4,spike_in-control-31_st,-0.026835877688027986
LogReg_miRNA,4,spu-miR-137_st,-0.008426310614632771
LogReg_miRNA,4,spu-miR-92c_st,0.011600756231101444
LogReg_miRNA,4,ssc-miR-124a_st,0.019156168651040684
LogReg_miRNA,4,ssc-miR-127_st,0.029266821417929797
LogReg_miRNA,4,ssc-miR-130b_st,-0.0038367487426443363
LogReg_miRNA,4,ssc-miR-140-star_st,-0.009820666573200278
LogReg_miRNA,4,ssc-miR-146b_st,0.017974270053675877
LogReg_miRNA,4,ssc-miR-152_st,0.009996061085767834
LogReg_miRNA,4,ssc-miR-181a_st,-0.019846509940624105
LogReg_miRNA,4,ssc-miR-181b_st,-0.0035317076516876837
LogReg_miRNA,4,ssc-miR-18_st,0.02242077478693848
LogReg_miRNA,4,ssc-miR-191_st,-0.01255944246891568
LogReg_miRNA,4,ssc-miR-195_st,0.009654947975010514
LogReg_miRNA,4,ssc-miR-19a_st,0.005404598584953262
LogReg_miRNA,4,ssc-miR-19b_st,0.018127536201658332
LogReg_miRNA,4,ssc-miR-20_st,0.02413319823175632
LogReg_miRNA,4,ssc-miR-21_st,0.017313080863029427
LogReg_miRNA,4,ssc-miR-221_st,-0.023483597403214495
LogReg_miRNA,4,ssc-miR-222_st,-0.01754305835899865
LogReg_miRNA,4,ssc-miR-29a_st,0.01838425629278879
LogReg_miRNA,4,ssc-miR-335_st,0.0313947528370317
LogReg_miRNA,4,ssc-miR-361-5p_st,-0.03173767305363011
LogReg_miRNA,4,ssc-miR-378_st,-0.005046800248940603
LogReg_miRNA,4,ssc-miR-423-3p_st,-0.011405489779728354
LogReg_miRNA,4,ssc-miR-432_st,0.009695752437723746
LogReg_miRNA,4,ssc-miR-503_st,0.013022327898703858
LogReg_miRNA,4,ssc-miR-744_st,-0.01949293330492106
LogReg_miRNA,4,tae-miR1125_st,-0.022637036635422766
LogReg_miRNA,4,tgu-let-7d_st,-0.017012858595032085
LogReg_miRNA,4,tgu-let-7e_st,-0.0032929742496001983
LogReg_miRNA,4,tgu-miR-126_st,0.01410078715258926
LogReg_miRNA,4,tgu-miR-128_st,-0.04802648535655457
LogReg_miRNA,4,tgu-miR-140-star_st,-0.019965057902193595
LogReg_miRNA,4,tgu-miR-142_st,0.006730413743564262
LogReg_miRNA,4,tgu-miR-146b_st,0.02285864554381954
LogReg_miRNA,4,tgu-miR-181a_st,-0.021952925500122098
LogReg_miRNA,4,tgu-miR-181b_st,-0.002389070640082992
LogReg_miRNA,4,tgu-miR-18a_st,0.02603397679917916
LogReg_miRNA,4,tgu-miR-18b_st,0.01163540531051047
LogReg_miRNA,4,tgu-miR-199-3p_st,0.00641370694472541
LogReg_miRNA,4,tgu-miR-19b_st,0.017328396828690844
LogReg_miRNA,4,tgu-miR-20a_st,0.022984313081005615
LogReg_miRNA,4,tgu-miR-21_st,0.008342717864361924
LogReg_miRNA,4,tgu-miR-221_st,-0.020434434209561612
LogReg_miRNA,4,tgu-miR-222_st,-0.018931429207466117
LogReg_miRNA,4,tgu-miR-223_st,0.00567374223451752
LogReg_miRNA,4,tgu-miR-24_st,0.013508120965158535
LogReg_miRNA,4,tgu-miR-2961_st,-0.011424444784773214
LogReg_miRNA,4,tgu-miR-2962_st,0.013816631215287194
LogReg_miRNA,4,tgu-miR-2966_st,-0.011752881587025593
LogReg_miRNA,4,tgu-miR-2974_st,-0.016640100838503927
LogReg_miRNA,4,tgu-miR-2975_st,0.03790502238076304
LogReg_miRNA,4,tgu-miR-2976_st,-0.005839310751534455
LogReg_miRNA,4,tgu-miR-2981_st,-0.011549418297290849
LogReg_miRNA,4,tgu-miR-29a_st,0.003350810745590376
LogReg_miRNA,4,tgu-miR-34a_st,0.020718304488925178
LogReg_miRNA,4,tgu-miR-454_st,0.0074397602079200875
LogReg_miRNA,4,tgu-miR-99-star_st,-0.02929991122337472
LogReg_miRNA,4,tni-miR-181a_st,-0.020187667390773108
LogReg_miRNA,4,tni-miR-181b_st,-0.0030127982395414645
LogReg_miRNA,4,tni-miR-18_st,0.030174933894327502
LogReg_miRNA,4,tni-miR-19a_st,0.004810916881018636
LogReg_miRNA,4,tni-miR-19b_st,0.016416702262683817
LogReg_miRNA,4,tni-miR-20_st,0.023288651413174197
LogReg_miRNA,4,tni-miR-221_st,-0.02643237919868732
LogReg_miRNA,4,tni-miR-222_st,-0.02084931181499964
LogReg_miRNA,4,tni-miR-25_st,-0.03207879425077688
LogReg_miRNA,4,tni-miR-27e_st,0.0028209227210437694
LogReg_miRNA,4,U18A_x_st,-0.00317267118021975
LogReg_miRNA,4,U45C_x_st,0.011047101401443198
LogReg_miRNA,4,U60_st,0.017071985850697254
LogReg_miRNA,4,U78_s_st,0.02965932508177104
LogReg_miRNA,4,U78_x_st,0.03269432232238606
LogReg_miRNA,4,U99_st,-0.020898299960345108
LogReg_miRNA,4,v11_mmu-miR-197_st,-0.02506091895235602
LogReg_miRNA,4,xla-miR-18_st,0.00931782064798823
LogReg_miRNA,4,xla-miR-19b_st,0.01632264098560936
LogReg_miRNA,4,xla-miR-24b_st,0.012919894328158321
LogReg_miRNA,4,xtr-miR-101a_st,0.0069316261588403955
LogReg_miRNA,4,xtr-miR-106_st,0.023672647210455235
LogReg_miRNA,4,xtr-miR-130b_st,-0.002995059562223521
LogReg_miRNA,4,xtr-miR-148a_st,0.007147923525088897
LogReg_miRNA,4,xtr-miR-181a_st,-0.019754687778808244
LogReg_miRNA,4,xtr-miR-181b_st,-0.003788795890280543
LogReg_miRNA,4,xtr-miR-18a_st,0.030748488455949134
LogReg_miRNA,4,xtr-miR-18b_st,0.019403433934798982
LogReg_miRNA,4,xtr-miR-191_st,-0.015358009240967198
LogReg_miRNA,4,xtr-miR-192_st,0.016846580253520035
LogReg_miRNA,4,xtr-miR-194_st,0.006285531818256502
LogReg_miRNA,4,xtr-miR-19b_st,0.011678100567318375
LogReg_miRNA,4,xtr-miR-20a_st,0.02229000478016233
LogReg_miRNA,4,xtr-miR-221_st,-0.01943839279992295
LogReg_miRNA,4,xtr-miR-222_st,-0.020184620759373786
LogReg_miRNA,4,xtr-miR-24a_st,0.013796089403100356
LogReg_miRNA,4,xtr-miR-24b_st,0.008317634295034168
LogReg_miRNA,4,xtr-miR-25_st,-0.031761391538218955
LogReg_miRNA,4,xtr-miR-29a_st,-3.442706412189764e-05
LogReg_miRNA,4,xtr-miR-34a_st,0.014442716477049714
LogReg_miRNA,4,xtr-miR-451_st,0.01911613959193356
LogReg_miRNA,4,xtr-miR-499_st,-0.006001474626909931
LogReg_miRNA,4,xtr-miR-92b_st,0.011460721568904517
LogReg_miRNA,4,zma-miR167b_st,-0.009187003802826332
LogReg_miRNA,4,zma-miR167i_st,-0.012016164349597272
LogReg_miRNA,4,zma-miR395k_st,-0.014895030789606835
LogReg_miRNA,5,14q0_st,0.03572968913361335
LogReg_miRNA,5,14qI-4_st,0.017772689429747603
LogReg_miRNA,5,14qI-6_st,0.012046769650101857
LogReg_miRNA,5,14qI-6_x_st,0.012093056298433883
LogReg_miRNA,5,14qI-7_st,0.02201188260427642
LogReg_miRNA,5,14qI-8_x_st,0.02025674938540099
LogReg_miRNA,5,14qI-9_x_st,0.019465309084294505
LogReg_miRNA,5,14qII-10_st,-0.0022458974536204964
LogReg_miRNA,5,14qII-12_st,0.01626999761242867
LogReg_miRNA,5,14qII-12_x_st,0.015051487774431051
LogReg_miRNA,5,14qII-14_st,0.02975962760142716
LogReg_miRNA,5,14qII-14_x_st,0.030010516603321154
LogReg_miRNA,5,14qII-17_st,0.021815051801026556
LogReg_miRNA,5,14qII-1_st,0.032881785924111506
LogReg_miRNA,5,14qII-1_x_st,0.03311209636166111
LogReg_miRNA,5,14qII-21_x_st,0.016183263859482596
LogReg_miRNA,5,14qII-22_x_st,0.017821342155047163
LogReg_miRNA,5,14qII-23_x_st,0.02886982048176225
LogReg_miRNA,5,14qII-26_st,0.021117011706851745
LogReg_miRNA,5,14qII-26_x_st,0.028066751107012948
LogReg_miRNA,5,14qII-28_x_st,0.010892594251181862
LogReg_miRNA,5,14qII-3_st,0.02390511900832292
LogReg_miRNA,5,14qII-3_x_st,0.022742414195036535
LogReg_miRNA,5,14qII-5_x_st,0.00023300515132389249
LogReg_miRNA,5,14qII-9_x_st,0.022372591114080735
LogReg_miRNA,5,aae-miR-34-star_st,-0.023800389984299456
LogReg_miRNA,5,aae-miR-932-star_st,-0.017823632416669694
LogReg_miRNA,5,aae-miR-932_st,-0.020269368885350733
LogReg_miRNA,5,aga-miR-1175_st,-0.020354033875260774
LogReg_miRNA,5,aga-miR-79_st,-0.020452248771942266
LogReg_miRNA,5,age-miR-127_st,0.03245614238803953
LogReg_miRNA,5,age-miR-19a_st,0.0030310169076449124
LogReg_miRNA,5,age-miR-19b_st,0.00679217581989603
LogReg_miRNA,5,age-miR-20_st,0.022676727337335556
LogReg_miRNA,5,age-miR-21_st,0.015511198534673958
LogReg_miRNA,5,age-miR-222_st,-0.014054662672377814
LogReg_miRNA,5,age-miR-29a_st,0.024495676477567306
LogReg_miRNA,5,age-miR-34a_st,0.007307898453740184
LogReg_miRNA,5,ame-miR-124_st,0.02736421965607068
LogReg_miRNA,5,aqc-miR535_st,0.038065544423794284
LogReg_miRNA,5,aqu-miR-2014-star_st,-0.01311581990520138
LogReg_miRNA,5,ath-miR1888_st,-0.0330881353698639
LogReg_miRNA,5,ath-miR416_st,-0.029137336492860225
LogReg_miRNA,5,bfl-miR-2060_st,-0.023761425755411722
LogReg_miRNA,5,bfl-miR-2061_st,-0.03333877305162324
LogReg_miRNA,5,bhv1-miR-B3_st,0.022768088213183296
LogReg_miRNA,5,bma-miR-2b_st,-0.020160333332655857
LogReg_miRNA,5,bma-miR-92_st,0.00918352152982796
LogReg_miRNA,5,bmo-miR-1000_st,-0.02100867121340043
LogReg_miRNA,5,bmo-miR-13a-star_st,-0.015037593000338209
LogReg_miRNA,5,bmo-miR-190-star_st,0.0011157670136763495
LogReg_miRNA,5,bmo-miR-2770_st,-0.01934366616965468
LogReg_miRNA,5,bmo-miR-2784_st,-0.029708737799343625
LogReg_miRNA,5,bmo-miR-2857_st,0.027210709771300197
LogReg_miRNA,5,bmo-miR-3216_st,0.01997070026877481
LogReg_miRNA,5,bmo-miR-3328_st,-0.03417828085920703
LogReg_miRNA,5,bmo-miR-3414-star_st,-0.019929532432703498
LogReg_miRNA,5,bmo-miR-92a_st,0.011407209568779036
LogReg_miRNA,5,bra-miR167c_st,-0.04223512602300436
LogReg_miRNA,5,bta-let-7d_st,-0.023981120821139203
LogReg_miRNA,5,bta-miR-106_st,0.018760030388162464
LogReg_miRNA,5,bta-miR-126_st,0.007003317179308014
LogReg_miRNA,5,bta-miR-127_st,0.029640503084458886
LogReg_miRNA,5,bta-miR-130b_st,0.0037008170073000355
LogReg_miRNA,5,bta-miR-1343_st,-0.01555869278660481
LogReg_miRNA,5,bta-miR-134_st,0.003619144245293495
LogReg_miRNA,5,bta-miR-140_st,-0.008143660898375206
LogReg_miRNA,5,bta-miR-146b_st,0.03133695141385534
LogReg_miRNA,5,bta-miR-152_st,0.019062882409277886
LogReg_miRNA,5,bta-miR-1584_st,-0.012678064367899778
LogReg_miRNA,5,bta-miR-1777a_st,-0.011712024153101292
LogReg_miRNA,5,bta-miR-1777b_st,-0.012355314228647525
LogReg_miRNA,5,bta-miR-1814c_st,-0.02580577023580496
LogReg_miRNA,5,bta-miR-181a_st,-0.027004098637999997
LogReg_miRNA,5,bta-miR-181b_st,-0.009579198755766008
LogReg_miRNA,5,bta-miR-181c_st,-0.024184227688529084
LogReg_miRNA,5,bta-miR-18a_st,0.019360902951691177
LogReg_miRNA,5,bta-miR-18b_st,0.00963471726578211
LogReg_miRNA,5,bta-miR-191_st,-0.01264409281818926
LogReg_miRNA,5,bta-miR-195_st,0.02160596304276006
LogReg_miRNA,5,bta-miR-199a-3p_st,-0.0016684690891557727
LogReg_miRNA,5,bta-miR-19a_st,-0.001866543043164689
LogReg_miRNA,5,bta-miR-19b_st,0.006608957427234411
LogReg_miRNA,5,bta-miR-20a_st,0.020902100789676706
LogReg_miRNA,5,bta-miR-20b_st,0.009587043112502603
LogReg_miRNA,5,bta-miR-21_st,0.013370205553844263
LogReg_miRNA,5,bta-miR-22-3p_st,0.004079138832227602
LogReg_miRNA,5,bta-miR-221_st,-0.018108839099330285
LogReg_miRNA,5,bta-miR-222_st,-0.02398184380978652
LogReg_miRNA,5,bta-miR-2288_st,0.0018417069626615729
LogReg_miRNA,5,bta-miR-2309_st,-0.008861770411948413
LogReg_miRNA,5,bta-miR-2316_st,-0.018457859474839224
LogReg_miRNA,5,bta-miR-2325b_st,-0.017632161854683304
LogReg_miRNA,5,bta-miR-2391_st,0.0018315146150142323
LogReg_miRNA,5,bta-miR-2428_st,-0.015040506052097885
LogReg_miRNA,5,bta-miR-2436-5p_st,-0.006867785017144072
LogReg_miRNA,5,bta-miR-2451_st,-0.013828290106116326
LogReg_miRNA,5,bta-miR-2487_st,-0.010850715332959624
LogReg_miRNA,5,bta-miR-25_st,-0.03057353876640878
LogReg_miRNA,5,bta-miR-27a-3p_st,-0.004072490074533905
LogReg_miRNA,5,bta-miR-27a-5p_st,-0.028621822636190272
LogReg_miRNA,5,bta-miR-2885_st,-0.024307979383996647
LogReg_miRNA,5,bta-miR-2887_st,-0.012668753798841957
LogReg_miRNA,5,bta-miR-2892_st,-0.0348007789345466
LogReg_miRNA,5,bta-miR-29a_st,0.024267975024009267
LogReg_miRNA,5,bta-miR-29c_st,0.01252171507093601
LogReg_miRNA,5,bta-miR-34a_st,0.010904777524452115
LogReg_miRNA,5,bta-miR-361_st,-0.032729962897138705
LogReg_miRNA,5,bta-miR-370_st,0.016636305694571578
LogReg_miRNA,5,bta-miR-378_st,0.0015722537679314986
LogReg_miRNA,5,bta-miR-379_st,0.026503479577139524
LogReg_miRNA,5,bta-miR-382_st,0.01047340425195175
LogReg_miRNA,5,bta-miR-423-3p_st,-0.009769157267133505
LogReg_miRNA,5,bta-miR-432_st,0.011874705786048722
LogReg_miRNA,5,bta-miR-485_st,0.01682965009247368
LogReg_miRNA,5,bta-miR-487b_st,0.015032923653549074
LogReg_miRNA,5,bta-miR-493_st,0.026354778165058063
LogReg_miRNA,5,bta-miR-494_st,0.024716501456923532
LogReg_miRNA,5,bta-miR-543_st,0.016512819387122922
LogReg_miRNA,5,bta-miR-744_st,-0.020460278775094716
LogReg_miRNA,5,bta-miR-93_st,-0.008111271328417073
LogReg_miRNA,5,cbr-miR-233_st,-0.016144462940791904
LogReg_miRNA,5,cbr-miR-235b_st,-0.009171588848421942
LogReg_miRNA,5,cbr-miR-64b_st,0.006640224922167436
LogReg_miRNA,5,cel-miR-229_st,-0.006570787159851892
LogReg_miRNA,5,cel-miR-243_st,-0.01665063027218157
LogReg_miRNA,5,cel-miR-260_st,-0.019790818209310536
LogReg_miRNA,5,cel-miR-360_st,-0.01147254561510573
LogReg_miRNA,5,cel-miR-63-star_st,-0.0004806722782748677
LogReg_miRNA,5,cfa-let-7j_st,-0.012313631482067981
LogReg_miRNA,5,cfa-miR-127_st,0.03388785135563463
LogReg_miRNA,5,cfa-miR-128_st,-0.04342113405464866
LogReg_miRNA,5,cfa-miR-130b_st,-0.0028589065329742308
LogReg_miRNA,5,cfa-miR-134_st,0.02109036886428783
LogReg_miRNA,5,cfa-miR-140_st,-0.006246399150627462
LogReg_miRNA,5,cfa-miR-146b_st,0.023062643876422706
LogReg_miRNA,5,cfa-miR-148b_st,0.007597817536964082
LogReg_miRNA,5,cfa-miR-152_st,0.019221444204412453
LogReg_miRNA,5,cfa-miR-181a_st,-0.028241631741243788
LogReg_miRNA,5,cfa-miR-181c_st,-0.011301053311774051
LogReg_miRNA,5,cfa-miR-18a_st,0.02663715118718004
LogReg_miRNA,5,cfa-miR-18b_st,0.0063743244022764455
LogReg_miRNA,5,cfa-miR-191_st,-0.012789891580043716
LogReg_miRNA,5,cfa-miR-195_st,0.010201291629790667
LogReg_miRNA,5,cfa-miR-19a_st,0.0011206837007388397
LogReg_miRNA,5,cfa-miR-19b_st,0.012785009277066151
LogReg_miRNA,5,cfa-miR-20a_st,0.0211952804925089
LogReg_miRNA,5,cfa-miR-21_st,0.015579146761041385
LogReg_miRNA,5,cfa-miR-221_st,-0.017056117551751862
LogReg_miRNA,5,cfa-miR-222_st,-0.023102783740052587
LogReg_miRNA,5,cfa-miR-23a_st,0.014582113699724168
LogReg_miRNA,5,cfa-miR-25_st,-0.029678862756847203
LogReg_miRNA,5,cfa-miR-27a_st,0.0106424228248649
LogReg_miRNA,5,cfa-miR-299_st,0.0034618288891798818
LogReg_miRNA,5,cfa-miR-29a_st,0.01847751937107696
LogReg_miRNA,5,cfa-miR-29c_st,0.013717376422848922
LogReg_miRNA,5,cfa-miR-301a_st,0.021912565619016673
LogReg_miRNA,5,cfa-miR-34a_st,0.01586007890107387
LogReg_miRNA,5,cfa-miR-361_st,-0.026210489871244996
LogReg_miRNA,5,cfa-miR-370_st,-0.0002638324769334129
LogReg_miRNA,5,cfa-miR-371_st,0.004863133420198553
LogReg_miRNA,5,cfa-miR-374b_st,0.010219740674620116
LogReg_miRNA,5,cfa-miR-378_st,0.0018770397130723907
LogReg_miRNA,5,cfa-miR-379_st,0.015034997867606257
LogReg_miRNA,5,cfa-miR-432_st,0.015517356684184828
LogReg_miRNA,5,cfa-miR-487b_st,0.022703762307944235
LogReg_miRNA,5,cfa-miR-489_st,-0.017698416722862216
LogReg_miRNA,5,cfa-miR-493_st,0.009955376181332342
LogReg_miRNA,5,cfa-miR-494_st,0.013934028756938239
LogReg_miRNA,5,cfa-miR-495_st,0.011710385631333134
LogReg_miRNA,5,cfa-miR-543_st,0.008212378890536732
LogReg_miRNA,5,cfa-miR-7_st,-0.01110958354786157
LogReg_miRNA,5,cfa-miR-93_st,-0.00339205580484576
LogReg_miRNA,5,cgr-miR-21_st,0.021547714332873474
LogReg_miRNA,5,cin-miR-101_st,-0.02288198593787592
LogReg_miRNA,5,cin-miR-124_st,0.01064483891053257
LogReg_miRNA,5,cin-miR-126_st,0.0059030621091715
LogReg_miRNA,5,cin-miR-181_st,-0.010473341502678599
LogReg_miRNA,5,cin-miR-4009b-3p_st,-0.02956092183970702
LogReg_miRNA,5,cin-miR-4020b-5p_st,-0.02062224755037299
LogReg_miRNA,5,cin-miR-4048-5p_st,-0.01927789107328739
LogReg_miRNA,5,cin-miR-4074-5p_st,-0.022206400797525953
LogReg_miRNA,5,cin-miR-4075-5p_st,-0.021469699369685093
LogReg_miRNA,5,cin-miR-4099-5p_st,-0.008601532832633901
LogReg_miRNA,5,cin-miR-4105-5p_st,0.006174650117565266
LogReg_miRNA,5,cin-miR-4145-3p_st,-0.025822249078359675
LogReg_miRNA,5,cin-miR-4165-3p_st,0.021404181257118793
LogReg_miRNA,5,cqu-miR-92_st,-0.0008237323421586688
LogReg_miRNA,5,cre-miR1144b_st,-0.014846854784474785
LogReg_miRNA,5,cre-miR1171_st,-0.029663247986180575
LogReg_miRNA,5,crm-miR-235_st,0.0018213297008449361
LogReg_miRNA,5,crm-miR-788_st,0.004382410614954633
LogReg_miRNA,5,csa-miR-92a_st,0.014848413887167318
LogReg_miRNA,5,cte-miR-92b_st,0.006806209610979147
LogReg_miRNA,5,dan-miR-124_st,0.027753080052613434
LogReg_miRNA,5,der-miR-285_st,0.014853447754684451
LogReg_miRNA,5,der-miR-2a_st,-0.020093389039204566
LogReg_miRNA,5,dme-miR-2499_st,-0.025613574480397534
LogReg_miRNA,5,dpe-miR-289_st,-0.028991457376862262
LogReg_miRNA,5,dps-miR-2502_st,-0.01749897099924229
LogReg_miRNA,5,dps-miR-2535-star_st,-0.004819318197005073
LogReg_miRNA,5,dps-miR-2537-star_st,-0.01881546311795191
LogReg_miRNA,5,dps-miR-2550_st,-0.0332386129146769
LogReg_miRNA,5,dps-miR-2572-star_st,-0.009585581798326099
LogReg_miRNA,5,dps-miR-932-star_st,-0.008410068602397285
LogReg_miRNA,5,dps-miR-964_st,-0.03147137808064733
LogReg_miRNA,5,dps-miR-987-star_st,0.008874714332025406
LogReg_miRNA,5,dpu-miR-124_st,0.013854085567578006
LogReg_miRNA,5,dpu-miR-92_st,0.00926439248636882
LogReg_miRNA,5,dre-let-7g_st,-0.0009517498022218986
LogReg_miRNA,5,dre-miR-101a_st,0.00886817946755627
LogReg_miRNA,5,dre-miR-126b-star_st,0.008336789164432569
LogReg_miRNA,5,dre-miR-128_st,-0.038953814784058766
LogReg_miRNA,5,dre-miR-140-star_st,-0.0060583354835616705
LogReg_miRNA,5,dre-miR-145_st,0.03178253105282311
LogReg_miRNA,5,dre-miR-181a-star_st,-0.018078044798465264
LogReg_miRNA,5,dre-miR-181a_st,-0.028924596241516342
LogReg_miRNA,5,dre-miR-181b_st,-0.01045219387750628
LogReg_miRNA,5,dre-miR-181c_st,-0.011846086405011258
LogReg_miRNA,5,dre-miR-199-star_st,0.004068923332503716
LogReg_miRNA,5,dre-miR-19a_st,0.001449734229534384
LogReg_miRNA,5,dre-miR-19b_st,0.008320517730853905
LogReg_miRNA,5,dre-miR-19c_st,0.0184010959515092
LogReg_miRNA,5,dre-miR-19d_st,-0.012489490603360482
LogReg_miRNA,5,dre-miR-202_st,0.02513441296178548
LogReg_miRNA,5,dre-miR-20a_st,0.023629883787669632
LogReg_miRNA,5,dre-miR-21_st,0.009217169663220826
LogReg_miRNA,5,dre-miR-221_st,-0.017480781149594088
LogReg_miRNA,5,dre-miR-222_st,-0.014219898929804423
LogReg_miRNA,5,dre-miR-25_st,-0.030948099184487234
LogReg_miRNA,5,dre-miR-27d_st,0.007910360753768083
LogReg_miRNA,5,dre-miR-34_st,0.010084907286898512
LogReg_miRNA,5,dre-miR-92b_st,0.012333068064887633
LogReg_miRNA,5,dse-miR-124_st,0.012161171338538716
LogReg_miRNA,5,dsi-miR-962_st,-0.01377492319844526
LogReg_miRNA,5,dsi-miR-980-star_st,-0.005154931621642906
LogReg_miRNA,5,dsi-miR-999-star_st,0.0006173529092294936
LogReg_miRNA,5,ebv-miR-BHRF1-3_st,-0.012925427861393928
LogReg_miRNA,5,eca-let-7d_st,-0.023792369887739563
LogReg_miRNA,5,eca-miR-126-3p_st,0.009226300034747845
LogReg_miRNA,5,eca-miR-127_st,0.024620869856907666
LogReg_miRNA,5,eca-miR-128_st,-0.030511432059727818
LogReg_miRNA,5,eca-miR-130b_st,0.0031533778350826256
LogReg_miRNA,5,eca-miR-134_st,0.02668420361605049
LogReg_miRNA,5,eca-miR-140-3p_st,-0.0029397761878585107
LogReg_miRNA,5,eca-miR-146b-5p_st,0.024965122599514333
LogReg_miRNA,5,eca-miR-181a_st,-0.028596938534496512
LogReg_miRNA,5,eca-miR-181b_st,-0.011159115755980786
LogReg_miRNA,5,eca-miR-191_st,-0.012951391943629596
LogReg_miRNA,5,eca-miR-195_st,0.024740860561775723
LogReg_miRNA,5,eca-miR-199b-3p_st,-0.005224557183839511
LogReg_miRNA,5,eca-miR-19a_st,0.016976311274829667
LogReg_miRNA,5,eca-miR-19b_st,0.006624379022289429
LogReg_miRNA,5,eca-miR-20a_st,0.0227513697159535
LogReg_miRNA,5,eca-miR-21_st,0.013672379221620415
LogReg_miRNA,5,eca-miR-221_st,-0.017063063520894657
LogReg_miRNA,5,eca-miR-222_st,-0.02218271742339806
LogReg_miRNA,5,eca-miR-24_st,0.012673839659218806
LogReg_miRNA,5,eca-miR-25_st,-0.03075556047700221
LogReg_miRNA,5,eca-miR-29a_st,0.022394685887012006
LogReg_miRNA,5,eca-miR-29c_st,0.016068349524143804
LogReg_miRNA,5,eca-miR-323-3p_st,-0.03644910981996686
LogReg_miRNA,5,eca-miR-324-3p_st,-0.04337861922857845
LogReg_miRNA,5,eca-miR-335_st,0.015098131831053166
LogReg_miRNA,5,eca-miR-34_st,0.012415709919900802
LogReg_miRNA,5,eca-miR-361-5p_st,-0.028104015770343153
LogReg_miRNA,5,eca-miR-370_st,0.009180628058508722
LogReg_miRNA,5,eca-miR-376c_st,0.0035870739026351945
LogReg_miRNA,5,eca-miR-379_st,0.022201244529863853
LogReg_miRNA,5,eca-miR-382_st,0.006654917459130203
LogReg_miRNA,5,eca-miR-409-3p_st,0.0174507767183483
LogReg_miRNA,5,eca-miR-411_st,0.007688175483528979
LogReg_miRNA,5,eca-miR-423-3p_st,-0.017646793508361038
LogReg_miRNA,5,eca-miR-432_st,0.011427240602997586
LogReg_miRNA,5,eca-miR-433_st,0.00491128661040732
LogReg_miRNA,5,eca-miR-485-5p_st,0.01114174050551328
LogReg_miRNA,5,eca-miR-487b_st,0.019688413410294592
LogReg_miRNA,5,eca-miR-489_st,-0.009630531218661347
LogReg_miRNA,5,eca-miR-494_st,0.021740235998131314
LogReg_miRNA,5,eca-miR-495_st,0.00975408848065025
LogReg_miRNA,5,eca-miR-503_st,0.005821327047310812
LogReg_miRNA,5,eca-miR-543_st,0.008574215140275853
LogReg_miRNA,5,eca-miR-93_st,-0.0007335902227461233
LogReg_miRNA,5,ENSG00000200042_st,-0.016844709687238002
LogReg_miRNA,5,ENSG00000201660_st,0.0005510952254843583
LogReg_miRNA,5,ENSG00000201791_x_st,-0.021893952270677752
LogReg_miRNA,5,ENSG00000206909_x_st,-0.01773588813834807
LogReg_miRNA,5,ENSG00000212309_x_st,0.02685171889039099
LogReg_miRNA,5,ENSG00000212378_s_st,0.020860575815714655
LogReg_miRNA,5,ENSG00000238309_st,-0.004852417049454258
LogReg_miRNA,5,ENSG00000238368_st,-0.010914466026637313
LogReg_miRNA,5,ENSG00000238388_st,0.009597602537739985
LogReg_miRNA,5,ENSG00000238436_x_st,-0.026597188718640502
LogReg_miRNA,5,ENSG00000238732_x_st,-0.028946544989105292
LogReg_miRNA,5,ENSG00000238838_st,-0.017243063618217362
LogReg_miRNA,5,ENSG00000238858_x_st,-0.039797272645032175
LogReg_miRNA,5,ENSG00000238865_x_st,-0.017418669303534043
LogReg_miRNA,5,ENSG00000239008_x_st,-0.009993750535456702
LogReg_miRNA,5,ENSG00000239159_x_st,-0.02504762516132559
LogReg_miRNA,5,ENSG00000251744_x_st,-0.03329145878400513
LogReg_miRNA,5,ENSG00000251805_st,-0.03425228335394608
LogReg_miRNA,5,ENSG00000251938_st,-0.018268594887735877
LogReg_miRNA,5,ENSG00000252077_st,-0.014457472500419762
LogReg_miRNA,5,ENSG00000252170_st,-0.019735858909974893
LogReg_miRNA,5,ENSG00000252691_st,-0.01940599161853146
LogReg_miRNA,5,ENSG00000252771_st,-0.020374496164051667
LogReg_miRNA,5,fru-let-7e_st,0.008234662880191883
LogReg_miRNA,5,fru-miR-101a_st,0.01890472092742478
LogReg_miRNA,5,fru-miR-128_st,-0.04152976836075075
LogReg_miRNA,5,fru-miR-130_st,0.0014806999973941738
LogReg_miRNA,5,fru-miR-181a_st,-0.02890864017810966
LogReg_miRNA,5,fru-miR-181b_st,-0.012793814171582532
LogReg_miRNA,5,fru-miR-19a_st,0.01096112724109384
LogReg_miRNA,5,fru-miR-19b_st,0.011863283791933707
LogReg_miRNA,5,fru-miR-20_st,0.023383699426479866
LogReg_miRNA,5,fru-miR-221_st,-0.018940164438951957
LogReg_miRNA,5,fru-miR-222_st,-0.012135417822869553
LogReg_miRNA,5,fru-miR-25_st,-0.02360416740242324
LogReg_miRNA,5,fru-miR-29a_st,0.014803631274664874
LogReg_miRNA,5,gga-let-7k_st,0.008231141222487418
LogReg_miRNA,5,gga-miR-106_st,0.017382164195855677
LogReg_miRNA,5,gga-miR-128_st,-0.029362815643741984
LogReg_miRNA,5,gga-miR-130a_st,0.012008430782493619
LogReg_miRNA,5,gga-miR-1397_st,-0.013598203647368232
LogReg_miRNA,5,gga-miR-140-star_st,-0.01226641994585744
LogReg_miRNA,5,gga-miR-1456_st,-0.029800824953755436
LogReg_miRNA,5,gga-miR-146b_st,0.02989117618927555
LogReg_miRNA,5,gga-miR-1576_st,-0.013388385769190566
LogReg_miRNA,5,gga-miR-1584_st,-0.015403676664869158
LogReg_miRNA,5,gga-miR-1603_st,-0.03453546643170114
LogReg_miRNA,5,gga-miR-1621_st,-0.013760080920227931
LogReg_miRNA,5,gga-miR-1636_st,-0.0038870574346980278
LogReg_miRNA,5,gga-miR-1659_st,-0.022191304784632857
LogReg_miRNA,5,gga-miR-1676_st,0.01727145052752255
LogReg_miRNA,5,gga-miR-1736-star_st,0.013577767688534576
LogReg_miRNA,5,gga-miR-1763_st,-0.012841093044279843
LogReg_miRNA,5,gga-miR-1777_st,-0.016350405548368713
LogReg_miRNA,5,gga-miR-1815_st,-0.035361169650106425
LogReg_miRNA,5,gga-miR-181a_st,-0.0297472498073509
LogReg_miRNA,5,gga-miR-181b_st,-0.00981809352016359
LogReg_miRNA,5,gga-miR-18a_st,0.01824505402048189
LogReg_miRNA,5,gga-miR-19a_st,-0.003888234551831543
LogReg_miRNA,5,gga-miR-19b_st,0.013737993077440593
LogReg_miRNA,5,gga-miR-20a_st,0.0213319582550842
LogReg_miRNA,5,gga-miR-21_st,0.02522008876504951
LogReg_miRNA,5,gga-miR-221_st,-0.01957714938176315
LogReg_miRNA,5,gga-miR-222_st,-0.013764598444790981
LogReg_miRNA,5,gga-miR-22_st,0.009521345663499665
LogReg_miRNA,5,gga-miR-24_st,0.009653836270449556
LogReg_miRNA,5,gga-miR-29a_st,0.006268569944339739
LogReg_miRNA,5,gga-miR-34a_st,0.013855965623519572
LogReg_miRNA,5,ggo-miR-105_st,-0.017959748010411457
LogReg_miRNA,5,ggo-miR-134_st,0.028016799095504943
LogReg_miRNA,5,ggo-miR-181a_st,-0.028065674459122197
LogReg_miRNA,5,ggo-miR-181b_st,-0.007418777946035699
LogReg_miRNA,5,ggo-miR-18_st,0.013885674596507957
LogReg_miRNA,5,ggo-miR-195_st,0.015359483339740222
LogReg_miRNA,5,ggo-miR-19a_st,-0.003001533724727727
LogReg_miRNA,5,ggo-miR-19b_st,0.007567385912393101
LogReg_miRNA,5,ggo-miR-200c_st,0.014148841346179964
LogReg_miRNA,5,ggo-miR-20_st,0.02266667104775542
LogReg_miRNA,5,ggo-miR-21_st,0.020464283498520874
LogReg_miRNA,5,ggo-miR-221_st,-0.017994895916214747
LogReg_miRNA,5,ggo-miR-24_st,0.01002089302104152
LogReg_miRNA,5,ggo-miR-25_st,-0.02855632484465094
LogReg_miRNA,5,ggo-miR-29a_st,0.024355971378937597
LogReg_miRNA,5,ggo-miR-34a_st,0.018289517056734907
LogReg_miRNA,5,ggo-miR-93_st,-0.001926300732744954
LogReg_miRNA,5,gma-miR1515_st,-0.013631447668813072
LogReg_miRNA,5,gra-miR398_st,-0.008826785126952126
LogReg_miRNA,5,gso-miR2109_st,-0.03359457734566241
LogReg_miRNA,5,HBII-180A_x_st,-0.007902717870906082
LogReg_miRNA,5,HBII-85-25_s_st,-0.005484726840550388
LogReg_miRNA,5,hcmv-miR-UL70-3p_st,-0.019371883772108894
LogReg_miRNA,5,hp_hsa-let-7d_x_st,-0.025238692877350543
LogReg_miRNA,5,hp_hsa-mir-1185-1_s_st,-0.016817037990405653
LogReg_miRNA,5,hp_hsa-mir-126_st,0.014367918094472201
LogReg_miRNA,5,hp_hsa-mir-181a-2_st,-0.02253570807583661
LogReg_miRNA,5,hp_hsa-mir-3157_st,-0.02540291177075103
LogReg_miRNA,5,hp_hsa-mir-3172_st,-0.01983055077736213
LogReg_miRNA,5,hp_hsa-mir-361_st,-0.01837348885295978
LogReg_miRNA,5,hp_hsa-mir-423_s_st,-0.009543106152976088
LogReg_miRNA,5,hp_hsa-mir-425_st,-0.02396960713061734
LogReg_miRNA,5,hp_hsa-mir-4263_st,-0.010059368899900934
LogReg_miRNA,5,hp_hsa-mir-4319_st,-0.0119987873628324
LogReg_miRNA,5,hp_hsa-mir-487b_x_st,0.020438760414472866
LogReg_miRNA,5,hp_hsa-mir-509-2_s_st,-0.031255865354088655
LogReg_miRNA,5,hp_hsa-mir-548i-1_s_st,-0.014185945983849799
LogReg_miRNA,5,hp_mmu-mir-106a_x_st,0.03312285208897622
LogReg_miRNA,5,hp_mmu-mir-130b_st,-0.018025945049344627
LogReg_miRNA,5,hp_mmu-mir-181a-2_x_st,-0.0211599037278255
LogReg_miRNA,5,hp_mmu-mir-1929_st,-0.01348939226270054
LogReg_miRNA,5,hp_mmu-mir-297a-5_x_st,-0.011172708473119465
LogReg_miRNA,5,hp_mmu-mir-29b-1_st,-0.007514102847549116
LogReg_miRNA,5,hp_mmu-mir-338_st,-0.008629644522011247
LogReg_miRNA,5,hp_mmu-mir-3470b_x_st,-0.016565263054373208
LogReg_miRNA,5,hp_mmu-mir-409_st,0.02259908561173755
LogReg_miRNA,5,hp_mmu-mir-465c-1_s_st,0.01020497603090925
LogReg_miRNA,5,hp_mmu-mir-465c-2_s_st,0.012983273770534738
LogReg_miRNA,5,hp_mmu-mir-487b_st,0.016763206889397107
LogReg_miRNA,5,hp_mmu-mir-669d_st,-0.018379878061794322
LogReg_miRNA,5,hp_mmu-mir-676_st,-0.010431458744404893
LogReg_miRNA,5,hp_rno-mir-181a-2_st,-0.015629847518274367
LogReg_miRNA,5,hp_rno-mir-195_st,0.030075889162327604
LogReg_miRNA,5,hp_rno-mir-205_st,-0.014431644012472803
LogReg_miRNA,5,hp_rno-mir-27a_st,-0.027789431744391316
LogReg_miRNA,5,hp_rno-mir-300_st,-0.017554141122572926
LogReg_miRNA,5,hp_rno-mir-361_st,-0.01431658059514913
LogReg_miRNA,5,hp_rno-mir-423_st,-0.00809388685913685
LogReg_miRNA,5,hp_rno-mir-425_st,-0.018455214035089203
LogReg_miRNA,5,hp_rno-mir-615_st,-0.037242069715367386
LogReg_miRNA,5,hsa-let-7d_st,-0.024135000857153782
LogReg_miRNA,5,hsa-miR-106b-star_st,0.0043282916289266145
LogReg_miRNA,5,hsa-miR-1228-star_st,-0.025292025953213063
LogReg_miRNA,5,hsa-miR-1231_st,-0.03494773977477708
LogReg_miRNA,5,hsa-miR-126_st,0.00818957558565017
LogReg_miRNA,5,hsa-miR-127-3p_st,0.031948480772797126
LogReg_miRNA,5,hsa-miR-1287_st,-0.02543393956748773
LogReg_miRNA,5,hsa-miR-130b_st,0.0006002232886977458
LogReg_miRNA,5,hsa-miR-134_st,0.015427777686442438
LogReg_miRNA,5,hsa-miR-139-5p_st,0.013636564241486815
LogReg_miRNA,5,hsa-miR-140-3p_st,-0.012345182308715098
LogReg_miRNA,5,hsa-miR-1469_st,-0.0202183267164512
LogReg_miRNA,5,hsa-miR-146b-5p_st,0.0189266467890461
LogReg_miRNA,5,hsa-miR-152_st,0.015319401698882209
LogReg_miRNA,5,hsa-miR-181a-2-star_st,-0.03285961940110195
LogReg_miRNA,5,hsa-miR-181a_st,-0.028656138023644587
LogReg_miRNA,5,hsa-miR-181b_st,-0.009857435369954842
LogReg_miRNA,5,hsa-miR-1909-star_st,-0.029440113597705004
LogReg_miRNA,5,hsa-miR-1915_st,-0.015797314940188663
LogReg_miRNA,5,hsa-miR-191_st,-0.009857209692250922
LogReg_miRNA,5,hsa-miR-195_st,0.01682717950174307
LogReg_miRNA,5,hsa-miR-197_st,-0.03844646068687668
LogReg_miRNA,5,hsa-miR-19a_st,-0.003582316914527917
LogReg_miRNA,5,hsa-miR-19b_st,0.011459472603522737
LogReg_miRNA,5,hsa-miR-200c_st,0.0014485607321846998
LogReg_miRNA,5,hsa-miR-20a_st,0.02105265644186827
LogReg_miRNA,5,hsa-miR-21_st,0.013347016589851346
LogReg_miRNA,5,hsa-miR-221_st,-0.019385853950266162
LogReg_miRNA,5,hsa-miR-222_st,-0.021481307781900754
LogReg_miRNA,5,hsa-miR-23a-star_st,-0.024777367844358137
LogReg_miRNA,5,hsa-miR-24_st,0.010128362347600206
LogReg_miRNA,5,hsa-miR-25-star_st,-0.010702605879523094
LogReg_miRNA,5,hsa-miR-25_st,-0.02855828924314259
LogReg_miRNA,5,hsa-miR-27a-star_st,-0.03996891831852949
LogReg_miRNA,5,hsa-miR-2861_st,-0.011689293455331564
LogReg_miRNA,5,hsa-miR-29a_st,0.019676399790896398
LogReg_miRNA,5,hsa-miR-3124_st,0.015034401769206618
LogReg_miRNA,5,hsa-miR-3178_st,-0.02001751647100775
LogReg_miRNA,5,hsa-miR-3185_st,-0.02676644998676509
LogReg_miRNA,5,hsa-miR-3196_st,-0.021669823985592602
LogReg_miRNA,5,hsa-miR-3200_st,-0.018655114675506027
LogReg_miRNA,5,hsa-miR-324-3p_st,-0.03062931630655222
LogReg_miRNA,5,hsa-miR-345_st,-0.01065125870656646
LogReg_miRNA,5,hsa-miR-34a_st,0.014106860727407371
LogReg_miRNA,5,hsa-miR-361-5p_st,-0.031234713010165525
LogReg_miRNA,5,hsa-miR-370_st,0.014207223095172625
LogReg_miRNA,5,hsa-miR-376c_st,0.005257774511989571
LogReg_miRNA,5,hsa-miR-378_st,0.002962250544869733
LogReg_miRNA,5,hsa-miR-378c_st,-0.015178111195278818
LogReg_miRNA,5,hsa-miR-379_st,0.02294324400324851
LogReg_miRNA,5,hsa-miR-382_st,0.010151894033623862
LogReg_miRNA,5,hsa-miR-409-3p_st,0.020923702372912963
LogReg_miRNA,5,hsa-miR-411_st,0.022231965646664773
LogReg_miRNA,5,hsa-miR-423-3p_st,-0.007404725934527711
LogReg_miRNA,5,hsa-miR-4281_st,-0.02149556997652251
LogReg_miRNA,5,hsa-miR-4312_st,-0.007437911812864798
LogReg_miRNA,5,hsa-miR-432_st,0.00898886789475106
LogReg_miRNA,5,hsa-miR-433_st,0.006029603427531368
LogReg_miRNA,5,hsa-miR-485-5p_st,0.01417582329451016
LogReg_miRNA,5,hsa-miR-487b_st,0.01619446365094696
LogReg_miRNA,5,hsa-miR-494_st,0.017981076635641465
LogReg_miRNA,5,hsa-miR-495_st,0.0007734213769364519
LogReg_miRNA,5,hsa-miR-503_st,0.024802822290446676
LogReg_miRNA,5,hsa-miR-543_st,0.011663130830355459
LogReg_miRNA,5,hsa-miR-584_st,0.00056849805342604
LogReg_miRNA,5,hsa-miR-638_st,-0.010673833405432811
LogReg_miRNA,5,hsa-miR-663_st,-0.031462988799312
LogReg_miRNA,5,hsa-miR-664_st,-0.0011961852897685724
LogReg_miRNA,5,hsa-miR-744_st,-0.029873792272567975
LogReg_miRNA,5,hsa-miR-762_st,-0.015718027808555423
LogReg_miRNA,5,hsa-miR-766_st,-0.030112018878553522
LogReg_miRNA,5,hsa-miR-891b_st,-0.01213080725916068
LogReg_miRNA,5,hsa-miR-93_st,-0.0044470295791714486
LogReg_miRNA,5,hsv1-miR-H17_st,-0.004270179754856857
LogReg_miRNA,5,hsv2-miR-H5_st,-0.02753859066683605
LogReg_miRNA,5,hvt-miR-H2_st,-0.021108551924889585
LogReg_miRNA,5,lca-miR-19a_st,0.010239972729315108
LogReg_miRNA,5,lca-miR-19b_st,0.011953706662184921
LogReg_miRNA,5,lca-miR-20_st,0.01912879807693661
LogReg_miRNA,5,lgi-miR-1175_st,-0.009673066747837791
LogReg_miRNA,5,lla-miR-127_st,0.027972296128117285
LogReg_miRNA,5,lla-miR-181a_st,-0.02821222556056621
LogReg_miRNA,5,lla-miR-181b_st,-0.010408554099641075
LogReg_miRNA,5,lla-miR-18_st,0.03149175143266246
LogReg_miRNA,5,lla-miR-19a_st,0.007458147927796121
LogReg_miRNA,5,lla-miR-19b_st,0.007147737985345908
LogReg_miRNA,5,lla-miR-20_st,0.02331577619682969
LogReg_miRNA,5,lla-miR-25_st,-0.029296131494631904
LogReg_miRNA,5,lla-miR-29a_st,0.025491439786642787
LogReg_miRNA,5,lla-miR-34a_st,0.018842710379418193
LogReg_miRNA,5,mdo-let-7d_st,-0.03560462962928126
LogReg_miRNA,5,mdo-miR-106_st,0.02259606580716414
LogReg_miRNA,5,mdo-miR-146b_st,0.022250941316196038
LogReg_miRNA,5,mdo-miR-152_st,0.03267899925760318
LogReg_miRNA,5,mdo-miR-181a_st,-0.028915731361880356
LogReg_miRNA,5,mdo-miR-181b_st,-0.008876960598678488
LogReg_miRNA,5,mdo-miR-181c_st,-0.028754835378589458
LogReg_miRNA,5,mdo-miR-18_st,0.023500792996320956
LogReg_miRNA,5,mdo-miR-191_st,-0.012304437004788478
LogReg_miRNA,5,mdo-miR-195_st,0.003902653052382736
LogReg_miRNA,5,mdo-miR-19a_st,-0.005889851608450615
LogReg_miRNA,5,mdo-miR-19b_st,0.007437858831458935
LogReg_miRNA,5,mdo-miR-20_st,0.02117251391118957
LogReg_miRNA,5,mdo-miR-218_st,-0.006279015902800056
LogReg_miRNA,5,mdo-miR-21_st,0.010837878933346016
LogReg_miRNA,5,mdo-miR-221_st,-0.01600924406413048
LogReg_miRNA,5,mdo-miR-222a_st,-0.01469019750597515
LogReg_miRNA,5,mdo-miR-24_st,0.009982673720297916
LogReg_miRNA,5,mdo-miR-25_st,-0.02367325706016453
LogReg_miRNA,5,mdo-miR-34a_st,0.016333566250561624
LogReg_miRNA,5,mdo-miR-739_st,-0.024966288355035886
LogReg_miRNA,5,mdv1-miR-M4-star_st,-0.011465170365997581
LogReg_miRNA,5,mml-let-7d_st,-0.02069971020660641
LogReg_miRNA,5,mml-miR-1227_st,-0.015372771028916871
LogReg_miRNA,5,mml-miR-125a-3p_st,0.020887388773347993
LogReg_miRNA,5,mml-miR-126_st,0.007918005972004209
LogReg_miRNA,5,mml-miR-127_st,0.03027015896920053
LogReg_miRNA,5,mml-miR-128a_st,-0.03678968783397386
LogReg_miRNA,5,mml-miR-130b_st,0.002299840703331474
LogReg_miRNA,5,mml-miR-134_st,0.012677217474485936
LogReg_miRNA,5,mml-miR-140-3p_st,-0.010101580269285964
LogReg_miRNA,5,mml-miR-145_st,0.03215198965702655
LogReg_miRNA,5,mml-miR-146b-5p_st,0.02415566232100497
LogReg_miRNA,5,mml-miR-152_st,0.020325122057643436
LogReg_miRNA,5,mml-miR-181a-star_st,-0.02025800984397747
LogReg_miRNA,5,mml-miR-181a_st,-0.02801675463340949
LogReg_miRNA,5,mml-miR-181b_st,-0.008025483057317451
LogReg_miRNA,5,mml-miR-18_st,0.03615479027058589
LogReg_miRNA,5,mml-miR-18b_st,0.018759786392257186
LogReg_miRNA,5,mml-miR-191_st,-0.010789186157937239
LogReg_miRNA,5,mml-miR-195_st,0.021305161909043246
LogReg_miRNA,5,mml-miR-199a-3p_st,-0.0031225057835607374
LogReg_miRNA,5,mml-miR-19a_st,0.0009034190002645587
LogReg_miRNA,5,mml-miR-19b_st,0.007667886555703688
LogReg_miRNA,5,mml-miR-204_st,-0.03058215919751515
LogReg_miRNA,5,mml-miR-20a_st,0.02064316934266073
LogReg_miRNA,5,mml-miR-21_st,0.0228164920507317
LogReg_miRNA,5,mml-miR-221_st,-0.01888087635590303
LogReg_miRNA,5,mml-miR-222_st,-0.0250782403123624
LogReg_miRNA,5,mml-miR-22_st,0.008509791605256344
LogReg_miRNA,5,mml-miR-25_st,-0.02907061468132545
LogReg_miRNA,5,mml-miR-29a_st,0.025293736421423647
LogReg_miRNA,5,mml-miR-29c_st,0.01062287445806021
LogReg_miRNA,5,mml-miR-324-3p_st,-0.02289996754949018
LogReg_miRNA,5,mml-miR-335_st,0.012939147606272865
LogReg_miRNA,5,mml-miR-34a_st,0.011518846312264084
LogReg_miRNA,5,mml-miR-361-5p_st,-0.03244761369454754
LogReg_miRNA,5,mml-miR-374b_st,0.003998572069349919
LogReg_miRNA,5,mml-miR-376c_st,0.0034019348761597902
LogReg_miRNA,5,mml-miR-379_st,0.021022949845835352
LogReg_miRNA,5,mml-miR-382_st,0.008596801480411241
LogReg_miRNA,5,mml-miR-409-3p_st,0.017908672705981156
LogReg_miRNA,5,mml-miR-423-3p_st,-0.023719323930349537
LogReg_miRNA,5,mml-miR-432_st,0.01826575486173818
LogReg_miRNA,5,mml-miR-433_st,0.0023663194927188366
LogReg_miRNA,5,mml-miR-450b-3p_st,-0.012984120013750293
LogReg_miRNA,5,mml-miR-451_st,0.014515803362354578
LogReg_miRNA,5,mml-miR-485-5p_st,0.004873836459621555
LogReg_miRNA,5,mml-miR-487b_st,0.020599100367401896
LogReg_miRNA,5,mml-miR-494_st,0.013262752245990737
LogReg_miRNA,5,mml-miR-495_st,0.0010351273715502492
LogReg_miRNA,5,mml-miR-503_st,0.01905893177529101
LogReg_miRNA,5,mml-miR-518f_st,-0.019898368043897007
LogReg_miRNA,5,mml-miR-543_st,0.009288340900093525
LogReg_miRNA,5,mml-miR-548a_st,0.0178307337128673
LogReg_miRNA,5,mml-miR-548c_st,0.013293950037626597
LogReg_miRNA,5,mml-miR-638_st,-0.015794098164121216
LogReg_miRNA,5,mml-miR-663_st,-0.03261642482801899
LogReg_miRNA,5,mml-miR-762_st,-0.017865383946430502
LogReg_miRNA,5,mmu-let-7d_st,-0.02226715146832514
LogReg_miRNA,5,mmu-miR-106b-star_st,0.007005939461185724
LogReg_miRNA,5,mmu-miR-125a-3p_st,0.01860445408867865
LogReg_miRNA,5,mmu-miR-126-3p_st,0.00609115769753667
LogReg_miRNA,5,mmu-miR-127_st,0.029766082333358562
LogReg_miRNA,5,mmu-miR-130b_st,0.0040305241031959715
LogReg_miRNA,5,mmu-miR-134_st,0.020040413129421078
LogReg_miRNA,5,mmu-miR-140-star_st,-0.008043636788230946
LogReg_miRNA,5,mmu-miR-146b_st,0.024846856879111305
LogReg_miRNA,5,mmu-miR-152_st,0.025637587920214252
LogReg_miRNA,5,mmu-miR-155_st,0.02424180261939723
LogReg_miRNA,5,mmu-miR-181a-1-star_st,-0.020715480287683583
LogReg_miRNA,5,mmu-miR-181a_st,-0.028963702728052942
LogReg_miRNA,5,mmu-miR-181b_st,-0.008367263608843226
LogReg_miRNA,5,mmu-miR-18a-star_st,0.014808529464650137
LogReg_miRNA,5,mmu-miR-191_st,-0.012434821382747745
LogReg_miRNA,5,mmu-miR-1937a_st,0.002345404144024575
LogReg_miRNA,5,mmu-miR-1937b_st,0.003375871681952206
LogReg_miRNA,5,mmu-miR-195_st,0.017709976484650503
LogReg_miRNA,5,mmu-miR-199a-3p_st,0.0063866759300488865
LogReg_miRNA,5,mmu-miR-199b_st,0.0023084745284397746
LogReg_miRNA,5,mmu-miR-19b_st,0.010277269784600408
LogReg_miRNA,5,mmu-miR-20a_st,0.022153455920742783
LogReg_miRNA,5,mmu-miR-2132_st,-0.023096085327460814
LogReg_miRNA,5,mmu-miR-2133_st,-0.02308281733712807
LogReg_miRNA,5,mmu-miR-2137_st,-0.019923003401583927
LogReg_miRNA,5,mmu-miR-21_st,0.025121502742104212
LogReg_miRNA,5,mmu-miR-221_st,-0.018522634852815405
LogReg_miRNA,5,mmu-miR-222_st,-0.024083115248498082
LogReg_miRNA,5,mmu-miR-25_st,-0.03458024827515937
LogReg_miRNA,5,mmu-miR-27a-star_st,-0.03304848051873328
LogReg_miRNA,5,mmu-miR-2861_st,-0.013140151711143265
LogReg_miRNA,5,mmu-miR-29a_st,0.012843317067914113
LogReg_miRNA,5,mmu-miR-29c_st,0.014491725279526576
LogReg_miRNA,5,mmu-miR-3470a_st,-0.019944880483747554
LogReg_miRNA,5,mmu-miR-34a_st,0.013387919618689712
LogReg_miRNA,5,mmu-miR-361_st,-0.026607115621565442
LogReg_miRNA,5,mmu-miR-378_st,0.0019236154498785416
LogReg_miRNA,5,mmu-miR-379_st,0.017999810831848866
LogReg_miRNA,5,mmu-miR-382_st,0.013871262944840207
LogReg_miRNA,5,mmu-miR-409-3p_st,0.019695165407486386
LogReg_miRNA,5,mmu-miR-423-3p_st,-0.015593858922868976
LogReg_miRNA,5,mmu-miR-433_st,0.01837285879755207
LogReg_miRNA,5,mmu-miR-485_st,0.012312922601579011
LogReg_miRNA,5,mmu-miR-487b_st,0.015967749377161722
LogReg_miRNA,5,mmu-miR-494_st,0.013342071385038231
LogReg_miRNA,5,mmu-miR-495_st,0.005074949660947139
LogReg_miRNA,5,mmu-miR-543_st,0.01398547233788418
LogReg_miRNA,5,mmu-miR-687_st,-0.03173641474927056
LogReg_miRNA,5,mmu-miR-744_st,-0.026440303585455578
LogReg_miRNA,5,mmu-miR-762_st,-0.0245356831361889
LogReg_miRNA,5,mmu-miR-93_st,-0.006649992838587847
LogReg_miRNA,5,mne-miR-127_st,0.021270775055801147
LogReg_miRNA,5,mne-miR-134_st,0.02954158114040399
LogReg_miRNA,5,mne-miR-145_st,0.03200790925777328
LogReg_miRNA,5,mne-miR-181a_st,-0.02980501483975211
LogReg_miRNA,5,mne-miR-181b_st,-0.009928058949029595
LogReg_miRNA,5,mne-miR-19a_st,0.001975795188452007
LogReg_miRNA,5,mne-miR-19b_st,0.011983121643103466
LogReg_miRNA,5,mne-miR-20_st,0.02199502581983319
LogReg_miRNA,5,mne-miR-21_st,0.008134303138710476
LogReg_miRNA,5,mne-miR-25_st,-0.036809929825515134
LogReg_miRNA,5,mne-miR-29a_st,0.0205367128389169
LogReg_miRNA,5,mne-miR-34a_st,0.009193051784911697
LogReg_miRNA,5,mtr-miR166g_st,0.020252785513218765
LogReg_miRNA,5,mtr-miR2618a_st,-0.013256709568885992
LogReg_miRNA,5,mtr-miR2675a_st,0.01259634653589668
LogReg_miRNA,5,mtr-miR2675b_st,0.0009823433742545268
LogReg_miRNA,5,mtr-miR395l_st,-0.030332171923223395
LogReg_miRNA,5,nve-miR-2044_st,0.03682854904792818
LogReg_miRNA,5,oan-let-7d_st,-0.02483902287122985
LogReg_miRNA,5,oan-let-7e_st,0.012993506802988176
LogReg_miRNA,5,oan-miR-101_st,-0.0013611522253032548
LogReg_miRNA,5,oan-miR-106_st,0.019197838837829186
LogReg_miRNA,5,oan-miR-126_st,0.008172822605956215
LogReg_miRNA,5,oan-miR-130c-star_st,-0.016866030978067992
LogReg_miRNA,5,oan-miR-1346_st,-0.005397385150384246
LogReg_miRNA,5,oan-miR-1394_st,-0.03202748982668369
LogReg_miRNA,5,oan-miR-140_st,-0.012321742961462519
LogReg_miRNA,5,oan-miR-1420f_st,-0.02104779653606225
LogReg_miRNA,5,oan-miR-1420g-star_st,-0.025291601771366537
LogReg_miRNA,5,oan-miR-1421i-1-star_st,-0.020997449633155564
LogReg_miRNA,5,oan-miR-1421i_st,-0.006841904758775454
LogReg_miRNA,5,oan-miR-1421y_st,-0.0024090883854592424
LogReg_miRNA,5,oan-miR-146a-star_st,-0.009196399556931677
LogReg_miRNA,5,oan-miR-146b_st,0.026482326366560394
LogReg_miRNA,5,oan-miR-181a-star_st,-0.018592880926562694
LogReg_miRNA,5,oan-miR-181a_st,-0.02944893370962417
LogReg_miRNA,5,oan-miR-181b_st,-0.011861373556616383
LogReg_miRNA,5,oan-miR-181c_st,-0.017407876258427855
LogReg_miRNA,5,oan-miR-18_st,0.013334405176092643
LogReg_miRNA,5,oan-miR-191_st,-0.01466163526870852
LogReg_miRNA,5,oan-miR-199_st,0.006801799782874865
LogReg_miRNA,5,oan-miR-19a_st,0.004024055266700034
LogReg_miRNA,5,oan-miR-19b_st,0.008901552567419499
LogReg_miRNA,5,oan-miR-20a_st,0.003687443584474121
LogReg_miRNA,5,oan-miR-21_st,0.01885228494519828
LogReg_miRNA,5,oan-miR-221_st,-0.019273130808722103
LogReg_miRNA,5,oan-miR-222a_st,-0.023195505905823668
LogReg_miRNA,5,oan-miR-223_st,0.006728336727969971
LogReg_miRNA,5,oan-miR-29a_st,0.0009721188840362757
LogReg_miRNA,5,oan-miR-551-star_st,-0.02082649318799419
LogReg_miRNA,5,oan-miR-92b_st,0.005320316616230374
LogReg_miRNA,5,oar-miR-127_st,0.028319245255183957
LogReg_miRNA,5,oar-miR-432_st,0.010117039837532163
LogReg_miRNA,5,odi-miR-124a_st,0.00117026786522336
LogReg_miRNA,5,odi-miR-1472_st,-0.015452940579134185
LogReg_miRNA,5,odi-miR-1485_st,0.0276707200480906
LogReg_miRNA,5,odi-miR-92a_st,0.008627116925200481
LogReg_miRNA,5,osa-miR1878_st,-0.005568643365281252
LogReg_miRNA,5,osa-miR2096-3p_st,-0.01974172964771789
LogReg_miRNA,5,osa-miR445e_st,-0.017859393092707967
LogReg_miRNA,5,peu-miR2911_st,-0.02371004286944503
LogReg_miRNA,5,ppa-miR-134_st,0.028412367840814672
LogReg_miRNA,5,ppa-miR-147_st,-0.025475588132305497
LogReg_miRNA,5,ppa-miR-181a-star_st,-0.023334211512938623
LogReg_miRNA,5,ppa-miR-181a_st,-0.02765781621526462
LogReg_miRNA,5,ppa-miR-181b_st,-0.01221786012953304
LogReg_miRNA,5,ppa-miR-18_st,0.022192139832686288
LogReg_miRNA,5,ppa-miR-195_st,0.018608017617826114
LogReg_miRNA,5,ppa-miR-19a_st,0.006586121728618636
LogReg_miRNA,5,ppa-miR-19b_st,0.007567593739515463
LogReg_miRNA,5,ppa-miR-20_st,0.019529503731361662
LogReg_miRNA,5,ppa-miR-21_st,0.02476509746935836
LogReg_miRNA,5,ppa-miR-221_st,-0.014862657159918023
LogReg_miRNA,5,ppa-miR-22_st,0.0059052733590724505
LogReg_miRNA,5,ppa-miR-24_st,0.00785704915917812
LogReg_miRNA,5,ppa-miR-25_st,-0.024587586807955943
LogReg_miRNA,5,ppa-miR-29a_st,0.029874310178043515
LogReg_miRNA,5,ppa-miR-30a-5p_st,0.011501011317440003
LogReg_miRNA,5,ppa-miR-34a_st,0.016238128248187208
LogReg_miRNA,5,ppc-miR-2248_st,-0.021973899308063958
LogReg_miRNA,5,ppt-miR1033c_st,0.020330212027605658
LogReg_miRNA,5,ppt-miR1033e_st,0.0177324914163617
LogReg_miRNA,5,ppt-miR1044-5p_st,-0.022922764737466458
LogReg_miRNA,5,ppt-miR1064-5p_st,0.03546470674463472
LogReg_miRNA,5,ppt-miR1077-5p_st,-0.016387069555653087
LogReg_miRNA,5,ppt-miR160b_st,-0.015221634882170968
LogReg_miRNA,5,ppy-let-7d_st,-0.02477343548369166
LogReg_miRNA,5,ppy-miR-126_st,0.004965502879308725
LogReg_miRNA,5,ppy-miR-1275_st,-0.010458335095412483
LogReg_miRNA,5,ppy-miR-127_st,0.026487921185123605
LogReg_miRNA,5,ppy-miR-130b_st,0.002782483487686772
LogReg_miRNA,5,ppy-miR-134_st,0.017708437551199684
LogReg_miRNA,5,ppy-miR-140-3p_st,-0.010323994574515383
LogReg_miRNA,5,ppy-miR-1469_st,-0.021907198551034478
LogReg_miRNA,5,ppy-miR-146b-5p_st,0.026982180391590338
LogReg_miRNA,5,ppy-miR-181a_st,-0.028461238630216983
LogReg_miRNA,5,ppy-miR-181b_st,-0.007307613146845391
LogReg_miRNA,5,ppy-miR-181c_st,-0.006433825858783566
LogReg_miRNA,5,ppy-miR-18_st,0.021605666848816173
LogReg_miRNA,5,ppy-miR-18b_st,0.01657954578025801
LogReg_miRNA,5,ppy-miR-1915_st,-0.017618976134949563
LogReg_miRNA,5,ppy-miR-191_st,-0.011038920138998569
LogReg_miRNA,5,ppy-miR-195_st,0.02188081312788919
LogReg_miRNA,5,ppy-miR-19a_st,0.010459731079875008
LogReg_miRNA,5,ppy-miR-19b_st,0.006292568182359105
LogReg_miRNA,5,ppy-miR-205_st,-0.008127788847376697
LogReg_miRNA,5,ppy-miR-20_st,0.023245124717645196
LogReg_miRNA,5,ppy-miR-21_st,0.021959206594575523
LogReg_miRNA,5,ppy-miR-221_st,-0.017702522562030025
LogReg_miRNA,5,ppy-miR-222_st,-0.022829003835110585
LogReg_miRNA,5,ppy-miR-223_st,0.00535809900834294
LogReg_miRNA,5,ppy-miR-25_st,-0.03366972592487531
LogReg_miRNA,5,ppy-miR-29a_st,0.021262761859591556
LogReg_miRNA,5,ppy-miR-29c_st,0.0049306821786048415
LogReg_miRNA,5,ppy-miR-324-3p_st,-0.0403449099166703
LogReg_miRNA,5,ppy-miR-345_st,-0.008490268765870286
LogReg_miRNA,5,ppy-miR-34a_st,0.010405972956277394
LogReg_miRNA,5,ppy-miR-361-5p_st,-0.03178437962853499
LogReg_miRNA,5,ppy-miR-369-3p_st,-0.033851223084170545
LogReg_miRNA,5,ppy-miR-370_st,0.011878079559774395
LogReg_miRNA,5,ppy-miR-376c_st,0.008118955285472875
LogReg_miRNA,5,ppy-miR-379_st,0.02538464799206624
LogReg_miRNA,5,ppy-miR-382_st,0.007841832074068966
LogReg_miRNA,5,ppy-miR-384_st,-0.019637382867690793
LogReg_miRNA,5,ppy-miR-409-3p_st,0.014074825667836742
LogReg_miRNA,5,ppy-miR-423-3p_st,-0.019278077583567955
LogReg_miRNA,5,ppy-miR-432_st,0.020011321048516162
LogReg_miRNA,5,ppy-miR-485-5p_st,0.006660333871579707
LogReg_miRNA,5,ppy-miR-487b_st,0.009632557014406842
LogReg_miRNA,5,ppy-miR-493_st,0.01189046531310805
LogReg_miRNA,5,ppy-miR-494_st,0.02118077376463242
LogReg_miRNA,5,ppy-miR-495_st,0.021386165539323553
LogReg_miRNA,5,ppy-miR-503_st,0.03511889038154417
LogReg_miRNA,5,ppy-miR-543_st,0.009141992740699684
LogReg_miRNA,5,ppy-miR-584_st,0.007413203099528863
LogReg_miRNA,5,ppy-miR-638_st,-0.014604066504362698
LogReg_miRNA,5,ppy-miR-654-3p_st,-0.0012031001178443596
LogReg_miRNA,5,ppy-miR-744_st,-0.026905950111450926
LogReg_miRNA,5,ppy-miR-766_st,-0.006084668396728892
LogReg_miRNA,5,pta-miR1316_st,-0.00962206358283427
LogReg_miRNA,5,pta-miR951_st,-0.013501817252169902
LogReg_miRNA,5,ptc-miR171d_st,-0.04300613143464389
LogReg_miRNA,5,ptc-miR480a_st,-0.0012332655248011141
LogReg_miRNA,5,ptr-let-7d_st,-0.025891042841637502
LogReg_miRNA,5,ptr-miR-125a_st,0.020104727617072528
LogReg_miRNA,5,ptr-miR-126_st,0.010041067082079544
LogReg_miRNA,5,ptr-miR-1275_st,-0.009385777611004224
LogReg_miRNA,5,ptr-miR-127_st,0.026687994581894404
LogReg_miRNA,5,ptr-miR-134_st,0.00946896894950865
LogReg_miRNA,5,ptr-miR-146b_st,0.024406043055421663
LogReg_miRNA,5,ptr-miR-152_st,0.012891037514520694
LogReg_miRNA,5,ptr-miR-181a_st,-0.027158261763153852
LogReg_miRNA,5,ptr-miR-181b_st,-0.007231459344761645
LogReg_miRNA,5,ptr-miR-191_st,-0.009860195451362614
LogReg_miRNA,5,ptr-miR-195_st,0.016616339321509337
LogReg_miRNA,5,ptr-miR-199b_st,-0.0013433412703377189
LogReg_miRNA,5,ptr-miR-19a_st,0.008416370499241368
LogReg_miRNA,5,ptr-miR-19b_st,0.009338877903422912
LogReg_miRNA,5,ptr-miR-20a_st,0.02291803428592827
LogReg_miRNA,5,ptr-miR-21_st,0.021545528714359222
LogReg_miRNA,5,ptr-miR-221_st,-0.013188690786987603
LogReg_miRNA,5,ptr-miR-24_st,0.01053061327889209
LogReg_miRNA,5,ptr-miR-29a_st,0.02559214615893678
LogReg_miRNA,5,ptr-miR-29c_st,0.01876964183414242
LogReg_miRNA,5,ptr-miR-323_st,-0.030126933456918834
LogReg_miRNA,5,ptr-miR-324_st,-0.03747935577113665
LogReg_miRNA,5,ptr-miR-335_st,0.011743318590991729
LogReg_miRNA,5,ptr-miR-345_st,-0.008350761361317733
LogReg_miRNA,5,ptr-miR-34a_st,0.009924057154183444
LogReg_miRNA,5,ptr-miR-376c_st,-0.0029069012865225352
LogReg_miRNA,5,ptr-miR-378_st,0.0036656982490478277
LogReg_miRNA,5,ptr-miR-379_st,0.012929285061767676
LogReg_miRNA,5,ptr-miR-382_st,0.02378656022440879
LogReg_miRNA,5,ptr-miR-409_st,0.0095771758012463
LogReg_miRNA,5,ptr-miR-423_st,-0.021472361576185664
LogReg_miRNA,5,ptr-miR-432_st,0.020884080102483504
LogReg_miRNA,5,ptr-miR-487b_st,0.015360864447348887
LogReg_miRNA,5,ptr-miR-494_st,0.028493089763927556
LogReg_miRNA,5,ptr-miR-495_st,0.005752177868889525
LogReg_miRNA,5,ptr-miR-502_st,-0.014416967938886024
LogReg_miRNA,5,ptr-miR-503_st,0.027162338895584046
LogReg_miRNA,5,ptr-miR-543_st,0.016413444304980512
LogReg_miRNA,5,ptr-miR-548a_st,0.007836826638450055
LogReg_miRNA,5,ptr-miR-626_st,-0.02003209712134504
LogReg_miRNA,5,ptr-miR-660_st,-0.002170311200789816
LogReg_miRNA,5,ptr-miR-663a_st,-0.031310830764463705
LogReg_miRNA,5,ptr-miR-744_st,-0.029919586073265454
LogReg_miRNA,5,ptr-miR-762_st,-0.01645373475012258
LogReg_miRNA,5,ptr-miR-766_st,-0.023816257803621937
LogReg_miRNA,5,ptr-miR-920_st,-0.012044715523071924
LogReg_miRNA,5,pvu-miR482_st,-0.03093880327568914
LogReg_miRNA,5,rco-miR395b_st,-0.021861439493398183
LogReg_miRNA,5,rco-miR395d_st,0.02287049608839955
LogReg_miRNA,5,rno-let-7d_st,-0.0216938733312848
LogReg_miRNA,5,rno-miR-106b-star_st,-0.008101088965980963
LogReg_miRNA,5,rno-miR-122_st,-0.022092777041212434
LogReg_miRNA,5,rno-miR-124_st,0.009806417809621396
LogReg_miRNA,5,rno-miR-126_st,0.005061235466647537
LogReg_miRNA,5,rno-miR-127_st,0.025888680552194746
LogReg_miRNA,5,rno-miR-130b_st,0.002431142142141579
LogReg_miRNA,5,rno-miR-134_st,0.020279183484646933
LogReg_miRNA,5,rno-miR-140-star_st,-0.005056283418529935
LogReg_miRNA,5,rno-miR-146b_st,0.03132504188645063
LogReg_miRNA,5,rno-miR-152_st,0.00976790750689073
LogReg_miRNA,5,rno-miR-154_st,0.008796610334222198
LogReg_miRNA,5,rno-miR-181a_st,-0.029928275350502763
LogReg_miRNA,5,rno-miR-181b_st,-0.008768582177044426
LogReg_miRNA,5,rno-miR-191_st,-0.010747577846327934
LogReg_miRNA,5,rno-miR-195_st,0.026570076314572512
LogReg_miRNA,5,rno-miR-199a-3p_st,0.003678890704918931
LogReg_miRNA,5,rno-miR-19a_st,0.004890624243369616
LogReg_miRNA,5,rno-miR-19b_st,0.009220354518597243
LogReg_miRNA,5,rno-miR-20a_st,0.020923810706715177
LogReg_miRNA,5,rno-miR-21_st,0.024471019675937934
LogReg_miRNA,5,rno-miR-221_st,-0.018117761587841334
LogReg_miRNA,5,rno-miR-222_st,-0.024844698310735554
LogReg_miRNA,5,rno-miR-223_st,0.004533510371231124
LogReg_miRNA,5,rno-miR-23a-star_st,-0.027455844199683947
LogReg_miRNA,5,rno-miR-25_st,-0.03119667541029761
LogReg_miRNA,5,rno-miR-27a-star_st,-0.03278135890315642
LogReg_miRNA,5,rno-miR-29a_st,0.028718970945754527
LogReg_miRNA,5,rno-miR-29c_st,0.007354690095880923
LogReg_miRNA,5,rno-miR-324-3p_st,-0.02996188736737421
LogReg_miRNA,5,rno-miR-34a_st,0.013705348991679397
LogReg_miRNA,5,rno-miR-350_st,-0.013539151759212846
LogReg_miRNA,5,rno-miR-361_st,-0.02894050242993112
LogReg_miRNA,5,rno-miR-370_st,0.010359354266556015
LogReg_miRNA,5,rno-miR-378_st,0.0010306243108654895
LogReg_miRNA,5,rno-miR-379_st,0.023221696161037836
LogReg_miRNA,5,rno-miR-382_st,0.015259115642806527
LogReg_miRNA,5,rno-miR-409-3p_st,0.007322962527417576
LogReg_miRNA,5,rno-miR-423_st,-0.01257883726910713
LogReg_miRNA,5,rno-miR-433_st,0.016279948746412268
LogReg_miRNA,5,rno-miR-451_st,0.020541981767042083
LogReg_miRNA,5,rno-miR-485_st,0.0286375754603428
LogReg_miRNA,5,rno-miR-487b_st,0.014580034696707019
LogReg_miRNA,5,rno-miR-493_st,0.009376232218678903
LogReg_miRNA,5,rno-miR-494_st,0.0163176851395053
LogReg_miRNA,5,rno-miR-495_st,0.014113878799560414
LogReg_miRNA,5,rno-miR-503_st,0.007487912583999791
LogReg_miRNA,5,rno-miR-551b_st,-0.02786934076571738
LogReg_miRNA,5,rno-miR-93_st,-0.002579079991548018
LogReg_miRNA,5,rrv-miR-rR1-4_st,-0.01789912053745518
LogReg_miRNA,5,sja-miR-190-5p_st,-0.021186508171199055
LogReg_miRNA,5,sja-miR-31-5p_st,0.019076684821844055
LogReg_miRNA,5,sja-miR-36-3p_st,-0.03488959768573757
LogReg_miRNA,5,sko-miR-92c_st,0.004786440408201292
LogReg_miRNA,5,sla-miR-127_st,0.037808870201809425
LogReg_miRNA,5,sla-miR-128_st,-0.024825230867051403
LogReg_miRNA,5,sla-miR-181a_st,-0.029247582637304287
LogReg_miRNA,5,sla-miR-18_st,0.02560941386757858
LogReg_miRNA,5,sla-miR-19a_st,0.005621363629301343
LogReg_miRNA,5,sla-miR-19b_st,0.008762012939812481
LogReg_miRNA,5,sla-miR-20_st,0.022496601062664615
LogReg_miRNA,5,sla-miR-29a_st,0.023420244780443848
LogReg_miRNA,5,sla-miR-34a_st,0.010480845584564559
LogReg_miRNA,5,sme-miR-124d_st,0.01788056778125288
LogReg_miRNA,5,sme-miR-1b-star_st,0.015661344600166723
LogReg_miRNA,5,sme-miR-277a_st,-0.015779503898897124
LogReg_miRNA,5,sme-miR-31a_st,0.025581977879414877
LogReg_miRNA,5,sme-miR-750-3p_st,-0.013808736942775717
LogReg_miRNA,5,sme-miR-751_st,-0.019910185212844937
LogReg_miRNA,5,sme-miR-753b-3p_st,-0.02167321319219968
LogReg_miRNA,5,spike_in-control-31_st,-0.023681251009167053
LogReg_miRNA,5,spu-miR-137_st,0.0030196234190624097
LogReg_miRNA,5,spu-miR-92c_st,0.00815298550866975
LogReg_miRNA,5,ssc-miR-127_st,0.03508362529798917
LogReg_miRNA,5,ssc-miR-130b_st,0.002893413554803034
LogReg_miRNA,5,ssc-miR-140-star_st,-0.0038206280098188987
LogReg_miRNA,5,ssc-miR-146b_st,0.019406637540300618
LogReg_miRNA,5,ssc-miR-152_st,0.011242696362201729
LogReg_miRNA,5,ssc-miR-181a_st,-0.027230120100729043
LogReg_miRNA,5,ssc-miR-181b_st,-0.008750103152650474
LogReg_miRNA,5,ssc-miR-18_st,0.02046382792948566
LogReg_miRNA,5,ssc-miR-191_st,-0.010508611831985084
LogReg_miRNA,5,ssc-miR-192_st,0.00694831587955223
LogReg_miRNA,5,ssc-miR-195_st,0.012091816771279592
LogReg_miRNA,5,ssc-miR-199b-star_st,0.002590162418434939
LogReg_miRNA,5,ssc-miR-19a_st,0.004497520433546417
LogReg_miRNA,5,ssc-miR-19b_st,0.009934676265032276
LogReg_miRNA,5,ssc-miR-20_st,0.024302490333717133
LogReg_miRNA,5,ssc-miR-21_st,0.018889763215668893
LogReg_miRNA,5,ssc-miR-221_st,-0.018463283447727755
LogReg_miRNA,5,ssc-miR-222_st,-0.011871528289246133
LogReg_miRNA,5,ssc-miR-24_st,0.010421197900918111
LogReg_miRNA,5,ssc-miR-29a_st,0.027256516117383122
LogReg_miRNA,5,ssc-miR-30e-3p_st,0.008426608102284391
LogReg_miRNA,5,ssc-miR-361-5p_st,-0.03170433165472992
LogReg_miRNA,5,ssc-miR-378_st,0.003166187661046111
LogReg_miRNA,5,ssc-miR-423-3p_st,-0.009535239295386244
LogReg_miRNA,5,ssc-miR-432_st,0.006089760580126222
LogReg_miRNA,5,ssc-miR-486_st,0.03248013154323598
LogReg_miRNA,5,ssc-miR-744_st,-0.02675364692974769
LogReg_miRNA,5,tae-miR1125_st,-0.01862485822585301
LogReg_miRNA,5,tae-miR1130_st,-0.012499930623816878
LogReg_miRNA,5,tca-miR-92b_st,0.006988366325246407
LogReg_miRNA,5,tgu-let-7d_st,-0.024643775243858582
LogReg_miRNA,5,tgu-let-7e_st,0.0009212406223274174
LogReg_miRNA,5,tgu-miR-126_st,0.008651643661496995
LogReg_miRNA,5,tgu-miR-128_st,-0.04364264375249568
LogReg_miRNA,5,tgu-miR-140-star_st,-0.01693807315408345
LogReg_miRNA,5,tgu-miR-146b_st,0.0156840994026205
LogReg_miRNA,5,tgu-miR-181a_st,-0.02964404739737452
LogReg_miRNA,5,tgu-miR-181b_st,-0.009339599875093403
LogReg_miRNA,5,tgu-miR-18b_st,0.014927291273620635
LogReg_miRNA,5,tgu-miR-199-3p_st,0.004270711117972882
LogReg_miRNA,5,tgu-miR-19b_st,0.010442176905081054
LogReg_miRNA,5,tgu-miR-20a_st,0.021757339113013086
LogReg_miRNA,5,tgu-miR-21_st,0.008625342072654366
LogReg_miRNA,5,tgu-miR-221_st,-0.016758695293130395
LogReg_miRNA,5,tgu-miR-222_st,-0.015401722411552703
LogReg_miRNA,5,tgu-miR-24_st,0.011002524470752612
LogReg_miRNA,5,tgu-miR-2961_st,-0.01610017863670008
LogReg_miRNA,5,tgu-miR-2966_st,-0.020760487795723856
LogReg_miRNA,5,tgu-miR-2974_st,-0.017134980646892777
LogReg_miRNA,5,tgu-miR-2975_st,0.03435446604188202
LogReg_miRNA,5,tgu-miR-2976_st,-0.008119363733330682
LogReg_miRNA,5,tgu-miR-2981_st,-0.017716403062659418
LogReg_miRNA,5,tgu-miR-2985_st,-0.010513249636011449
LogReg_miRNA,5,tgu-miR-29a_st,0.004058443605895908
LogReg_miRNA,5,tgu-miR-34a_st,0.020921232653417086
LogReg_miRNA,5,tgu-miR-551_st,-0.03676113495375392
LogReg_miRNA,5,tni-miR-128_st,-0.03132171942253716
LogReg_miRNA,5,tni-miR-130_st,0.009435982027398239
LogReg_miRNA,5,tni-miR-181a_st,-0.027785115147661982
LogReg_miRNA,5,tni-miR-181b_st,-0.010618523461477337
LogReg_miRNA,5,tni-miR-18_st,0.02589521989366291
LogReg_miRNA,5,tni-miR-19a_st,-0.00957588592497149
LogReg_miRNA,5,tni-miR-19b_st,0.01063074428456551
LogReg_miRNA,5,tni-miR-20_st,0.022625752974582223
LogReg_miRNA,5,tni-miR-221_st,-0.02148897506255914
LogReg_miRNA,5,tni-miR-222_st,-0.016671958784741963
LogReg_miRNA,5,tni-miR-24_st,0.011955084270534166
LogReg_miRNA,5,tni-miR-25_st,-0.03115529821754772
LogReg_miRNA,5,tni-miR-27e_st,0.01247476799713212
LogReg_miRNA,5,tni-miR-29a_st,0.004345251924882583
LogReg_miRNA,5,U55_st,-0.0003585036132081874
LogReg_miRNA,5,U78_x_st,0.022933248773069227
LogReg_miRNA,5,U95_st,-0.00536352044859423
LogReg_miRNA,5,U98b_x_st,-0.03143222247072971
LogReg_miRNA,5,U99_st,-0.009933818747335225
LogReg_miRNA,5,vvi-miR319e_st,-0.019881997866462726
LogReg_miRNA,5,xla-miR-19b_st,0.009131705245999837
LogReg_miRNA,5,xla-miR-24b_st,0.006748005808316584
LogReg_miRNA,5,xtr-miR-101a_st,0.009004375782219645
LogReg_miRNA,5,xtr-miR-106_st,0.023329479371147994
LogReg_miRNA,5,xtr-miR-128_st,-0.03458180377358788
LogReg_miRNA,5,xtr-miR-130b_st,0.0021806534827569137
LogReg_miRNA,5,xtr-miR-145_st,0.02846271235387192
LogReg_miRNA,5,xtr-miR-181a_st,-0.0276488064741974
LogReg_miRNA,5,xtr-miR-181b_st,-0.010828355029213064
LogReg_miRNA,5,xtr-miR-18a_st,0.02838366310603892
LogReg_miRNA,5,xtr-miR-18b_st,0.02141269071926651
LogReg_miRNA,5,xtr-miR-191_st,-0.012655704509029614
LogReg_miRNA,5,xtr-miR-19b_st,0.0045021908020875
LogReg_miRNA,5,xtr-miR-20a_st,0.020880347942974917
LogReg_miRNA,5,xtr-miR-221_st,-0.015342296400500697
LogReg_miRNA,5,xtr-miR-222_st,-0.015504619788650016
LogReg_miRNA,5,xtr-miR-24a_st,0.010518762590116096
LogReg_miRNA,5,xtr-miR-24b_st,0.005138017752490176
LogReg_miRNA,5,xtr-miR-25_st,-0.03831486143880693
LogReg_miRNA,5,xtr-miR-29a_st,0.002988533307106296
LogReg_miRNA,5,xtr-miR-34a_st,0.014739410522601576
LogReg_miRNA,5,xtr-miR-499_st,-0.0033524285167393702
LogReg_miRNA,5,xtr-miR-92b_st,0.00637526306404655
LogReg_miRNA,5,zma-miR166l-star_st,0.03566838650735202
LogReg_miRNA,5,zma-miR167b_st,-0.01101892918839701
LogReg_miRNA,5,zma-miR395k_st,-0.004733640241663179
RF_miRNA,1,14qII-14_st,0.003538039655817434
RF_miRNA,1,14qII-14_x_st,0.0018613155996050736
RF_miRNA,1,14qII-1_st,0.005838720217380631
RF_miRNA,1,14qII-1_x_st,0.013735469240711177
RF_miRNA,1,14qII-22_x_st,0.0024225210084033617
RF_miRNA,1,14qII-23_x_st,0.0019977156339437744
RF_miRNA,1,14qII-26_st,0.0034607650414102036
RF_miRNA,1,14qII-26_x_st,0.005842675577749811
RF_miRNA,1,14qII-28_x_st,0.0020917762466988476
RF_miRNA,1,14qII-3_st,0.001047615008783487
RF_miRNA,1,14qII-3_x_st,0.001734857142857143
RF_miRNA,1,age-miR-127_st,0.042331918483855695
RF_miRNA,1,age-miR-20_st,0.002112856522211361
RF_miRNA,1,age-miR-222_st,0.0008286234158466922
RF_miRNA,1,bta-miR-127_st,0.04629781779298547
RF_miRNA,1,bta-miR-146b_st,0.010913778043876736
RF_miRNA,1,bta-miR-181a_st,0.0010274462421392702
RF_miRNA,1,bta-miR-191_st,0.0005766336075599658
RF_miRNA,1,bta-miR-195_st,0.0004903865847414235
RF_miRNA,1,bta-miR-222_st,0.0006761628298130842
RF_miRNA,1,bta-miR-361_st,0.005716107777659271
RF_miRNA,1,bta-miR-379_st,0.03131006712449379
RF_miRNA,1,bta-miR-382_st,0.0
RF_miRNA,1,bta-miR-432_st,0.00013364055299539172
RF_miRNA,1,bta-miR-487b_st,0.003250820031155617
RF_miRNA,1,bta-miR-493_st,0.0002589285714285715
RF_miRNA,1,bta-miR-494_st,0.00038296650717703354
RF_miRNA,1,cbr-miR-235b_st,0.001590262877219399
RF_miRNA,1,cfa-miR-127_st,0.020583019541019123
RF_miRNA,1,cfa-miR-134_st,0.0033669354838709686
RF_miRNA,1,cfa-miR-140_st,0.000125972850678733
RF_miRNA,1,cfa-miR-146b_st,0.0032591050988553597
RF_miRNA,1,cfa-miR-152_st,0.0001351981351981353
RF_miRNA,1,cfa-miR-181a_st,0.00013797577854671278
RF_miRNA,1,cfa-miR-191_st,0.00027182795698924716
RF_miRNA,1,cfa-miR-195_st,0.001989631503736501
RF_miRNA,1,cfa-miR-19b_st,0.0
RF_miRNA,1,cfa-miR-222_st,0.0005425540232041782
RF_miRNA,1,cfa-miR-361_st,0.002305757441732674
RF_miRNA,1,cfa-miR-379_st,0.0020066743920733737
RF_miRNA,1,cfa-miR-432_st,0.0
RF_miRNA,1,cfa-miR-487b_st,0.01605521315840302
RF_miRNA,1,cin-miR-4020b-5p_st,0.0007868631770805685
RF_miRNA,1,cre-miR1144b_st,0.0
RF_miRNA,1,cre-miR1171_st,0.003610229853792501
RF_miRNA,1,dre-miR-140-star_st,0.0
RF_miRNA,1,dre-miR-181a_st,0.001227496090560607
RF_miRNA,1,dre-miR-222_st,0.005371362322224392
RF_miRNA,1,dsi-miR-999-star_st,0.0016506941431682501
RF_miRNA,1,eca-miR-127_st,0.017454625408655767
RF_miRNA,1,eca-miR-134_st,0.0034524223614405434
RF_miRNA,1,eca-miR-146b-5p_st,0.002208683106602196
RF_miRNA,1,eca-miR-181a_st,0.0009099575952968787
RF_miRNA,1,eca-miR-191_st,0.00025806451612903227
RF_miRNA,1,eca-miR-195_st,0.004942024287938268
RF_miRNA,1,eca-miR-19a_st,0.0005289071510957325
RF_miRNA,1,eca-miR-222_st,0.0013259974630998965
RF_miRNA,1,eca-miR-29a_st,0.0002685185185185186
RF_miRNA,1,eca-miR-29c_st,0.00010984848484848486
RF_miRNA,1,eca-miR-324-3p_st,0.00024091257858303307
RF_miRNA,1,eca-miR-361-5p_st,0.00013364055299539172
RF_miRNA,1,eca-miR-379_st,0.0034586632005986846
RF_miRNA,1,eca-miR-382_st,0.001507716049382716
RF_miRNA,1,eca-miR-409-3p_st,0.003359151122814718
RF_miRNA,1,eca-miR-432_st,0.00027424661360145227
RF_miRNA,1,eca-miR-487b_st,0.004836898720001061
RF_miRNA,1,fru-miR-181a_st,0.0008483020247726131
RF_miRNA,1,fru-miR-222_st,0.0
RF_miRNA,1,gga-miR-140-star_st,0.0005075268817204303
RF_miRNA,1,gga-miR-146b_st,0.004078426485934087
RF_miRNA,1,gga-miR-181a_st,0.0001333333333333333
RF_miRNA,1,gga-miR-21_st,0.0009045487020719217
RF_miRNA,1,gga-miR-222_st,0.0022706058870921864
RF_miRNA,1,ggo-miR-134_st,0.007726390056703848
RF_miRNA,1,ggo-miR-181a_st,0.0001341195513932246
RF_miRNA,1,ggo-miR-195_st,0.0006424053005817713
RF_miRNA,1,ggo-miR-20_st,0.003728365691265398
RF_miRNA,1,ggo-miR-25_st,0.0
RF_miRNA,1,hp_hsa-mir-425_st,0.0001837441837441837
RF_miRNA,1,hp_rno-mir-423_st,0.0012824242424242427
RF_miRNA,1,hp_rno-mir-425_st,0.0004081472410988868
RF_miRNA,1,hsa-miR-106b-star_st,0.0
RF_miRNA,1,hsa-miR-127-3p_st,0.03170609297520236
RF_miRNA,1,hsa-miR-134_st,0.00013425925925925923
RF_miRNA,1,hsa-miR-140-3p_st,0.0003931306218982629
RF_miRNA,1,hsa-miR-1469_st,0.0
RF_miRNA,1,hsa-miR-146b-5p_st,0.0030356130541315733
RF_miRNA,1,hsa-miR-181a_st,0.001512605042016807
RF_miRNA,1,hsa-miR-191_st,0.0008716090193859095
RF_miRNA,1,hsa-miR-195_st,0.0001837441837441837
RF_miRNA,1,hsa-miR-222_st,0.0008219877737524796
RF_miRNA,1,hsa-miR-23a-star_st,0.001510382536853125
RF_miRNA,1,hsa-miR-27a-star_st,0.004729399168816261
RF_miRNA,1,hsa-miR-29a_st,0.002495345874337572
RF_miRNA,1,hsa-miR-345_st,0.0003844553376906319
RF_miRNA,1,hsa-miR-361-5p_st,0.0035198206081361295
RF_miRNA,1,hsa-miR-379_st,0.0076213874734699805
RF_miRNA,1,hsa-miR-382_st,0.00036980073391363726
RF_miRNA,1,hsa-miR-409-3p_st,0.006456317743124051
RF_miRNA,1,hsa-miR-432_st,0.0
RF_miRNA,1,hsa-miR-485-5p_st,0.0020183863925799413
RF_miRNA,1,hsa-miR-487b_st,0.0016226206768142255
RF_miRNA,1,hsa-miR-503_st,0.003932454069442284
RF_miRNA,1,hsa-miR-663_st,0.0006143843193843196
RF_miRNA,1,lca-miR-20_st,0.0016233766233766235
RF_miRNA,1,lla-miR-127_st,0.023889799558242778
RF_miRNA,1,lla-miR-181a_st,0.00026206245315642235
RF_miRNA,1,lla-miR-20_st,0.0
RF_miRNA,1,lla-miR-29a_st,0.0005227347478580876
RF_miRNA,1,mdo-miR-146b_st,0.003930455844195441
RF_miRNA,1,mdo-miR-152_st,0.0
RF_miRNA,1,mdo-miR-181a_st,0.0002777042777042779
RF_miRNA,1,mdo-miR-181c_st,0.0009179793852132195
RF_miRNA,1,mdo-miR-191_st,0.0033357470802126087
RF_miRNA,1,mdo-miR-222a_st,0.0031016698036870254
RF_miRNA,1,mdo-miR-34a_st,0.0015683957062142967
RF_miRNA,1,mml-miR-127_st,0.04035170419304255
RF_miRNA,1,mml-miR-134_st,0.0047238930616587006
RF_miRNA,1,mml-miR-146b-5p_st,0.0010562265027607909
RF_miRNA,1,mml-miR-152_st,0.0022857841238836216
RF_miRNA,1,mml-miR-181a_st,0.0010431821170282711
RF_miRNA,1,mml-miR-191_st,0.0006500533283141979
RF_miRNA,1,mml-miR-195_st,0.006348832678071751
RF_miRNA,1,mml-miR-20a_st,0.002925508110166441
RF_miRNA,1,mml-miR-21_st,0.0
RF_miRNA,1,mml-miR-222_st,0.000373669467787115
RF_miRNA,1,mml-miR-29a_st,0.000514466456003889
RF_miRNA,1,mml-miR-361-5p_st,0.0005418248418248419
RF_miRNA,1,mml-miR-379_st,0.01233384839054646
RF_miRNA,1,mml-miR-382_st,0.0002685185185185186
RF_miRNA,1,mml-miR-409-3p_st,0.0021339839687194526
RF_miRNA,1,mml-miR-432_st,0.0007720229337307135
RF_miRNA,1,mml-miR-485-5p_st,6.459293394777259e-05
RF_miRNA,1,mml-miR-487b_st,0.014921767106675584
RF_miRNA,1,mml-miR-503_st,0.0007866873282914032
RF_miRNA,1,mml-miR-663_st,0.0002716849904537681
RF_miRNA,1,mmu-miR-127_st,0.025052710933374845
RF_miRNA,1,mmu-miR-134_st,0.0003955665024630544
RF_miRNA,1,mmu-miR-146b_st,0.003986197128153651
RF_miRNA,1,mmu-miR-152_st,0.0008100534600534601
RF_miRNA,1,mmu-miR-155_st,0.0002589285714285716
RF_miRNA,1,mmu-miR-181a_st,0.0010691664919612286
RF_miRNA,1,mmu-miR-191_st,0.0002775119617224881
RF_miRNA,1,mmu-miR-195_st,0.0005237759952465839
RF_miRNA,1,mmu-miR-2132_st,0.0004166056166056166
RF_miRNA,1,mmu-miR-222_st,0.0007752865592865596
RF_miRNA,1,mmu-miR-27a-star_st,0.0018541034306880694
RF_miRNA,1,mmu-miR-361_st,0.0015916939483432212
RF_miRNA,1,mmu-miR-379_st,0.005239190787426083
RF_miRNA,1,mmu-miR-382_st,0.0035923704250140865
RF_miRNA,1,mmu-miR-409-3p_st,0.0020028300352399027
RF_miRNA,1,mmu-miR-487b_st,0.009968671631829943
RF_miRNA,1,mne-miR-127_st,0.011919828114461671
RF_miRNA,1,mne-miR-134_st,0.005762462060672764
RF_miRNA,1,mne-miR-181a_st,0.0007782133493213437
RF_miRNA,1,mne-miR-20_st,0.002039491699295621
RF_miRNA,1,mne-miR-25_st,0.00031182795698924743
RF_miRNA,1,mne-miR-29a_st,0.0002678998122546509
RF_miRNA,1,oan-miR-146b_st,0.0021624098238228677
RF_miRNA,1,oan-miR-181a_st,0.001014667685255921
RF_miRNA,1,oan-miR-191_st,0.0002699278208562065
RF_miRNA,1,oan-miR-20a_st,0.0
RF_miRNA,1,oan-miR-222a_st,0.002181744654907294
RF_miRNA,1,oar-miR-127_st,0.015682917728434245
RF_miRNA,1,oar-miR-432_st,0.00041555628335832696
RF_miRNA,1,peu-miR2911_st,0.0007182887700534759
RF_miRNA,1,ppa-miR-134_st,0.042707972721720944
RF_miRNA,1,ppa-miR-181a_st,0.00026514285714285713
RF_miRNA,1,ppa-miR-195_st,0.0015922609134833246
RF_miRNA,1,ppa-miR-20_st,0.0002577777777777779
RF_miRNA,1,ppa-miR-29a_st,0.0008740616246498601
RF_miRNA,1,ppc-miR-2248_st,0.0005166768416768418
RF_miRNA,1,ppy-miR-127_st,0.027852375048258386
RF_miRNA,1,ppy-miR-134_st,0.0007430466180466184
RF_miRNA,1,ppy-miR-140-3p_st,0.0
RF_miRNA,1,ppy-miR-1469_st,0.0001425061425061427
RF_miRNA,1,ppy-miR-146b-5p_st,0.0002761904761904764
RF_miRNA,1,ppy-miR-181a_st,0.0002832722832722833
RF_miRNA,1,ppy-miR-191_st,0.0011569992920888064
RF_miRNA,1,ppy-miR-195_st,0.00027665544332211014
RF_miRNA,1,ppy-miR-20_st,0.004382256753727387
RF_miRNA,1,ppy-miR-21_st,0.001772933010142312
RF_miRNA,1,ppy-miR-222_st,0.0007944130491651472
RF_miRNA,1,ppy-miR-361-5p_st,0.0006557060902411947
RF_miRNA,1,ppy-miR-379_st,0.014944896201858794
RF_miRNA,1,ppy-miR-409-3p_st,0.00471482411560843
RF_miRNA,1,ppy-miR-432_st,0.0018790414479412927
RF_miRNA,1,ppy-miR-487b_st,0.0
RF_miRNA,1,ppy-miR-503_st,0.0
RF_miRNA,1,ptr-miR-127_st,0.006139248805097334
RF_miRNA,1,ptr-miR-134_st,0.0
RF_miRNA,1,ptr-miR-146b_st,0.0046695726545311475
RF_miRNA,1,ptr-miR-181a_st,0.00025646258503401375
RF_miRNA,1,ptr-miR-191_st,0.0001380952380952382
RF_miRNA,1,ptr-miR-195_st,0.004437188509132244
RF_miRNA,1,ptr-miR-20a_st,0.0017642748773744573
RF_miRNA,1,ptr-miR-21_st,0.0001425061425061427
RF_miRNA,1,ptr-miR-29a_st,0.005618892694624511
RF_miRNA,1,ptr-miR-379_st,0.0014854180752760875
RF_miRNA,1,ptr-miR-382_st,0.049426149373051065
RF_miRNA,1,ptr-miR-409_st,0.004546670199611378
RF_miRNA,1,ptr-miR-423_st,0.0016209150326797388
RF_miRNA,1,ptr-miR-432_st,0.00013998225377107366
RF_miRNA,1,ptr-miR-487b_st,0.014608836837288195
RF_miRNA,1,ptr-miR-494_st,0.0006029106029106031
RF_miRNA,1,ptr-miR-503_st,0.0018557879743851368
RF_miRNA,1,ptr-miR-663a_st,0.000528984302054155
RF_miRNA,1,rno-miR-106b-star_st,0.0027455902915182696
RF_miRNA,1,rno-miR-127_st,0.005187899745146603
RF_miRNA,1,rno-miR-134_st,0.0051572973355664565
RF_miRNA,1,rno-miR-146b_st,0.008544629819957832
RF_miRNA,1,rno-miR-152_st,0.0006646025104279373
RF_miRNA,1,rno-miR-181a_st,0.00043819558335687355
RF_miRNA,1,rno-miR-191_st,0.0006315888532017566
RF_miRNA,1,rno-miR-195_st,0.004890916641370756
RF_miRNA,1,rno-miR-21_st,0.0021137254901960785
RF_miRNA,1,rno-miR-222_st,0.003916153067904669
RF_miRNA,1,rno-miR-23a-star_st,0.002490906561102915
RF_miRNA,1,rno-miR-29a_st,0.0002927281973048565
RF_miRNA,1,rno-miR-361_st,0.0008919930875576038
RF_miRNA,1,rno-miR-379_st,0.010408965287997549
RF_miRNA,1,rno-miR-382_st,0.0023924642590303
RF_miRNA,1,rno-miR-487b_st,0.0051989211455089395
RF_miRNA,1,sla-miR-127_st,0.043786058105519964
RF_miRNA,1,sla-miR-181a_st,0.001811454388959133
RF_miRNA,1,sla-miR-20_st,0.0032069833730168154
RF_miRNA,1,sla-miR-29a_st,0.0004856604202555111
RF_miRNA,1,sme-miR-124b_st,0.0006309246309246312
RF_miRNA,1,spike_in-control-31_st,0.00038712587589330433
RF_miRNA,1,ssc-miR-127_st,0.02639624076052039
RF_miRNA,1,ssc-miR-140-star_st,0.0001380952380952382
RF_miRNA,1,ssc-miR-146b_st,0.002041287359566098
RF_miRNA,1,ssc-miR-181a_st,0.0005247232767232767
RF_miRNA,1,ssc-miR-191_st,0.00012444444444444463
RF_miRNA,1,ssc-miR-195_st,0.003423249275172078
RF_miRNA,1,ssc-miR-20_st,0.002857625201897648
RF_miRNA,1,ssc-miR-222_st,0.001692676915352354
RF_miRNA,1,ssc-miR-361-5p_st,0.001975531788472965
RF_miRNA,1,ssc-miR-432_st,0.0
RF_miRNA,1,tgu-miR-140-star_st,0.0
RF_miRNA,1,tgu-miR-146b_st,0.0026310177535725926
RF_miRNA,1,tgu-miR-181a_st,0.0008286459776185863
RF_miRNA,1,tgu-miR-222_st,0.005567138093339288
RF_miRNA,1,tgu-miR-34a_st,0.00048750448887968775
RF_miRNA,1,tni-miR-181a_st,0.0020340727184530246
RF_miRNA,1,tni-miR-222_st,0.005690183372996575
RF_miRNA,1,xtr-miR-181a_st,0.00011549183592194345
RF_miRNA,1,xtr-miR-191_st,0.0010077078614539917
RF_miRNA,1,xtr-miR-222_st,0.0013802186558117293
RF_miRNA,1,xtr-miR-34a_st,0.0006515672065927823
RF_miRNA,2,14qII-14_st,0.009074066420153376
RF_miRNA,2,14qII-14_x_st,0.023873531370575938
RF_miRNA,2,14qII-1_st,0.012374237957383119
RF_miRNA,2,14qII-1_x_st,0.010437237007491553
RF_miRNA,2,14qII-22_x_st,0.0019943977681906354
RF_miRNA,2,14qII-23_x_st,0.003768140089757737
RF_miRNA,2,14qII-26_st,0.02256308342253417
RF_miRNA,2,14qII-26_x_st,0.021785453641130218
RF_miRNA,2,14qII-3_st,0.008735410029119445
RF_miRNA,2,14qII-3_x_st,0.0016133333333333334
RF_miRNA,2,aga-miR-92a_st,0.00037419354838709684
RF_miRNA,2,age-miR-127_st,0.012961139612500469
RF_miRNA,2,age-miR-20_st,0.016044611327134587
RF_miRNA,2,age-miR-222_st,0.01292600150435575
RF_miRNA,2,ame-miR-92a_st,0.0007820765824940395
RF_miRNA,2,bfl-miR-92b_st,0.0010322912280417347
RF_miRNA,2,bfl-miR-92c_st,0.00027025089605734777
RF_miRNA,2,bma-miR-92_st,0.005479858466556584
RF_miRNA,2,bta-miR-106_st,0.0017722943722943722
RF_miRNA,2,bta-miR-127_st,0.014265316597133116
RF_miRNA,2,bta-miR-140_st,0.0003918918918918919
RF_miRNA,2,bta-miR-181a_st,0.00011507936507936508
RF_miRNA,2,bta-miR-191_st,0.0001364705882352941
RF_miRNA,2,bta-miR-195_st,0.000646621008850111
RF_miRNA,2,bta-miR-20b_st,0.007538607223052303
RF_miRNA,2,bta-miR-222_st,0.000265142857142857
RF_miRNA,2,bta-miR-2288_st,0.0010790743019343139
RF_miRNA,2,bta-miR-2428_st,0.000539261620732209
RF_miRNA,2,bta-miR-361_st,0.0023197917652767117
RF_miRNA,2,bta-miR-379_st,0.003493936904622359
RF_miRNA,2,bta-miR-382_st,0.0005195494864612512
RF_miRNA,2,bta-miR-432_st,0.0037290715441337615
RF_miRNA,2,bta-miR-487b_st,0.008070671261326197
RF_miRNA,2,bta-miR-493_st,0.00393469873457833
RF_miRNA,2,bta-miR-494_st,0.0
RF_miRNA,2,cfa-miR-127_st,0.023029046945952703
RF_miRNA,2,cfa-miR-134_st,0.0015902628772193987
RF_miRNA,2,cfa-miR-140_st,0.0002883040935672515
RF_miRNA,2,cfa-miR-181a_st,0.00013345723262091235
RF_miRNA,2,cfa-miR-191_st,0.005679113189739274
RF_miRNA,2,cfa-miR-195_st,0.0007356859410430841
RF_miRNA,2,cfa-miR-19b_st,0.00013333333333333323
RF_miRNA,2,cfa-miR-20b_st,0.005398766005093405
RF_miRNA,2,cfa-miR-222_st,0.005600170236495622
RF_miRNA,2,cfa-miR-361_st,0.0010106023312550824
RF_miRNA,2,cfa-miR-379_st,0.008984803879986543
RF_miRNA,2,cfa-miR-432_st,0.0
RF_miRNA,2,cfa-miR-487b_st,0.008451925303454715
RF_miRNA,2,cfa-miR-489_st,0.0007820720741353168
RF_miRNA,2,cfa-miR-494_st,0.0014648418841967227
RF_miRNA,2,cin-miR-4020b-5p_st,0.008958369822716427
RF_miRNA,2,cin-miR-92b_st,0.0009710890683692706
RF_miRNA,2,cqu-miR-92_st,0.0038377367406779547
RF_miRNA,2,cre-miR1144b_st,0.001625
RF_miRNA,2,cre-miR1171_st,0.0059005171405171405
RF_miRNA,2,dgr-miR-92b_st,0.003703012459464072
RF_miRNA,2,dme-miR-92b_st,0.0025160965939176718
RF_miRNA,2,dmo-miR-92b_st,0.00013623366013071903
RF_miRNA,2,dpe-miR-92b_st,0.0012943037903219
RF_miRNA,2,dps-miR-92b_st,0.002582460244850216
RF_miRNA,2,dpu-miR-92_st,0.0001364705882352941
RF_miRNA,2,dre-miR-140-star_st,0.004860054817625975
RF_miRNA,2,dre-miR-181a_st,0.0005355836147214878
RF_miRNA,2,dre-miR-222_st,0.0019571953335394197
RF_miRNA,2,dre-miR-92b_st,0.005862565246000506
RF_miRNA,2,dse-miR-92b_st,0.0
RF_miRNA,2,dsi-miR-999-star_st,0.0016095238095238098
RF_miRNA,2,eca-miR-127_st,0.007954923283433033
RF_miRNA,2,eca-miR-134_st,0.0055706248816542936
RF_miRNA,2,eca-miR-140-3p_st,0.00027674096046361525
RF_miRNA,2,eca-miR-181a_st,0.00013333333333333323
RF_miRNA,2,eca-miR-191_st,0.0008037637419788446
RF_miRNA,2,eca-miR-195_st,0.0005541821946169773
RF_miRNA,2,eca-miR-20a_st,0.0018044627698277952
RF_miRNA,2,eca-miR-324-3p_st,0.0003780338905509971
RF_miRNA,2,eca-miR-379_st,0.008522652841781874
RF_miRNA,2,eca-miR-409-3p_st,0.01849302736717851
RF_miRNA,2,eca-miR-432_st,0.00017566252028123323
RF_miRNA,2,eca-miR-487b_st,0.010464389567098708
RF_miRNA,2,eca-miR-489_st,0.0
RF_miRNA,2,eca-miR-494_st,0.0017290543788769628
RF_miRNA,2,fru-miR-181a_st,0.0007316074144377993
RF_miRNA,2,fru-miR-19a_st,0.0017209257178007178
RF_miRNA,2,fru-miR-222_st,0.003684507142862501
RF_miRNA,2,gga-miR-106_st,0.0005336613756613756
RF_miRNA,2,gga-miR-140-star_st,0.00026467023172905527
RF_miRNA,2,gga-miR-146b_st,0.00048699475097957077
RF_miRNA,2,gga-miR-181a_st,0.0005133442265795207
RF_miRNA,2,gga-miR-222_st,0.0021395680035260346
RF_miRNA,2,ggo-miR-134_st,0.0
RF_miRNA,2,ggo-miR-181a_st,0.0005499902306919849
RF_miRNA,2,ggo-miR-195_st,0.0006465359791886183
RF_miRNA,2,ggo-miR-20_st,0.0006517054138537514
RF_miRNA,2,ggo-miR-25_st,0.0010724670024360428
RF_miRNA,2,hsa-miR-127-3p_st,0.007186582541269734
RF_miRNA,2,hsa-miR-134_st,0.0
RF_miRNA,2,hsa-miR-140-3p_st,0.000394115890083632
RF_miRNA,2,hsa-miR-1469_st,0.0008212448833839026
RF_miRNA,2,hsa-miR-181a_st,0.0008884692050688432
RF_miRNA,2,hsa-miR-1915_st,0.0011911129491774652
RF_miRNA,2,hsa-miR-191_st,0.0010749362427562607
RF_miRNA,2,hsa-miR-195_st,0.0010381073618865133
RF_miRNA,2,hsa-miR-20a_st,0.0002721083382848087
RF_miRNA,2,hsa-miR-222_st,0.0018758470695970696
RF_miRNA,2,hsa-miR-23a-star_st,0.0005248937889331979
RF_miRNA,2,hsa-miR-27a-star_st,0.0003996281271129142
RF_miRNA,2,hsa-miR-361-5p_st,0.00231186131627443
RF_miRNA,2,hsa-miR-379_st,0.005384863978343065
RF_miRNA,2,hsa-miR-382_st,0.0
RF_miRNA,2,hsa-miR-409-3p_st,0.015074205950487876
RF_miRNA,2,hsa-miR-432_st,0.0003697101648351647
RF_miRNA,2,hsa-miR-487b_st,0.012366479307857576
RF_miRNA,2,hsa-miR-494_st,0.003182450671651654
RF_miRNA,2,hsa-miR-663_st,0.004147416826584066
RF_miRNA,2,hsa-miR-92b_st,0.0018990618663008191
RF_miRNA,2,hsv2-miR-H5_st,0.0007634597111793112
RF_miRNA,2,lca-miR-19a_st,0.0010435166930938733
RF_miRNA,2,lca-miR-20_st,0.013000512964828527
RF_miRNA,2,lla-miR-127_st,0.03629776858047772
RF_miRNA,2,lla-miR-181a_st,0.0006487493987493988
RF_miRNA,2,lla-miR-20_st,0.008675663339058256
RF_miRNA,2,mdo-miR-152_st,0.0005282142857142858
RF_miRNA,2,mdo-miR-181a_st,0.00013325981067916558
RF_miRNA,2,mdo-miR-181c_st,0.0023619545659019346
RF_miRNA,2,mdo-miR-191_st,0.0011490715598127363
RF_miRNA,2,mdo-miR-222a_st,0.003727125430729722
RF_miRNA,2,mml-miR-127_st,0.01347988174222994
RF_miRNA,2,mml-miR-134_st,0.00037241379310344835
RF_miRNA,2,mml-miR-140-3p_st,0.0009176715807911253
RF_miRNA,2,mml-miR-152_st,0.0005078224776500638
RF_miRNA,2,mml-miR-181a_st,0.0005787403083167411
RF_miRNA,2,mml-miR-191_st,0.00013333333333333329
RF_miRNA,2,mml-miR-195_st,0.000537960687960688
RF_miRNA,2,mml-miR-20a_st,0.00901745034764435
RF_miRNA,2,mml-miR-21_st,0.003770294583990236
RF_miRNA,2,mml-miR-361-5p_st,0.0011750078012137339
RF_miRNA,2,mml-miR-379_st,0.008368756791453285
RF_miRNA,2,mml-miR-382_st,0.0008841587383739864
RF_miRNA,2,mml-miR-409-3p_st,0.001875427547363031
RF_miRNA,2,mml-miR-432_st,0.00013333333333333329
RF_miRNA,2,mml-miR-487b_st,0.01802643037204368
RF_miRNA,2,mml-miR-494_st,0.0006859607104747763
RF_miRNA,2,mml-miR-503_st,0.0005448409107232637
RF_miRNA,2,mml-miR-638_st,0.001692814947524868
RF_miRNA,2,mml-miR-663_st,0.002921282538456439
RF_miRNA,2,mmu-miR-127_st,0.008596988837854112
RF_miRNA,2,mmu-miR-134_st,0.0002753327417923692
RF_miRNA,2,mmu-miR-140-star_st,0.0016005822935234702
RF_miRNA,2,mmu-miR-181a_st,0.0
RF_miRNA,2,mmu-miR-18a-star_st,0.0005172798216276477
RF_miRNA,2,mmu-miR-195_st,0.0016081081081081082
RF_miRNA,2,mmu-miR-20a_st,0.0005276476464711756
RF_miRNA,2,mmu-miR-2132_st,0.004005639527549483
RF_miRNA,2,mmu-miR-2133_st,0.0005517259939019105
RF_miRNA,2,mmu-miR-21_st,0.001988895850737956
RF_miRNA,2,mmu-miR-379_st,0.00536577181064446
RF_miRNA,2,mmu-miR-382_st,0.010371560307338795
RF_miRNA,2,mmu-miR-409-3p_st,0.011792337760321011
RF_miRNA,2,mmu-miR-487b_st,0.014820277484509828
RF_miRNA,2,mne-miR-127_st,0.0
RF_miRNA,2,mne-miR-134_st,0.001521838813068652
RF_miRNA,2,mne-miR-181a_st,0.0005585143624916368
RF_miRNA,2,mne-miR-20_st,0.005740368820793125
RF_miRNA,2,oan-miR-106_st,0.0006210606060606062
RF_miRNA,2,oan-miR-140_st,0.0
RF_miRNA,2,oan-miR-181a_st,0.00014009661835748797
RF_miRNA,2,oan-miR-191_st,0.000766535713520286
RF_miRNA,2,oan-miR-20a_st,0.0021505297283361795
RF_miRNA,2,oan-miR-21_st,0.0007970071168553145
RF_miRNA,2,oan-miR-92b_st,0.005624683610765032
RF_miRNA,2,oar-miR-127_st,0.004387240421616358
RF_miRNA,2,oar-miR-432_st,0.0004994815668202767
RF_miRNA,2,odi-miR-92a_st,0.004461283483470484
RF_miRNA,2,peu-miR2911_st,0.0030022123888790555
RF_miRNA,2,ppa-miR-134_st,0.012193146604368937
RF_miRNA,2,ppa-miR-181a_st,0.0001394901394901395
RF_miRNA,2,ppa-miR-195_st,0.0021773582336195767
RF_miRNA,2,ppa-miR-20_st,0.009530502615591324
RF_miRNA,2,ppy-miR-127_st,0.010524648799170538
RF_miRNA,2,ppy-miR-134_st,0.0022399342891278374
RF_miRNA,2,ppy-miR-140-3p_st,0.004526404633906194
RF_miRNA,2,ppy-miR-1469_st,0.0009960734401523875
RF_miRNA,2,ppy-miR-181a_st,0.00015718157181571823
RF_miRNA,2,ppy-miR-1915_st,0.00048187157900586255
RF_miRNA,2,ppy-miR-191_st,0.001556860497782307
RF_miRNA,2,ppy-miR-195_st,0.0011827785624749572
RF_miRNA,2,ppy-miR-20_st,0.00534128814312344
RF_miRNA,2,ppy-miR-21_st,0.002803461952111587
RF_miRNA,2,ppy-miR-361-5p_st,0.004980784405265374
RF_miRNA,2,ppy-miR-379_st,0.004217744107744109
RF_miRNA,2,ppy-miR-409-3p_st,0.001999783682983683
RF_miRNA,2,ppy-miR-432_st,0.003869675095306231
RF_miRNA,2,ppy-miR-487b_st,0.00013519813519813508
RF_miRNA,2,ppy-miR-494_st,0.0003866666666666667
RF_miRNA,2,ptr-miR-125a_st,0.0004037081286782601
RF_miRNA,2,ptr-miR-127_st,0.004283935896585943
RF_miRNA,2,ptr-miR-134_st,0.0
RF_miRNA,2,ptr-miR-181a_st,0.00039040266782202265
RF_miRNA,2,ptr-miR-191_st,0.001669034709886466
RF_miRNA,2,ptr-miR-195_st,0.0032253120667706924
RF_miRNA,2,ptr-miR-20a_st,0.0019859755702587596
RF_miRNA,2,ptr-miR-21_st,0.0003062183535301815
RF_miRNA,2,ptr-miR-379_st,0.0033309807783491996
RF_miRNA,2,ptr-miR-382_st,0.04322877847397429
RF_miRNA,2,ptr-miR-409_st,0.00014009661835748797
RF_miRNA,2,ptr-miR-432_st,0.00027118241235888274
RF_miRNA,2,ptr-miR-487b_st,0.0057412955646020435
RF_miRNA,2,ptr-miR-494_st,0.00039917478156712604
RF_miRNA,2,ptr-miR-503_st,0.001855132480029505
RF_miRNA,2,ptr-miR-663a_st,0.00183245969173947
RF_miRNA,2,rno-miR-127_st,0.0038182453906370505
RF_miRNA,2,rno-miR-134_st,0.0034601704030851484
RF_miRNA,2,rno-miR-140-star_st,0.0037105540846849956
RF_miRNA,2,rno-miR-181a_st,0.0008177106542533725
RF_miRNA,2,rno-miR-191_st,0.0013008206717030249
RF_miRNA,2,rno-miR-195_st,0.0005967078189300411
RF_miRNA,2,rno-miR-19a_st,0.0
RF_miRNA,2,rno-miR-21_st,0.003724861060574633
RF_miRNA,2,rno-miR-222_st,0.0015944055944055945
RF_miRNA,2,rno-miR-23a-star_st,0.0004165397298915305
RF_miRNA,2,rno-miR-361_st,0.0005846774193548386
RF_miRNA,2,rno-miR-379_st,0.011328809572459323
RF_miRNA,2,rno-miR-487b_st,0.009343725550435228
RF_miRNA,2,sko-miR-92c_st,0.0031390726097915646
RF_miRNA,2,sla-miR-127_st,0.03953250275903316
RF_miRNA,2,sla-miR-181a_st,0.002119197927309882
RF_miRNA,2,sla-miR-20_st,0.009312548348776024
RF_miRNA,2,spu-miR-92c_st,0.002504897553426965
RF_miRNA,2,ssc-miR-127_st,0.01590183335432494
RF_miRNA,2,ssc-miR-140-star_st,0.00041042861042861034
RF_miRNA,2,ssc-miR-152_st,0.0023826257477732463
RF_miRNA,2,ssc-miR-181a_st,0.0006168253968253969
RF_miRNA,2,ssc-miR-191_st,0.0014312294527702165
RF_miRNA,2,ssc-miR-195_st,0.0023251856781873552
RF_miRNA,2,ssc-miR-20_st,0.021577667634743537
RF_miRNA,2,ssc-miR-21_st,0.0001568713450292396
RF_miRNA,2,ssc-miR-222_st,0.0032919347174849563
RF_miRNA,2,ssc-miR-361-5p_st,0.0004913216874628638
RF_miRNA,2,ssc-miR-432_st,0.0016005822935234702
RF_miRNA,2,ssc-miR-92b_st,0.0003960839919094187
RF_miRNA,2,tca-miR-92b_st,0.001206387618120474
RF_miRNA,2,tgu-miR-140-star_st,0.0006332352677004006
RF_miRNA,2,tgu-miR-181a_st,0.00027979647314827383
RF_miRNA,2,tgu-miR-222_st,0.009323869617577772
RF_miRNA,2,tni-miR-181a_st,0.00025985663082437276
RF_miRNA,2,tni-miR-222_st,0.009606609580519336
RF_miRNA,2,xtr-miR-181a_st,0.00013506610576923076
RF_miRNA,2,xtr-miR-191_st,0.0029026452914773697
RF_miRNA,2,xtr-miR-222_st,0.005459203447587378
RF_miRNA,2,xtr-miR-92b_st,0.0026195535496653945
RF_miRNA,3,14qII-14_st,0.0004242592592592593
RF_miRNA,3,14qII-14_x_st,0.004729494882997187
RF_miRNA,3,14qII-1_st,0.005714351113473921
RF_miRNA,3,14qII-1_x_st,0.011786566195952279
RF_miRNA,3,14qII-22_x_st,0.003462248884709333
RF_miRNA,3,14qII-23_x_st,0.0002589285714285715
RF_miRNA,3,14qII-26_st,0.004854598571254074
RF_miRNA,3,14qII-26_x_st,0.007111317905861794
RF_miRNA,3,14qII-3_st,0.00041867826689965013
RF_miRNA,3,14qII-3_x_st,0.002927945397767397
RF_miRNA,3,age-miR-127_st,0.036922334845890345
RF_miRNA,3,age-miR-20_st,0.0035834600058751035
RF_miRNA,3,age-miR-222_st,0.003010438901478683
RF_miRNA,3,bhv1-miR-B3_st,0.0014044372701078984
RF_miRNA,3,bra-miR167c_st,0.0002641689623507805
RF_miRNA,3,bta-let-7d_st,0.0011844598887702337
RF_miRNA,3,bta-miR-127_st,0.011650250578346661
RF_miRNA,3,bta-miR-140_st,0.002152876568678426
RF_miRNA,3,bta-miR-146b_st,0.006436776172007264
RF_miRNA,3,bta-miR-152_st,0.0035274718852166325
RF_miRNA,3,bta-miR-181a_st,0.008578278955297211
RF_miRNA,3,bta-miR-195_st,0.003894178009262298
RF_miRNA,3,bta-miR-222_st,0.0008232611998239529
RF_miRNA,3,bta-miR-25_st,0.000558502593020164
RF_miRNA,3,bta-miR-27a-5p_st,0.0009409157232261685
RF_miRNA,3,bta-miR-361_st,0.010135785199171167
RF_miRNA,3,bta-miR-379_st,0.009806385662704982
RF_miRNA,3,bta-miR-382_st,0.000490147556607184
RF_miRNA,3,bta-miR-432_st,0.006295537429917844
RF_miRNA,3,bta-miR-487b_st,0.00032280955795394224
RF_miRNA,3,bta-miR-493_st,0.015481592045570395
RF_miRNA,3,bta-miR-494_st,0.00040434257100923764
RF_miRNA,3,cel-miR-229_st,0.0017754301382590853
RF_miRNA,3,cfa-miR-127_st,0.024534682257495128
RF_miRNA,3,cfa-miR-134_st,0.00016236833817405614
RF_miRNA,3,cfa-miR-140_st,0.0006875998010926243
RF_miRNA,3,cfa-miR-181a_st,0.0012026379809969218
RF_miRNA,3,cfa-miR-195_st,0.0011423254862868387
RF_miRNA,3,cfa-miR-21_st,0.0013526507081289645
RF_miRNA,3,cfa-miR-222_st,0.0035811664925684155
RF_miRNA,3,cfa-miR-25_st,0.000509175366568915
RF_miRNA,3,cfa-miR-361_st,0.010953307938627843
RF_miRNA,3,cfa-miR-379_st,0.0002760780019278041
RF_miRNA,3,cfa-miR-432_st,0.0018900267578415345
RF_miRNA,3,cfa-miR-487b_st,0.010347757353397678
RF_miRNA,3,cfa-miR-494_st,0.001580801722775407
RF_miRNA,3,cgr-miR-21_st,0.002192345418493685
RF_miRNA,3,cin-miR-4020b-5p_st,0.012609352345939615
RF_miRNA,3,cre-miR1171_st,0.002456657444967334
RF_miRNA,3,dre-miR-140-star_st,0.00042391112484003356
RF_miRNA,3,dre-miR-181a_st,0.000402900857312622
RF_miRNA,3,dre-miR-222_st,0.0018664254423394208
RF_miRNA,3,dre-miR-25_st,0.00016212083002537417
RF_miRNA,3,dsi-miR-999-star_st,0.0018377393332889705
RF_miRNA,3,eca-let-7d_st,0.0009114507716129932
RF_miRNA,3,eca-miR-127_st,0.010780941107816612
RF_miRNA,3,eca-miR-134_st,0.001865740740740741
RF_miRNA,3,eca-miR-140-3p_st,0.00026714456391875726
RF_miRNA,3,eca-miR-181a_st,0.002696976418718211
RF_miRNA,3,eca-miR-195_st,0.006951121008546311
RF_miRNA,3,eca-miR-25_st,0.001114572530331817
RF_miRNA,3,eca-miR-324-3p_st,0.0019788843954328087
RF_miRNA,3,eca-miR-361-5p_st,0.0019490083167416053
RF_miRNA,3,eca-miR-379_st,0.005906228152219726
RF_miRNA,3,eca-miR-409-3p_st,0.0015168124685771747
RF_miRNA,3,eca-miR-432_st,0.00016699889258028796
RF_miRNA,3,eca-miR-487b_st,0.007813045705202894
RF_miRNA,3,eca-miR-494_st,0.00129044479527859
RF_miRNA,3,eca-miR-543_st,0.0028514289694948217
RF_miRNA,3,ENSG00000238368_st,0.0016934793992372716
RF_miRNA,3,ENSG00000238732_x_st,0.00013998225377107363
RF_miRNA,3,fru-miR-181a_st,0.0012011289230181342
RF_miRNA,3,fru-miR-19a_st,0.00016860465116279083
RF_miRNA,3,fru-miR-222_st,0.006491135476260016
RF_miRNA,3,fru-miR-29a_st,0.00028753716861824977
RF_miRNA,3,gga-miR-140-star_st,0.0018849897661890901
RF_miRNA,3,gga-miR-146b_st,0.0012142769892769893
RF_miRNA,3,gga-miR-181a_st,0.004239750316713661
RF_miRNA,3,gga-miR-21_st,0.0011969081216393047
RF_miRNA,3,gga-miR-222_st,0.007342422747718879
RF_miRNA,3,ggo-miR-134_st,0.0018872009169125447
RF_miRNA,3,ggo-miR-181a_st,0.0038069623421284715
RF_miRNA,3,ggo-miR-195_st,0.004134074327820455
RF_miRNA,3,ggo-miR-20_st,0.0009330587647981743
RF_miRNA,3,ggo-miR-21_st,0.0005318952552823519
RF_miRNA,3,ggo-miR-25_st,0.0006392759676970202
RF_miRNA,3,gso-miR2109_st,0.0008743062656106133
RF_miRNA,3,hp_hsa-mir-4263_st,0.0007424551396316101
RF_miRNA,3,hp_mmu-mir-1188_st,0.0007626876724098948
RF_miRNA,3,hsa-miR-127-3p_st,0.003471464353507988
RF_miRNA,3,hsa-miR-134_st,0.000403988411533642
RF_miRNA,3,hsa-miR-140-3p_st,0.002949541809770814
RF_miRNA,3,hsa-miR-1469_st,0.002475928465112526
RF_miRNA,3,hsa-miR-181a_st,0.0029719820049786093
RF_miRNA,3,hsa-miR-195_st,0.0024168376684364865
RF_miRNA,3,hsa-miR-222_st,0.0013789140133177854
RF_miRNA,3,hsa-miR-23a-star_st,0.007269167080455119
RF_miRNA,3,hsa-miR-27a-star_st,0.01010064223011905
RF_miRNA,3,hsa-miR-345_st,0.0006845664870874954
RF_miRNA,3,hsa-miR-361-5p_st,0.010758000670784407
RF_miRNA,3,hsa-miR-379_st,0.0061031070004471865
RF_miRNA,3,hsa-miR-382_st,0.0005451652001878969
RF_miRNA,3,hsa-miR-409-3p_st,0.005829924381075937
RF_miRNA,3,hsa-miR-432_st,0.0007555967547381274
RF_miRNA,3,hsa-miR-487b_st,0.0033723485062307043
RF_miRNA,3,hsa-miR-494_st,0.0017540778650623203
RF_miRNA,3,hsa-miR-663_st,0.003726704996536517
RF_miRNA,3,lca-miR-19a_st,0.0010639954728014326
RF_miRNA,3,lca-miR-20_st,0.0036197699440634673
RF_miRNA,3,lla-miR-127_st,0.023161477052933227
RF_miRNA,3,lla-miR-181a_st,0.0007436871836871838
RF_miRNA,3,lla-miR-20_st,0.0014993576184300905
RF_miRNA,3,lla-miR-25_st,0.0010005438718987106
RF_miRNA,3,mdo-miR-152_st,0.0009636673791294842
RF_miRNA,3,mdo-miR-181a_st,0.0022259529119085715
RF_miRNA,3,mdo-miR-181c_st,0.0016269568443978383
RF_miRNA,3,mdo-miR-21_st,0.004138662113584714
RF_miRNA,3,mdo-miR-222a_st,0.0021677744612628334
RF_miRNA,3,mml-let-7d_st,0.0025802297991238026
RF_miRNA,3,mml-miR-127_st,0.02178194116964195
RF_miRNA,3,mml-miR-134_st,0.0020439806128816247
RF_miRNA,3,mml-miR-140-3p_st,0.003615518569811406
RF_miRNA,3,mml-miR-152_st,0.003226553339250876
RF_miRNA,3,mml-miR-181a_st,0.0026930450179856167
RF_miRNA,3,mml-miR-195_st,0.0
RF_miRNA,3,mml-miR-20a_st,0.003520481960670216
RF_miRNA,3,mml-miR-21_st,0.006647773694280115
RF_miRNA,3,mml-miR-222_st,0.0012246531958169141
RF_miRNA,3,mml-miR-361-5p_st,0.003746853072841834
RF_miRNA,3,mml-miR-379_st,0.010420421790116263
RF_miRNA,3,mml-miR-382_st,0.0006571022591497119
RF_miRNA,3,mml-miR-409-3p_st,0.002746677136062795
RF_miRNA,3,mml-miR-432_st,0.00028822096089897953
RF_miRNA,3,mml-miR-485-5p_st,0.001243202239205435
RF_miRNA,3,mml-miR-487b_st,0.014432804948043679
RF_miRNA,3,mml-miR-494_st,0.0004780219780219781
RF_miRNA,3,mml-miR-503_st,0.0
RF_miRNA,3,mml-miR-663_st,0.0009061054471469898
RF_miRNA,3,mmu-let-7d_st,0.0026340075034094407
RF_miRNA,3,mmu-miR-127_st,0.023831094021316997
RF_miRNA,3,mmu-miR-134_st,0.000826274628747778
RF_miRNA,3,mmu-miR-140-star_st,0.0
RF_miRNA,3,mmu-miR-181a_st,0.002797383356438697
RF_miRNA,3,mmu-miR-18a-star_st,0.0022883535826008945
RF_miRNA,3,mmu-miR-195_st,0.006723688768977745
RF_miRNA,3,mmu-miR-2132_st,0.0016652901340119385
RF_miRNA,3,mmu-miR-21_st,9.60662525879917e-05
RF_miRNA,3,mmu-miR-27a-star_st,0.0011706147125908034
RF_miRNA,3,mmu-miR-361_st,0.0021805050505598993
RF_miRNA,3,mmu-miR-379_st,0.006758636761458136
RF_miRNA,3,mmu-miR-382_st,0.003514439354775489
RF_miRNA,3,mmu-miR-409-3p_st,0.003993794656838135
RF_miRNA,3,mmu-miR-487b_st,0.01247224341492394
RF_miRNA,3,mmu-miR-494_st,0.0014914694455870924
RF_miRNA,3,mmu-miR-93_st,0.0017133022035823713
RF_miRNA,3,mne-miR-127_st,0.003718518058848536
RF_miRNA,3,mne-miR-134_st,0.005007125968372141
RF_miRNA,3,mne-miR-181a_st,0.0036803248807592255
RF_miRNA,3,mne-miR-20_st,0.002764758741333529
RF_miRNA,3,mne-miR-25_st,0.00043751473751473744
RF_miRNA,3,oan-let-7d_st,0.0007244055561077972
RF_miRNA,3,oan-miR-140_st,0.00014227994227994226
RF_miRNA,3,oan-miR-1420f_st,0.004692567917664264
RF_miRNA,3,oan-miR-181a_st,0.0018502742351201495
RF_miRNA,3,oan-miR-20a_st,0.0014661968013011655
RF_miRNA,3,oan-miR-21_st,0.0006184292521994137
RF_miRNA,3,oan-miR-222a_st,0.0029100256106502406
RF_miRNA,3,oar-miR-127_st,0.012002803603485422
RF_miRNA,3,oar-miR-432_st,0.0
RF_miRNA,3,peu-miR2911_st,0.00642479065265383
RF_miRNA,3,ppa-miR-134_st,0.03168237881203802
RF_miRNA,3,ppa-miR-181a_st,0.0006983876413483712
RF_miRNA,3,ppa-miR-181b_st,0.0004585312563597393
RF_miRNA,3,ppa-miR-195_st,0.0012006795170329005
RF_miRNA,3,ppa-miR-20_st,0.0021238885330900734
RF_miRNA,3,ppa-miR-25_st,0.0012848153839750483
RF_miRNA,3,ppc-miR-2248_st,0.00027782796913231695
RF_miRNA,3,ppt-miR1077-5p_st,0.0007632869356501896
RF_miRNA,3,ppy-miR-127_st,0.028348107937879376
RF_miRNA,3,ppy-miR-134_st,0.0015418992826195038
RF_miRNA,3,ppy-miR-140-3p_st,0.003945965184970936
RF_miRNA,3,ppy-miR-1469_st,0.0035824047337991026
RF_miRNA,3,ppy-miR-181a_st,0.0005490196078431375
RF_miRNA,3,ppy-miR-195_st,0.0005811448944138296
RF_miRNA,3,ppy-miR-20_st,0.007217733836743134
RF_miRNA,3,ppy-miR-21_st,0.0015922240229116287
RF_miRNA,3,ppy-miR-222_st,0.0014626009192182676
RF_miRNA,3,ppy-miR-25_st,0.0008193186658302938
RF_miRNA,3,ppy-miR-361-5p_st,0.0038494647732396576
RF_miRNA,3,ppy-miR-379_st,0.0020334328136185726
RF_miRNA,3,ppy-miR-409-3p_st,0.003607997102633688
RF_miRNA,3,ppy-miR-432_st,0.0026926791463267818
RF_miRNA,3,ppy-miR-487b_st,0.00015194093831864727
RF_miRNA,3,ppy-miR-494_st,0.0006472355585399062
RF_miRNA,3,ppy-miR-503_st,0.0002405529953917052
RF_miRNA,3,ptr-let-7d_st,0.0012877589024487318
RF_miRNA,3,ptr-miR-127_st,0.000800768040947446
RF_miRNA,3,ptr-miR-134_st,0.00014215686274509804
RF_miRNA,3,ptr-miR-181a_st,0.0005505152752223553
RF_miRNA,3,ptr-miR-195_st,0.004191135611258904
RF_miRNA,3,ptr-miR-20a_st,0.003657380089895374
RF_miRNA,3,ptr-miR-21_st,0.0020833379867326476
RF_miRNA,3,ptr-miR-379_st,0.005426342943195778
RF_miRNA,3,ptr-miR-382_st,0.040787690637949715
RF_miRNA,3,ptr-miR-409_st,0.0011573693477583804
RF_miRNA,3,ptr-miR-432_st,0.0030379510634293244
RF_miRNA,3,ptr-miR-487b_st,0.001992708482194376
RF_miRNA,3,ptr-miR-494_st,0.00010807453416149068
RF_miRNA,3,ptr-miR-503_st,0.0036198398377601465
RF_miRNA,3,ptr-miR-663a_st,0.0019581255259380256
RF_miRNA,3,rno-miR-127_st,0.010234832502049125
RF_miRNA,3,rno-miR-134_st,0.0013851878336417882
RF_miRNA,3,rno-miR-140-star_st,0.0
RF_miRNA,3,rno-miR-146b_st,0.01060090728919231
RF_miRNA,3,rno-miR-152_st,0.0010101040473723976
RF_miRNA,3,rno-miR-181a_st,0.003641944074237073
RF_miRNA,3,rno-miR-195_st,0.00538535355129137
RF_miRNA,3,rno-miR-21_st,0.00546137591053959
RF_miRNA,3,rno-miR-222_st,0.006103830543812853
RF_miRNA,3,rno-miR-23a-star_st,0.001310646143992061
RF_miRNA,3,rno-miR-25_st,0.001804006491972152
RF_miRNA,3,rno-miR-27a-star_st,0.0007496677299308878
RF_miRNA,3,rno-miR-361_st,0.009728612839580703
RF_miRNA,3,rno-miR-379_st,0.011402907187329782
RF_miRNA,3,rno-miR-382_st,0.0016235438158589198
RF_miRNA,3,rno-miR-487b_st,0.0069250345415167395
RF_miRNA,3,rno-miR-494_st,0.0017100933287569234
RF_miRNA,3,sla-miR-127_st,0.023751449238275775
RF_miRNA,3,sla-miR-181a_st,0.0008035185691146422
RF_miRNA,3,sla-miR-20_st,0.0026423121394636303
RF_miRNA,3,spike_in-control-31_st,0.00466516815262298
RF_miRNA,3,ssc-miR-127_st,0.009567798617683412
RF_miRNA,3,ssc-miR-140-star_st,0.0016180906812485758
RF_miRNA,3,ssc-miR-181a_st,0.00045135134962323906
RF_miRNA,3,ssc-miR-195_st,0.007648941764484415
RF_miRNA,3,ssc-miR-20_st,0.00640801795132433
RF_miRNA,3,ssc-miR-21_st,0.0014424654999782333
RF_miRNA,3,ssc-miR-222_st,0.002949100792224903
RF_miRNA,3,ssc-miR-361-5p_st,0.007559942814465401
RF_miRNA,3,ssc-miR-432_st,0.00021542377176785778
RF_miRNA,3,tgu-let-7d_st,0.001376163244323111
RF_miRNA,3,tgu-miR-140-star_st,0.0021352844603950215
RF_miRNA,3,tgu-miR-181a_st,0.0018954784081221423
RF_miRNA,3,tgu-miR-21_st,0.0009961036271576048
RF_miRNA,3,tgu-miR-222_st,0.004834739177875006
RF_miRNA,3,tni-miR-181a_st,0.003780450051921444
RF_miRNA,3,tni-miR-222_st,0.004017748827987509
RF_miRNA,3,tni-miR-25_st,0.0022489748682131424
RF_miRNA,3,xtr-miR-181a_st,0.0006287723882058857
RF_miRNA,3,xtr-miR-222_st,0.005362219340408075
RF_miRNA,4,14qII-14_st,0.0
RF_miRNA,4,14qII-14_x_st,0.0017373510798700334
RF_miRNA,4,14qII-1_st,0.0016621096749040592
RF_miRNA,4,14qII-1_x_st,0.017214251281964525
RF_miRNA,4,14qII-22_x_st,0.00077036762451274
RF_miRNA,4,14qII-23_x_st,0.0
RF_miRNA,4,14qII-26_st,0.0035752636361399506
RF_miRNA,4,14qII-26_x_st,0.00891439489220611
RF_miRNA,4,14qII-3_st,0.00046027528954358226
RF_miRNA,4,14qII-3_x_st,0.0002814414227936082
RF_miRNA,4,age-miR-127_st,0.03136874861881154
RF_miRNA,4,age-miR-19b_st,0.0006283821465890431
RF_miRNA,4,age-miR-20_st,0.0031350982862091534
RF_miRNA,4,age-miR-21_st,0.0015422130712194973
RF_miRNA,4,age-miR-222_st,0.01617873173363076
RF_miRNA,4,bta-miR-127_st,0.016020057816512764
RF_miRNA,4,bta-miR-140_st,0.0006253792586138637
RF_miRNA,4,bta-miR-146b_st,0.005886646622402633
RF_miRNA,4,bta-miR-152_st,0.0022504269698981013
RF_miRNA,4,bta-miR-181a_st,0.0009018859982835136
RF_miRNA,4,bta-miR-195_st,0.0025268325598083717
RF_miRNA,4,bta-miR-19b_st,0.0005384217397947903
RF_miRNA,4,bta-miR-222_st,0.0016523419540134382
RF_miRNA,4,bta-miR-361_st,0.0033443549630267962
RF_miRNA,4,bta-miR-379_st,0.00763684057672381
RF_miRNA,4,bta-miR-382_st,0.0020284214681422813
RF_miRNA,4,bta-miR-432_st,0.005523355638009683
RF_miRNA,4,bta-miR-487b_st,0.0022384696620583715
RF_miRNA,4,bta-miR-493_st,0.002923587705985232
RF_miRNA,4,bta-miR-494_st,0.00022476190476190466
RF_miRNA,4,cfa-miR-127_st,0.01892200801643176
RF_miRNA,4,cfa-miR-134_st,0.003457171900987493
RF_miRNA,4,cfa-miR-140_st,0.00310316028348923
RF_miRNA,4,cfa-miR-152_st,0.00016326096211153677
RF_miRNA,4,cfa-miR-181a_st,0.0006312097423510467
RF_miRNA,4,cfa-miR-195_st,0.0031746458937996604
RF_miRNA,4,cfa-miR-19b_st,0.0005408240408240407
RF_miRNA,4,cfa-miR-21_st,0.0013987042905699591
RF_miRNA,4,cfa-miR-222_st,0.0024680848865253524
RF_miRNA,4,cfa-miR-361_st,0.0026721775001558863
RF_miRNA,4,cfa-miR-379_st,0.00026607843137254917
RF_miRNA,4,cfa-miR-432_st,0.0003910468353067973
RF_miRNA,4,cfa-miR-487b_st,0.0009237693245265116
RF_miRNA,4,cgr-miR-21_st,0.0007928457396037047
RF_miRNA,4,cin-miR-4020b-5p_st,0.0012043289817339356
RF_miRNA,4,cre-miR1171_st,0.006703643070615021
RF_miRNA,4,dre-miR-126b-star_st,0.0011355311355311355
RF_miRNA,4,dre-miR-140-star_st,0.003118612739454062
RF_miRNA,4,dre-miR-181a_st,0.0009933317997086115
RF_miRNA,4,dre-miR-19b_st,0.00043727820083630704
RF_miRNA,4,dre-miR-222_st,0.016060514854372817
RF_miRNA,4,dsi-miR-999-star_st,0.0014426350965132126
RF_miRNA,4,eca-miR-127_st,0.014227590086496641
RF_miRNA,4,eca-miR-134_st,0.0014957623939561204
RF_miRNA,4,eca-miR-140-3p_st,0.0
RF_miRNA,4,eca-miR-181a_st,0.00038748697135738297
RF_miRNA,4,eca-miR-195_st,0.004532434897966414
RF_miRNA,4,eca-miR-19a_st,0.0004181992337164751
RF_miRNA,4,eca-miR-222_st,0.0016866058870300253
RF_miRNA,4,eca-miR-324-3p_st,0.0054389556340607
RF_miRNA,4,eca-miR-379_st,0.0112132468508192
RF_miRNA,4,eca-miR-409-3p_st,0.0141173700161449
RF_miRNA,4,eca-miR-432_st,0.008196387337801002
RF_miRNA,4,eca-miR-487b_st,0.002182290499276859
RF_miRNA,4,ENSG00000238368_st,0.0019389220379625682
RF_miRNA,4,fru-miR-181a_st,0.0006832410368829806
RF_miRNA,4,fru-miR-19a_st,0.0009356422569027609
RF_miRNA,4,fru-miR-19b_st,0.00026600106915194055
RF_miRNA,4,fru-miR-222_st,0.019169727110588067
RF_miRNA,4,gga-miR-140-star_st,0.0015383973306005185
RF_miRNA,4,gga-miR-146b_st,0.0
RF_miRNA,4,gga-miR-181a_st,0.0
RF_miRNA,4,gga-miR-19b_st,0.00027381927381927386
RF_miRNA,4,gga-miR-21_st,0.00026127214170692435
RF_miRNA,4,gga-miR-222_st,0.008899339683483394
RF_miRNA,4,ggo-miR-134_st,0.005198724488328523
RF_miRNA,4,ggo-miR-181a_st,0.0005053511550676274
RF_miRNA,4,ggo-miR-195_st,0.00012239607843137247
RF_miRNA,4,ggo-miR-19b_st,0.0006303262681590855
RF_miRNA,4,ggo-miR-20_st,0.00709118725010482
RF_miRNA,4,ggo-miR-21_st,0.0026768021731589093
RF_miRNA,4,ggo-miR-25_st,0.0016654012243970426
RF_miRNA,4,hp_hsa-mir-3159_st,0.0006857616441574464
RF_miRNA,4,hp_hsa-mir-4263_st,0.0005241265007394039
RF_miRNA,4,hsa-miR-127-3p_st,0.013258112905521568
RF_miRNA,4,hsa-miR-134_st,0.00027285920521883094
RF_miRNA,4,hsa-miR-140-3p_st,0.0004061039103189975
RF_miRNA,4,hsa-miR-1469_st,0.0021608802023203233
RF_miRNA,4,hsa-miR-181a_st,0.0004069356630211894
RF_miRNA,4,hsa-miR-195_st,0.0003737904515893133
RF_miRNA,4,hsa-miR-19b_st,0.0003441100230414746
RF_miRNA,4,hsa-miR-21_st,0.0015508505724301052
RF_miRNA,4,hsa-miR-222_st,0.0011721363139731258
RF_miRNA,4,hsa-miR-23a-star_st,0.0031334195631014684
RF_miRNA,4,hsa-miR-27a-star_st,0.002917369348723999
RF_miRNA,4,hsa-miR-361-5p_st,0.003627492567700995
RF_miRNA,4,hsa-miR-379_st,0.0034006278579807995
RF_miRNA,4,hsa-miR-382_st,0.005549696116380325
RF_miRNA,4,hsa-miR-409-3p_st,0.00870609510153809
RF_miRNA,4,hsa-miR-432_st,0.0005038767115237703
RF_miRNA,4,hsa-miR-485-5p_st,0.013262807730258959
RF_miRNA,4,hsa-miR-487b_st,0.006740501689172598
RF_miRNA,4,hsa-miR-494_st,0.0001334841628959277
RF_miRNA,4,hsa-miR-503_st,0.004228558588559096
RF_miRNA,4,hsa-miR-663_st,0.0063898233431173524
RF_miRNA,4,hsv2-miR-H5_st,0.0012591831818612002
RF_miRNA,4,lca-miR-19a_st,0.0001348571428571429
RF_miRNA,4,lca-miR-19b_st,0.0010419515922867131
RF_miRNA,4,lca-miR-20_st,0.003945657533649905
RF_miRNA,4,lla-miR-127_st,0.011844643256699471
RF_miRNA,4,lla-miR-181a_st,0.001612085060001727
RF_miRNA,4,lla-miR-19a_st,0.00013646258503401362
RF_miRNA,4,lla-miR-20_st,0.006003448836000431
RF_miRNA,4,mdo-miR-152_st,0.0035886983370329003
RF_miRNA,4,mdo-miR-181a_st,0.00035572196620583716
RF_miRNA,4,mdo-miR-181c_st,0.0005190420866891456
RF_miRNA,4,mdo-miR-19b_st,0.0050500175262052195
RF_miRNA,4,mdo-miR-21_st,0.008542661630086814
RF_miRNA,4,mdo-miR-222a_st,0.011098214857108017
RF_miRNA,4,mml-miR-127_st,0.008332445207094915
RF_miRNA,4,mml-miR-134_st,0.000666188926834088
RF_miRNA,4,mml-miR-152_st,0.00026023944549464394
RF_miRNA,4,mml-miR-181a_st,0.00041371951219512204
RF_miRNA,4,mml-miR-195_st,0.0013407991723781193
RF_miRNA,4,mml-miR-19b_st,0.0006271990896459279
RF_miRNA,4,mml-miR-20a_st,0.0011765601796174382
RF_miRNA,4,mml-miR-21_st,0.004218101944833532
RF_miRNA,4,mml-miR-222_st,0.0010011887383953768
RF_miRNA,4,mml-miR-361-5p_st,0.0030697245659256876
RF_miRNA,4,mml-miR-379_st,0.009244228670767447
RF_miRNA,4,mml-miR-409-3p_st,0.0035440751161421183
RF_miRNA,4,mml-miR-432_st,0.00038654486708934456
RF_miRNA,4,mml-miR-487b_st,0.009636069325469072
RF_miRNA,4,mml-miR-503_st,0.001181640110583817
RF_miRNA,4,mml-miR-663_st,0.0020308988542365775
RF_miRNA,4,mmu-miR-127_st,0.005005759265191903
RF_miRNA,4,mmu-miR-134_st,0.0006943590640765163
RF_miRNA,4,mmu-miR-140-star_st,0.000136344537815126
RF_miRNA,4,mmu-miR-152_st,0.0005057906314699794
RF_miRNA,4,mmu-miR-181a_st,0.0015428935723053373
RF_miRNA,4,mmu-miR-195_st,0.0
RF_miRNA,4,mmu-miR-19b_st,0.001988928029851513
RF_miRNA,4,mmu-miR-2132_st,0.0024671831846175794
RF_miRNA,4,mmu-miR-21_st,0.0001065943992773261
RF_miRNA,4,mmu-miR-222_st,0.000405316538098493
RF_miRNA,4,mmu-miR-361_st,0.0013344851791063982
RF_miRNA,4,mmu-miR-379_st,0.004096684244000168
RF_miRNA,4,mmu-miR-382_st,0.0047908250123304364
RF_miRNA,4,mmu-miR-409-3p_st,0.0034968563132699755
RF_miRNA,4,mmu-miR-487b_st,0.018445336142073727
RF_miRNA,4,mne-miR-127_st,0.0011163670004605628
RF_miRNA,4,mne-miR-134_st,0.002116168778636652
RF_miRNA,4,mne-miR-181a_st,0.0
RF_miRNA,4,mne-miR-19b_st,0.0021354237532015307
RF_miRNA,4,mne-miR-20_st,0.0031294901666628428
RF_miRNA,4,mne-miR-25_st,0.0013934664182635786
RF_miRNA,4,oan-miR-181a_st,0.00013230613425925929
RF_miRNA,4,oan-miR-19a_st,0.002052748153677364
RF_miRNA,4,oan-miR-19b_st,0.0006541254110632102
RF_miRNA,4,oan-miR-20a_st,0.0011123545549143886
RF_miRNA,4,oan-miR-21_st,0.0006088035527690701
RF_miRNA,4,oan-miR-222a_st,0.004547598352930993
RF_miRNA,4,oar-miR-127_st,0.011876439812264519
RF_miRNA,4,oar-miR-432_st,0.0
RF_miRNA,4,peu-miR2911_st,0.0014204599783757476
RF_miRNA,4,ppa-miR-134_st,0.02486285532177188
RF_miRNA,4,ppa-miR-181a_st,0.003100080626618706
RF_miRNA,4,ppa-miR-195_st,0.001015459752139069
RF_miRNA,4,ppa-miR-19a_st,0.0
RF_miRNA,4,ppa-miR-19b_st,0.002408079047564808
RF_miRNA,4,ppa-miR-20_st,0.005600636113249338
RF_miRNA,4,ppa-miR-21_st,0.0006606864541909061
RF_miRNA,4,ppa-miR-25_st,0.0013684710542567302
RF_miRNA,4,ppy-miR-127_st,0.022975226997714957
RF_miRNA,4,ppy-miR-134_st,0.004958078582407296
RF_miRNA,4,ppy-miR-140-3p_st,0.0008744820929564894
RF_miRNA,4,ppy-miR-1469_st,0.0006505650433282014
RF_miRNA,4,ppy-miR-181a_st,0.0005230489824239824
RF_miRNA,4,ppy-miR-195_st,0.002203074324067171
RF_miRNA,4,ppy-miR-20_st,0.004209209923415679
RF_miRNA,4,ppy-miR-21_st,0.0032081727544739035
RF_miRNA,4,ppy-miR-222_st,0.005854912978429084
RF_miRNA,4,ppy-miR-361-5p_st,0.00208544624706099
RF_miRNA,4,ppy-miR-379_st,0.004606864989585578
RF_miRNA,4,ppy-miR-409-3p_st,0.01675251806143007
RF_miRNA,4,ppy-miR-432_st,0.0016300940438871473
RF_miRNA,4,ppy-miR-485-5p_st,0.0005686373521739376
RF_miRNA,4,ppy-miR-487b_st,0.0034957157947354024
RF_miRNA,4,ppy-miR-494_st,0.00025482127952223654
RF_miRNA,4,ppy-miR-503_st,0.0012529013924410344
RF_miRNA,4,ptr-miR-127_st,0.001694351741302961
RF_miRNA,4,ptr-miR-134_st,0.0
RF_miRNA,4,ptr-miR-181a_st,0.0002543103448275861
RF_miRNA,4,ptr-miR-195_st,0.0048193910297035574
RF_miRNA,4,ptr-miR-19b_st,0.00013108953258722842
RF_miRNA,4,ptr-miR-20a_st,0.003385548670467627
RF_miRNA,4,ptr-miR-21_st,0.0018599234089142001
RF_miRNA,4,ptr-miR-345_st,0.0008515632517722513
RF_miRNA,4,ptr-miR-379_st,0.001419211062035085
RF_miRNA,4,ptr-miR-382_st,0.04796705872955288
RF_miRNA,4,ptr-miR-409_st,0.004384659674301618
RF_miRNA,4,ptr-miR-432_st,0.0017445887445887444
RF_miRNA,4,ptr-miR-487b_st,0.0
RF_miRNA,4,ptr-miR-494_st,0.00040066000865439844
RF_miRNA,4,ptr-miR-503_st,0.0020578936845587884
RF_miRNA,4,ptr-miR-663a_st,0.0006550190832249059
RF_miRNA,4,rno-miR-127_st,0.01471514423980811
RF_miRNA,4,rno-miR-134_st,0.0039038860594930607
RF_miRNA,4,rno-miR-140-star_st,0.00026717584211103794
RF_miRNA,4,rno-miR-152_st,0.0035031313615677727
RF_miRNA,4,rno-miR-181a_st,0.0002462950441990333
RF_miRNA,4,rno-miR-195_st,0.0008279413630911687
RF_miRNA,4,rno-miR-19b_st,0.0018336127080088435
RF_miRNA,4,rno-miR-21_st,0.018175074089543792
RF_miRNA,4,rno-miR-222_st,0.0004010134490191496
RF_miRNA,4,rno-miR-23a-star_st,0.0062486507863586315
RF_miRNA,4,rno-miR-29a_st,0.00229505535378408
RF_miRNA,4,rno-miR-361_st,0.0018488369160362824
RF_miRNA,4,rno-miR-379_st,0.005567793702187663
RF_miRNA,4,rno-miR-382_st,0.0043269257149996946
RF_miRNA,4,rno-miR-487b_st,0.003986311320396727
RF_miRNA,4,sla-miR-127_st,0.052843736618272345
RF_miRNA,4,sla-miR-181a_st,0.0006646822897919232
RF_miRNA,4,sla-miR-19b_st,0.00013108953258722842
RF_miRNA,4,sla-miR-20_st,0.0029361381203316687
RF_miRNA,4,spike_in-control-31_st,0.0027919307761476325
RF_miRNA,4,ssc-miR-127_st,0.014982956808061356
RF_miRNA,4,ssc-miR-140-star_st,0.0006562752835629819
RF_miRNA,4,ssc-miR-152_st,0.0011361811877771005
RF_miRNA,4,ssc-miR-181a_st,0.0006075544433297137
RF_miRNA,4,ssc-miR-195_st,0.0
RF_miRNA,4,ssc-miR-19b_st,0.0005047723534406664
RF_miRNA,4,ssc-miR-20_st,0.007386745850561396
RF_miRNA,4,ssc-miR-21_st,0.0024564549858731963
RF_miRNA,4,ssc-miR-222_st,0.0220388567759172
RF_miRNA,4,ssc-miR-361-5p_st,0.0033633055048427844
RF_miRNA,4,ssc-miR-432_st,0.0005280104173384804
RF_miRNA,4,tgu-miR-140-star_st,0.001570512207970402
RF_miRNA,4,tgu-miR-181a_st,0.0
RF_miRNA,4,tgu-miR-19b_st,0.0005009184587813621
RF_miRNA,4,tgu-miR-21_st,0.0022304592773789178
RF_miRNA,4,tgu-miR-222_st,0.016286171190435458
RF_miRNA,4,tgu-miR-34a_st,0.002300869622790711
RF_miRNA,4,tni-miR-181a_st,0.00028598707403055233
RF_miRNA,4,tni-miR-19b_st,0.0005982934080194927
RF_miRNA,4,tni-miR-222_st,0.007424323242867808
RF_miRNA,4,tni-miR-25_st,0.0006314820367326286
RF_miRNA,4,xla-miR-19b_st,0.00039810318123905075
RF_miRNA,4,xtr-miR-181a_st,0.0
RF_miRNA,4,xtr-miR-222_st,0.012983077841683047
RF_miRNA,5,14qII-14_st,0.00336273964976011
RF_miRNA,5,14qII-14_x_st,0.01350961937442233
RF_miRNA,5,14qII-1_st,0.0063336093275065015
RF_miRNA,5,14qII-1_x_st,0.010039059513287776
RF_miRNA,5,14qII-22_x_st,0.0015913358725918492
RF_miRNA,5,14qII-23_x_st,0.0030360316288003484
RF_miRNA,5,14qII-26_st,0.0080723396385375
RF_miRNA,5,14qII-26_x_st,0.00999902618991607
RF_miRNA,5,14qII-3_st,0.0021181970870941457
RF_miRNA,5,14qII-3_x_st,0.00037572954263608927
RF_miRNA,5,age-miR-127_st,0.02650854613045692
RF_miRNA,5,age-miR-20_st,0.004871999117233293
RF_miRNA,5,age-miR-21_st,0.0016139265829750802
RF_miRNA,5,age-miR-222_st,0.004269876414875273
RF_miRNA,5,bfl-miR-2061_st,0.002382378592126506
RF_miRNA,5,bta-miR-127_st,0.017552519069266803
RF_miRNA,5,bta-miR-146b_st,0.006990244772641398
RF_miRNA,5,bta-miR-152_st,0.00025708061002178653
RF_miRNA,5,bta-miR-181a_st,0.002410007296624944
RF_miRNA,5,bta-miR-191_st,0.00046120773890951733
RF_miRNA,5,bta-miR-195_st,0.0026646151728076423
RF_miRNA,5,bta-miR-21_st,0.0
RF_miRNA,5,bta-miR-222_st,0.0025313181602521265
RF_miRNA,5,bta-miR-25_st,0.0008907265034661077
RF_miRNA,5,bta-miR-361_st,0.0026273423719992825
RF_miRNA,5,bta-miR-379_st,0.01962277496322516
RF_miRNA,5,bta-miR-382_st,0.002450180245795589
RF_miRNA,5,bta-miR-432_st,0.0002554112554112554
RF_miRNA,5,bta-miR-485_st,0.0
RF_miRNA,5,bta-miR-487b_st,0.001611689619336678
RF_miRNA,5,bta-miR-493_st,0.0017106550169894567
RF_miRNA,5,bta-miR-494_st,0.0
RF_miRNA,5,cfa-miR-127_st,0.0333934431359678
RF_miRNA,5,cfa-miR-134_st,0.003180154039530829
RF_miRNA,5,cfa-miR-152_st,0.0028088245900506977
RF_miRNA,5,cfa-miR-181a_st,0.0018974825381775557
RF_miRNA,5,cfa-miR-191_st,0.0007713273556696892
RF_miRNA,5,cfa-miR-195_st,0.0017578378381725064
RF_miRNA,5,cfa-miR-19b_st,0.0005675223969929852
RF_miRNA,5,cfa-miR-21_st,0.0014808875533446613
RF_miRNA,5,cfa-miR-222_st,0.0017863949361724668
RF_miRNA,5,cfa-miR-25_st,0.0007653646262992906
RF_miRNA,5,cfa-miR-27a_st,0.0012370813685178782
RF_miRNA,5,cfa-miR-361_st,0.0015078042561357803
RF_miRNA,5,cfa-miR-379_st,0.00882082338249599
RF_miRNA,5,cfa-miR-432_st,0.0022469132285969544
RF_miRNA,5,cfa-miR-487b_st,0.004496638447661265
RF_miRNA,5,cgr-miR-21_st,0.001657043015839312
RF_miRNA,5,cin-miR-4009b-3p_st,0.00011400966183574876
RF_miRNA,5,cin-miR-4020b-5p_st,0.005240238351210429
RF_miRNA,5,cre-miR1144b_st,0.0011748989791180147
RF_miRNA,5,cre-miR1171_st,0.0005450510897323581
RF_miRNA,5,dre-miR-140-star_st,0.00027714378474006973
RF_miRNA,5,dre-miR-181a_st,0.00013169642857142856
RF_miRNA,5,dre-miR-181c_st,0.0001296703296703297
RF_miRNA,5,dre-miR-222_st,0.002798458150287419
RF_miRNA,5,dsi-miR-999-star_st,0.0004279629533820237
RF_miRNA,5,eca-miR-127_st,0.012744390187113352
RF_miRNA,5,eca-miR-134_st,0.0015043926506332524
RF_miRNA,5,eca-miR-181a_st,0.0016333680404966877
RF_miRNA,5,eca-miR-195_st,0.0021627370178513602
RF_miRNA,5,eca-miR-19a_st,0.0019119505450871622
RF_miRNA,5,eca-miR-21_st,0.002130883487654321
RF_miRNA,5,eca-miR-222_st,0.0016181069698467622
RF_miRNA,5,eca-miR-324-3p_st,0.005525759922676572
RF_miRNA,5,eca-miR-361-5p_st,0.0014236697426097036
RF_miRNA,5,eca-miR-379_st,0.015879059202696236
RF_miRNA,5,eca-miR-409-3p_st,0.006416822430643104
RF_miRNA,5,eca-miR-432_st,0.00013063607085346218
RF_miRNA,5,eca-miR-487b_st,0.016602940525369023
RF_miRNA,5,eca-miR-494_st,0.00010243055555555559
RF_miRNA,5,ENSG00000238368_st,0.00026489795918367335
RF_miRNA,5,fru-miR-181a_st,0.0019501806549867492
RF_miRNA,5,fru-miR-222_st,0.004290551113455948
RF_miRNA,5,gga-miR-140-star_st,0.0
RF_miRNA,5,gga-miR-146b_st,0.0
RF_miRNA,5,gga-miR-181a_st,0.0007331243929405694
RF_miRNA,5,gga-miR-21_st,0.0013418845801112882
RF_miRNA,5,gga-miR-222_st,0.007133769576102074
RF_miRNA,5,ggo-miR-105_st,0.0012553033342352336
RF_miRNA,5,ggo-miR-134_st,0.0022565407129125263
RF_miRNA,5,ggo-miR-181a_st,0.0017003174603174604
RF_miRNA,5,ggo-miR-195_st,0.0016180280250995553
RF_miRNA,5,ggo-miR-20_st,0.005210757996910187
RF_miRNA,5,ggo-miR-21_st,0.0028082146077657347
RF_miRNA,5,ggo-miR-25_st,0.0016127350831746398
RF_miRNA,5,hp_hsa-mir-4263_st,0.0029405162738496077
RF_miRNA,5,hsa-miR-127-3p_st,0.007089731441802773
RF_miRNA,5,hsa-miR-134_st,0.00011400966183574876
RF_miRNA,5,hsa-miR-140-3p_st,0.0006405221337419504
RF_miRNA,5,hsa-miR-1469_st,0.00013323135198135198
RF_miRNA,5,hsa-miR-181a_st,0.004480471345206482
RF_miRNA,5,hsa-miR-195_st,0.0
RF_miRNA,5,hsa-miR-21_st,0.003005876117545311
RF_miRNA,5,hsa-miR-222_st,0.002015403730479986
RF_miRNA,5,hsa-miR-23a-star_st,0.0012959986288957478
RF_miRNA,5,hsa-miR-27a-star_st,0.0015279886305964495
RF_miRNA,5,hsa-miR-361-5p_st,0.0022538069128422867
RF_miRNA,5,hsa-miR-379_st,0.006319832123873545
RF_miRNA,5,hsa-miR-382_st,0.0
RF_miRNA,5,hsa-miR-409-3p_st,0.0030165040784832452
RF_miRNA,5,hsa-miR-411_st,0.0010622910438635406
RF_miRNA,5,hsa-miR-432_st,0.003208810919901979
RF_miRNA,5,hsa-miR-485-5p_st,0.0053477492342086635
RF_miRNA,5,hsa-miR-487b_st,0.01979843336523542
RF_miRNA,5,hsa-miR-663_st,0.0033684037103465783
RF_miRNA,5,hsv2-miR-H5_st,0.001094429628870412
RF_miRNA,5,lca-miR-19a_st,0.0018815806309726716
RF_miRNA,5,lca-miR-20_st,0.0037309602490502463
RF_miRNA,5,lla-miR-127_st,0.017866057303089627
RF_miRNA,5,lla-miR-181a_st,0.00034602591036414563
RF_miRNA,5,lla-miR-19a_st,0.0014909784659784659
RF_miRNA,5,lla-miR-20_st,0.006587195678744716
RF_miRNA,5,mdo-miR-152_st,0.0
RF_miRNA,5,mdo-miR-181a_st,0.0002674177970831614
RF_miRNA,5,mdo-miR-181c_st,0.000654504849010324
RF_miRNA,5,mdo-miR-21_st,0.0027747838006520194
RF_miRNA,5,mdo-miR-222a_st,0.0077782214143066655
RF_miRNA,5,mml-miR-125a-3p_st,0.0020605132464420564
RF_miRNA,5,mml-miR-127_st,0.02091145380910458
RF_miRNA,5,mml-miR-134_st,0.000253763440860215
RF_miRNA,5,mml-miR-152_st,0.00014371794871794868
RF_miRNA,5,mml-miR-181a_st,0.0027024116683176
RF_miRNA,5,mml-miR-18_st,0.0001329448329448329
RF_miRNA,5,mml-miR-195_st,0.0
RF_miRNA,5,mml-miR-20a_st,0.00504306205339301
RF_miRNA,5,mml-miR-21_st,0.0034847875681695718
RF_miRNA,5,mml-miR-222_st,0.0013036021259623745
RF_miRNA,5,mml-miR-361-5p_st,0.001980979139857421
RF_miRNA,5,mml-miR-379_st,0.009900221703942776
RF_miRNA,5,mml-miR-382_st,0.00014730094466936558
RF_miRNA,5,mml-miR-409-3p_st,0.006110551778296323
RF_miRNA,5,mml-miR-432_st,0.0009616107263166089
RF_miRNA,5,mml-miR-487b_st,0.01414644823453578
RF_miRNA,5,mml-miR-494_st,0.00013243546576879902
RF_miRNA,5,mml-miR-503_st,0.0011414319233217138
RF_miRNA,5,mml-miR-548a_st,0.001442100479588711
RF_miRNA,5,mml-miR-663_st,0.0020884742795370813
RF_miRNA,5,mmu-miR-127_st,0.02606157032410808
RF_miRNA,5,mmu-miR-134_st,0.004735239383109566
RF_miRNA,5,mmu-miR-140-star_st,0.0007900819074241231
RF_miRNA,5,mmu-miR-152_st,0.0021182521705923802
RF_miRNA,5,mmu-miR-181a_st,0.0018791738180683414
RF_miRNA,5,mmu-miR-18a-star_st,0.0009781978193694216
RF_miRNA,5,mmu-miR-195_st,0.00038894523326572
RF_miRNA,5,mmu-miR-2132_st,0.0024791320185914303
RF_miRNA,5,mmu-miR-2137_st,0.0005055676007012761
RF_miRNA,5,mmu-miR-21_st,0.00439111678124166
RF_miRNA,5,mmu-miR-222_st,0.0019642033553361423
RF_miRNA,5,mmu-miR-27a-star_st,0.0002861218085865068
RF_miRNA,5,mmu-miR-361_st,0.00245400813595886
RF_miRNA,5,mmu-miR-379_st,0.0030669393371599253
RF_miRNA,5,mmu-miR-382_st,0.006433035859232625
RF_miRNA,5,mmu-miR-409-3p_st,0.0001438731965047756
RF_miRNA,5,mmu-miR-487b_st,0.010152059395433984
RF_miRNA,5,mne-miR-127_st,0.004784670368840313
RF_miRNA,5,mne-miR-134_st,0.009407821159203104
RF_miRNA,5,mne-miR-181a_st,0.005020576571332628
RF_miRNA,5,mne-miR-20_st,0.0016061673341120572
RF_miRNA,5,mne-miR-21_st,0.0021703678539580318
RF_miRNA,5,mne-miR-25_st,0.0005110371727038393
RF_miRNA,5,oan-miR-106_st,0.001078269146940305
RF_miRNA,5,oan-miR-181a_st,0.0
RF_miRNA,5,oan-miR-191_st,0.0005819710998877667
RF_miRNA,5,oan-miR-19b_st,0.0008698680250433983
RF_miRNA,5,oan-miR-20a_st,0.0007180373330761905
RF_miRNA,5,oan-miR-21_st,0.0020443937521106605
RF_miRNA,5,oan-miR-222a_st,0.00276105112303651
RF_miRNA,5,oar-miR-127_st,0.03197911292170363
RF_miRNA,5,oar-miR-432_st,0.0
RF_miRNA,5,peu-miR2911_st,0.0
RF_miRNA,5,ppa-miR-134_st,0.022252410687157147
RF_miRNA,5,ppa-miR-181a_st,0.0015885967221607013
RF_miRNA,5,ppa-miR-195_st,0.0006482280115003228
RF_miRNA,5,ppa-miR-19a_st,0.0005445114136910146
RF_miRNA,5,ppa-miR-20_st,0.003995762668183413
RF_miRNA,5,ppa-miR-21_st,0.002427287431130158
RF_miRNA,5,ppc-miR-2248_st,0.0008858314127275482
RF_miRNA,5,ppy-miR-127_st,0.02283625635375122
RF_miRNA,5,ppy-miR-134_st,0.002067434049271072
RF_miRNA,5,ppy-miR-140-3p_st,0.00024152076424803704
RF_miRNA,5,ppy-miR-1469_st,0.004410288656049973
RF_miRNA,5,ppy-miR-181a_st,0.0004946230738543264
RF_miRNA,5,ppy-miR-1915_st,0.0022663455204959783
RF_miRNA,5,ppy-miR-195_st,0.0011387569818295314
RF_miRNA,5,ppy-miR-20_st,0.0072284107752983145
RF_miRNA,5,ppy-miR-21_st,0.005006539580688445
RF_miRNA,5,ppy-miR-222_st,0.00360841933177176
RF_miRNA,5,ppy-miR-25_st,0.001109830402811925
RF_miRNA,5,ppy-miR-361-5p_st,0.004657446125839231
RF_miRNA,5,ppy-miR-379_st,0.008422191095963887
RF_miRNA,5,ppy-miR-409-3p_st,0.001811285916962765
RF_miRNA,5,ppy-miR-432_st,0.0032585695931502613
RF_miRNA,5,ppy-miR-487b_st,0.0
RF_miRNA,5,ppy-miR-494_st,0.00013108953258722842
RF_miRNA,5,ptr-miR-125a_st,0.0001348571428571428
RF_miRNA,5,ptr-miR-127_st,0.00026540493313312774
RF_miRNA,5,ptr-miR-134_st,0.0
RF_miRNA,5,ptr-miR-181a_st,0.00047596638655462195
RF_miRNA,5,ptr-miR-195_st,0.006012835118673591
RF_miRNA,5,ptr-miR-20a_st,0.001702299070911175
RF_miRNA,5,ptr-miR-21_st,0.0036712455444160752
RF_miRNA,5,ptr-miR-323_st,0.0006602557952557952
RF_miRNA,5,ptr-miR-379_st,0.002013733068018172
RF_miRNA,5,ptr-miR-382_st,0.04689350136846266
RF_miRNA,5,ptr-miR-409_st,0.0015325646575646574
RF_miRNA,5,ptr-miR-432_st,0.00013855340848094476
RF_miRNA,5,ptr-miR-487b_st,0.00012495624168592031
RF_miRNA,5,ptr-miR-494_st,0.0
RF_miRNA,5,ptr-miR-503_st,0.0016150115994454544
RF_miRNA,5,ptr-miR-548a_st,0.00026442577030812327
RF_miRNA,5,ptr-miR-663a_st,0.0025950186803132113
RF_miRNA,5,rno-miR-127_st,0.028522127907884175
RF_miRNA,5,rno-miR-134_st,0.0016276905425650944
RF_miRNA,5,rno-miR-146b_st,0.008141638437766061
RF_miRNA,5,rno-miR-181a_st,0.0006274145778049324
RF_miRNA,5,rno-miR-195_st,0.0014295478719839121
RF_miRNA,5,rno-miR-21_st,0.009084711386533556
RF_miRNA,5,rno-miR-222_st,0.0017769957640925383
RF_miRNA,5,rno-miR-23a-star_st,0.0001232247284878864
RF_miRNA,5,rno-miR-27a-star_st,0.00025376344086021514
RF_miRNA,5,rno-miR-29a_st,0.0014133611123494493
RF_miRNA,5,rno-miR-361_st,0.004462782510637672
RF_miRNA,5,rno-miR-379_st,0.008876687142205306
RF_miRNA,5,rno-miR-382_st,0.001327429871373837
RF_miRNA,5,rno-miR-487b_st,0.006700010466891468
RF_miRNA,5,rno-miR-494_st,0.0015353164710761437
RF_miRNA,5,sla-miR-127_st,0.017957040268050943
RF_miRNA,5,sla-miR-181a_st,0.0023830141829557193
RF_miRNA,5,sla-miR-20_st,0.0014195376106011404
RF_miRNA,5,spike_in-control-31_st,0.0017474127570924903
RF_miRNA,5,ssc-miR-127_st,0.014483306435394605
RF_miRNA,5,ssc-miR-152_st,0.0006238169124992654
RF_miRNA,5,ssc-miR-181a_st,0.0005262131211180124
RF_miRNA,5,ssc-miR-195_st,0.0006719183889772127
RF_miRNA,5,ssc-miR-20_st,0.014836476922710416
RF_miRNA,5,ssc-miR-21_st,0.00038970814132104455
RF_miRNA,5,ssc-miR-222_st,0.003387302188156889
RF_miRNA,5,ssc-miR-361-5p_st,0.0020825393004729755
RF_miRNA,5,ssc-miR-432_st,0.0006187888853124592
RF_miRNA,5,tgu-miR-140-star_st,0.0002700581527418108
RF_miRNA,5,tgu-miR-181a_st,0.00045747664804337765
RF_miRNA,5,tgu-miR-21_st,0.001719838364043085
RF_miRNA,5,tgu-miR-222_st,0.01339296873966248
RF_miRNA,5,tni-miR-181a_st,0.0
RF_miRNA,5,tni-miR-222_st,0.006988080732546619
RF_miRNA,5,tni-miR-25_st,0.0010985321856289598
RF_miRNA,5,xtr-miR-181a_st,0.0005382425137029367
RF_miRNA,5,xtr-miR-191_st,0.001623895270167914
RF_miRNA,5,xtr-miR-222_st,0.007910142606466134
