Model,Accuracy,ROC_AUC
LogReg_Gene,1.0,1.0
LogReg_miRNA,0.9333333333333333,1.0
RF_Gene,1.0,1.0
RF_miRNA,0.9333333333333333,0.9999999999999999
